-- MySQL dump 10.13  Distrib 5.7.26, for Linux (x86_64)
--
-- Host: localhost    Database: except_wagtail
-- ------------------------------------------------------
-- Server version	5.7.26-0ubuntu0.18.10.1

/*!40101 SET @OLD_CHARACTER_SET_CLIENT=@@CHARACTER_SET_CLIENT */;
/*!40101 SET @OLD_CHARACTER_SET_RESULTS=@@CHARACTER_SET_RESULTS */;
/*!40101 SET @OLD_COLLATION_CONNECTION=@@COLLATION_CONNECTION */;
/*!40101 SET NAMES utf8 */;
/*!40103 SET @OLD_TIME_ZONE=@@TIME_ZONE */;
/*!40103 SET TIME_ZONE='+00:00' */;
/*!40014 SET @OLD_UNIQUE_CHECKS=@@UNIQUE_CHECKS, UNIQUE_CHECKS=0 */;
/*!40014 SET @OLD_FOREIGN_KEY_CHECKS=@@FOREIGN_KEY_CHECKS, FOREIGN_KEY_CHECKS=0 */;
/*!40101 SET @OLD_SQL_MODE=@@SQL_MODE, SQL_MODE='NO_AUTO_VALUE_ON_ZERO' */;
/*!40111 SET @OLD_SQL_NOTES=@@SQL_NOTES, SQL_NOTES=0 */;

--
-- Table structure for table `about_aboutpage`
--

DROP TABLE IF EXISTS `about_aboutpage`;
/*!40101 SET @saved_cs_client     = @@character_set_client */;
/*!40101 SET character_set_client = utf8 */;
CREATE TABLE `about_aboutpage` (
  `page_ptr_id` int(11) NOT NULL,
  `hero_image` varchar(100) DEFAULT NULL,
  `hero_title` varchar(255) DEFAULT NULL,
  `hero_subtitle` varchar(255) DEFAULT NULL,
  `except_introduction` longtext NOT NULL,
  `team_introduction` longtext NOT NULL,
  `collaboration_introduction` longtext NOT NULL,
  `navbar_inverted` tinyint(1) DEFAULT NULL,
  `navbar_transparent` tinyint(1) DEFAULT NULL,
  `hero_subtitle_nl` varchar(255) DEFAULT NULL,
  `hero_title_nl` varchar(255) DEFAULT NULL,
  `hero_subtitle_en` varchar(255) DEFAULT NULL,
  `hero_title_en` varchar(255) DEFAULT NULL,
  `collaboration_introduction_en` longtext,
  `collaboration_introduction_nl` longtext,
  `except_introduction_en` longtext,
  `except_introduction_nl` longtext,
  `team_introduction_en` longtext,
  `team_introduction_nl` longtext,
  PRIMARY KEY (`page_ptr_id`),
  CONSTRAINT `about_aboutpage_page_ptr_id_4b8dd3ec_fk_wagtailcore_page_id` FOREIGN KEY (`page_ptr_id`) REFERENCES `wagtailcore_page` (`id`)
) ENGINE=InnoDB DEFAULT CHARSET=latin1;
/*!40101 SET character_set_client = @saved_cs_client */;

--
-- Dumping data for table `about_aboutpage`
--

LOCK TABLES `about_aboutpage` WRITE;
/*!40000 ALTER TABLE `about_aboutpage` DISABLE KEYS */;
INSERT INTO `about_aboutpage` VALUES (12,'hero-about_YDaQjqj.jpg','Our Profile','Leading sustainability consultants & designers','Maecenas eu nibh dignissim, lobortis enim malesuada, pellentesque ex. Nullam scelerisque placerat nisl, sed fringilla orci accumsan sit amet. Phasellus vitae quam sem. Mauris elementum neque id lacus elementum pulvinar. Curabitur facilisis auctor ligula, vitae malesuada nunc congue sed. Fusce scelerisque euismod elit eget iaculis. Aliquam eu pellentesque tellus. Nullam in turpis vel tortor consectetur imperdiet ac eu dui. Donec pulvinar rutrum ex non ornare. Morbi maximus gravida ullamcorper. Nullam aliquam aliquet mattis. In at urna sagittis libero placerat accumsan. Integer viverra ac metus faucibus hendrerit. Curabitur odio mi, auctor ac sem in, hendrerit lobortis lorem.','<p>Ut est nulla, feugiat a augue at, pretium tempor nunc. Mauris ac lectus eu augue laoreet commodo. Curabitur vitae mi id massa varius efficitur at in arcu. Aliquam tempor arcu quis ipsum convallis, id facilisis eros posuere. Aenean vitae lobortis tortor, non dapibus massa. Morbi viverra, velit non iaculis ornare, dui nibh varius purus, eget vestibulum urna nibh quis orci. Praesent quis libero eu libero viverra hendrerit in eget erat. Praesent a purus non elit blandit hendrerit.</p>','<p>Ut est nulla, feugiat a augue at, pretium tempor nunc. Mauris ac lectus eu augue laoreet commodo. Curabitur vitae mi id massa varius efficitur at in arcu. Aliquam tempor arcu quis ipsum convallis, id facilisis eros posuere. Aenean vitae lobortis tortor, non dapibus massa. Morbi viverra, velit non iaculis ornare, dui nibh varius purus, eget vestibulum urna nibh quis orci. Praesent quis libero eu libero viverra hendrerit in eget erat. Praesent a purus non elit blandit hendrerit.</p>',0,0,'Leading sustainability consultants & designers','Our Profile','Leading sustainability consultants & designers','Our Profile','<p>Ut est nulla, feugiat a augue at, pretium tempor nunc. Mauris ac lectus eu augue laoreet commodo. Curabitur vitae mi id massa varius efficitur at in arcu. Aliquam tempor arcu quis ipsum convallis, id facilisis eros posuere. Aenean vitae lobortis tortor, non dapibus massa. Morbi viverra, velit non iaculis ornare, dui nibh varius purus, eget vestibulum urna nibh quis orci. Praesent quis libero eu libero viverra hendrerit in eget erat. Praesent a purus non elit blandit hendrerit.</p>','','Maecenas eu nibh dignissim, lobortis enim malesuada, pellentesque ex. Nullam scelerisque placerat nisl, sed fringilla orci accumsan sit amet. Phasellus vitae quam sem. Mauris elementum neque id lacus elementum pulvinar. Curabitur facilisis auctor ligula, vitae malesuada nunc congue sed. Fusce scelerisque euismod elit eget iaculis. Aliquam eu pellentesque tellus. Nullam in turpis vel tortor consectetur imperdiet ac eu dui. Donec pulvinar rutrum ex non ornare. Morbi maximus gravida ullamcorper. Nullam aliquam aliquet mattis. In at urna sagittis libero placerat accumsan. Integer viverra ac metus faucibus hendrerit. Curabitur odio mi, auctor ac sem in, hendrerit lobortis lorem.','','<p>Ut est nulla, feugiat a augue at, pretium tempor nunc. Mauris ac lectus eu augue laoreet commodo. Curabitur vitae mi id massa varius efficitur at in arcu. Aliquam tempor arcu quis ipsum convallis, id facilisis eros posuere. Aenean vitae lobortis tortor, non dapibus massa. Morbi viverra, velit non iaculis ornare, dui nibh varius purus, eget vestibulum urna nibh quis orci. Praesent quis libero eu libero viverra hendrerit in eget erat. Praesent a purus non elit blandit hendrerit.</p>','');
/*!40000 ALTER TABLE `about_aboutpage` ENABLE KEYS */;
UNLOCK TABLES;

--
-- Table structure for table `about_partner`
--

DROP TABLE IF EXISTS `about_partner`;
/*!40101 SET @saved_cs_client     = @@character_set_client */;
/*!40101 SET character_set_client = utf8 */;
CREATE TABLE `about_partner` (
  `id` int(11) NOT NULL AUTO_INCREMENT,
  `sort_order` int(11) DEFAULT NULL,
  `image` varchar(100) DEFAULT NULL,
  `company` varchar(255) DEFAULT NULL,
  PRIMARY KEY (`id`)
) ENGINE=InnoDB AUTO_INCREMENT=9 DEFAULT CHARSET=latin1;
/*!40101 SET character_set_client = @saved_cs_client */;

--
-- Dumping data for table `about_partner`
--

LOCK TABLES `about_partner` WRITE;
/*!40000 ALTER TABLE `about_partner` DISABLE KEYS */;
INSERT INTO `about_partner` VALUES (7,NULL,'slice1_INa6Ujv.png','test1'),(8,NULL,'slice2_BGFuEnb.png','test2');
/*!40000 ALTER TABLE `about_partner` ENABLE KEYS */;
UNLOCK TABLES;

--
-- Table structure for table `about_quote`
--

DROP TABLE IF EXISTS `about_quote`;
/*!40101 SET @saved_cs_client     = @@character_set_client */;
/*!40101 SET character_set_client = utf8 */;
CREATE TABLE `about_quote` (
  `id` int(11) NOT NULL AUTO_INCREMENT,
  `sort_order` int(11) DEFAULT NULL,
  `company` varchar(255) DEFAULT NULL,
  `caption` longtext NOT NULL,
  `name` varchar(255) DEFAULT NULL,
  `page_id` int(11) NOT NULL,
  PRIMARY KEY (`id`),
  KEY `about_quote_page_id_194b466a` (`page_id`),
  CONSTRAINT `about_quote_page_id_194b466a_fk_about_aboutpage_page_ptr_id` FOREIGN KEY (`page_id`) REFERENCES `about_aboutpage` (`page_ptr_id`)
) ENGINE=InnoDB AUTO_INCREMENT=3 DEFAULT CHARSET=latin1;
/*!40101 SET character_set_client = @saved_cs_client */;

--
-- Dumping data for table `about_quote`
--

LOCK TABLES `about_quote` WRITE;
/*!40000 ALTER TABLE `about_quote` DISABLE KEYS */;
INSERT INTO `about_quote` VALUES (1,0,'IUCN Interim manager Leaders for Nature','<p>Ut est nulla, feugiat a augue at, pretium tempor nunc. Mauris ac lectus eu augue laoreet commodo. Curabitur vitae mi id massa varius efficitur at in arcu. Aliquam tempor arcu quis ipsum convallis, id facilisis eros posuere. Aenean vitae lobortis tortor, non dapibus massa.</p>','Miriam van Gool',12),(2,1,'IUCN Interim manager Leaders for Nature','<p>Ut est nulla, feugiat a augue at, pretium tempor nunc. Mauris ac lectus eu augue laoreet commodo. Curabitur vitae mi id massa varius efficitur at in arcu. Aliquam tempor arcu quis ipsum convallis, id facilisis eros posuere. Aenean vitae lobortis tortor, non dapibus massa.</p>','Miriam van Gool',12);
/*!40000 ALTER TABLE `about_quote` ENABLE KEYS */;
UNLOCK TABLES;

--
-- Table structure for table `auth_group`
--

DROP TABLE IF EXISTS `auth_group`;
/*!40101 SET @saved_cs_client     = @@character_set_client */;
/*!40101 SET character_set_client = utf8 */;
CREATE TABLE `auth_group` (
  `id` int(11) NOT NULL AUTO_INCREMENT,
  `name` varchar(80) NOT NULL,
  PRIMARY KEY (`id`),
  UNIQUE KEY `name` (`name`)
) ENGINE=InnoDB AUTO_INCREMENT=3 DEFAULT CHARSET=latin1;
/*!40101 SET character_set_client = @saved_cs_client */;

--
-- Dumping data for table `auth_group`
--

LOCK TABLES `auth_group` WRITE;
/*!40000 ALTER TABLE `auth_group` DISABLE KEYS */;
INSERT INTO `auth_group` VALUES (2,'Editors'),(1,'Moderators');
/*!40000 ALTER TABLE `auth_group` ENABLE KEYS */;
UNLOCK TABLES;

--
-- Table structure for table `auth_group_permissions`
--

DROP TABLE IF EXISTS `auth_group_permissions`;
/*!40101 SET @saved_cs_client     = @@character_set_client */;
/*!40101 SET character_set_client = utf8 */;
CREATE TABLE `auth_group_permissions` (
  `id` int(11) NOT NULL AUTO_INCREMENT,
  `group_id` int(11) NOT NULL,
  `permission_id` int(11) NOT NULL,
  PRIMARY KEY (`id`),
  UNIQUE KEY `auth_group_permissions_group_id_permission_id_0cd325b0_uniq` (`group_id`,`permission_id`),
  KEY `auth_group_permissio_permission_id_84c5c92e_fk_auth_perm` (`permission_id`),
  CONSTRAINT `auth_group_permissio_permission_id_84c5c92e_fk_auth_perm` FOREIGN KEY (`permission_id`) REFERENCES `auth_permission` (`id`),
  CONSTRAINT `auth_group_permissions_group_id_b120cbf9_fk_auth_group_id` FOREIGN KEY (`group_id`) REFERENCES `auth_group` (`id`)
) ENGINE=InnoDB AUTO_INCREMENT=15 DEFAULT CHARSET=latin1;
/*!40101 SET character_set_client = @saved_cs_client */;

--
-- Dumping data for table `auth_group_permissions`
--

LOCK TABLES `auth_group_permissions` WRITE;
/*!40000 ALTER TABLE `auth_group_permissions` DISABLE KEYS */;
INSERT INTO `auth_group_permissions` VALUES (4,1,1),(5,1,2),(6,1,3),(8,1,4),(12,1,5),(13,1,6),(14,1,7),(1,2,1),(2,2,2),(3,2,3),(7,2,4),(9,2,5),(10,2,6),(11,2,7);
/*!40000 ALTER TABLE `auth_group_permissions` ENABLE KEYS */;
UNLOCK TABLES;

--
-- Table structure for table `auth_permission`
--

DROP TABLE IF EXISTS `auth_permission`;
/*!40101 SET @saved_cs_client     = @@character_set_client */;
/*!40101 SET character_set_client = utf8 */;
CREATE TABLE `auth_permission` (
  `id` int(11) NOT NULL AUTO_INCREMENT,
  `name` varchar(255) NOT NULL,
  `content_type_id` int(11) NOT NULL,
  `codename` varchar(100) NOT NULL,
  PRIMARY KEY (`id`),
  UNIQUE KEY `auth_permission_content_type_id_codename_01ab375a_uniq` (`content_type_id`,`codename`),
  CONSTRAINT `auth_permission_content_type_id_2f476e4b_fk_django_co` FOREIGN KEY (`content_type_id`) REFERENCES `django_content_type` (`id`)
) ENGINE=InnoDB AUTO_INCREMENT=270 DEFAULT CHARSET=latin1;
/*!40101 SET character_set_client = @saved_cs_client */;

--
-- Dumping data for table `auth_permission`
--

LOCK TABLES `auth_permission` WRITE;
/*!40000 ALTER TABLE `auth_permission` DISABLE KEYS */;
INSERT INTO `auth_permission` VALUES (1,'Can add image',2,'add_image'),(2,'Can change image',2,'change_image'),(3,'Can delete image',2,'delete_image'),(4,'Can access Wagtail admin',3,'access_admin'),(5,'Can add document',4,'add_document'),(6,'Can change document',4,'change_document'),(7,'Can delete document',4,'delete_document'),(8,'Can add blog index page',5,'add_blogindexpage'),(9,'Can change blog index page',5,'change_blogindexpage'),(10,'Can delete blog index page',5,'delete_blogindexpage'),(11,'Can view blog index page',5,'view_blogindexpage'),(12,'Can add blog page',6,'add_blogpage'),(13,'Can change blog page',6,'change_blogpage'),(14,'Can delete blog page',6,'delete_blogpage'),(15,'Can view blog page',6,'view_blogpage'),(16,'Can add carousel item',7,'add_carouselitem'),(17,'Can change carousel item',7,'change_carouselitem'),(18,'Can delete carousel item',7,'delete_carouselitem'),(19,'Can view carousel item',7,'view_carouselitem'),(20,'Can add home page',8,'add_homepage'),(21,'Can change home page',8,'change_homepage'),(22,'Can delete home page',8,'delete_homepage'),(23,'Can view home page',8,'view_homepage'),(24,'Can add about page',9,'add_aboutpage'),(25,'Can change about page',9,'change_aboutpage'),(26,'Can delete about page',9,'delete_aboutpage'),(27,'Can view about page',9,'view_aboutpage'),(28,'Can add partner',10,'add_partner'),(29,'Can change partner',10,'change_partner'),(30,'Can delete partner',10,'delete_partner'),(31,'Can view partner',10,'view_partner'),(32,'Can add quote',11,'add_quote'),(33,'Can change quote',11,'change_quote'),(34,'Can delete quote',11,'delete_quote'),(35,'Can view quote',11,'view_quote'),(36,'Can add user',12,'add_people'),(37,'Can change user',12,'change_people'),(38,'Can delete user',12,'delete_people'),(39,'Can view user',12,'view_people'),(40,'Can add people page',13,'add_peoplepage'),(41,'Can change people page',13,'change_peoplepage'),(42,'Can delete people page',13,'delete_peoplepage'),(43,'Can view people page',13,'view_peoplepage'),(44,'Can add news page',14,'add_newspage'),(45,'Can change news page',14,'change_newspage'),(46,'Can delete news page',14,'delete_newspage'),(47,'Can view news page',14,'view_newspage'),(48,'Can add news index page',15,'add_newsindexpage'),(49,'Can change news index page',15,'change_newsindexpage'),(50,'Can delete news index page',15,'delete_newsindexpage'),(51,'Can view news index page',15,'view_newsindexpage'),(52,'Can add category',16,'add_category'),(53,'Can change category',16,'change_category'),(54,'Can delete category',16,'delete_category'),(55,'Can view category',16,'view_category'),(56,'Can add folder article page',17,'add_folderarticlepage'),(57,'Can change folder article page',17,'change_folderarticlepage'),(58,'Can delete folder article page',17,'delete_folderarticlepage'),(59,'Can view folder article page',17,'view_folderarticlepage'),(60,'Can add folder newspaper page',18,'add_foldernewspaperpage'),(61,'Can change folder newspaper page',18,'change_foldernewspaperpage'),(62,'Can delete folder newspaper page',18,'delete_foldernewspaperpage'),(63,'Can view folder newspaper page',18,'view_foldernewspaperpage'),(64,'Can add newspaper article page',19,'add_newspaperarticlepage'),(65,'Can change newspaper article page',19,'change_newspaperarticlepage'),(66,'Can delete newspaper article page',19,'delete_newspaperarticlepage'),(67,'Can view newspaper article page',19,'view_newspaperarticlepage'),(68,'Can add carousel item',20,'add_carouselitem'),(69,'Can change carousel item',20,'change_carouselitem'),(70,'Can delete carousel item',20,'delete_carouselitem'),(71,'Can view carousel item',20,'view_carouselitem'),(72,'Can add knowledge page',21,'add_knowledgepage'),(73,'Can change knowledge page',21,'change_knowledgepage'),(74,'Can delete knowledge page',21,'delete_knowledgepage'),(75,'Can view knowledge page',21,'view_knowledgepage'),(76,'Can add resource',22,'add_resource'),(77,'Can change resource',22,'change_resource'),(78,'Can delete resource',22,'delete_resource'),(79,'Can view resource',22,'view_resource'),(80,'Can add form submission',23,'add_formsubmission'),(81,'Can change form submission',23,'change_formsubmission'),(82,'Can delete form submission',23,'delete_formsubmission'),(83,'Can view form submission',23,'view_formsubmission'),(84,'Can add redirect',24,'add_redirect'),(85,'Can change redirect',24,'change_redirect'),(86,'Can delete redirect',24,'delete_redirect'),(87,'Can view redirect',24,'view_redirect'),(88,'Can add embed',25,'add_embed'),(89,'Can change embed',25,'change_embed'),(90,'Can delete embed',25,'delete_embed'),(91,'Can view embed',25,'view_embed'),(92,'Can add user profile',26,'add_userprofile'),(93,'Can change user profile',26,'change_userprofile'),(94,'Can delete user profile',26,'delete_userprofile'),(95,'Can view user profile',26,'view_userprofile'),(96,'Can view document',4,'view_document'),(97,'Can view image',2,'view_image'),(98,'Can add rendition',27,'add_rendition'),(99,'Can change rendition',27,'change_rendition'),(100,'Can delete rendition',27,'delete_rendition'),(101,'Can view rendition',27,'view_rendition'),(102,'Can add query',28,'add_query'),(103,'Can change query',28,'change_query'),(104,'Can delete query',28,'delete_query'),(105,'Can view query',28,'view_query'),(106,'Can add Query Daily Hits',29,'add_querydailyhits'),(107,'Can change Query Daily Hits',29,'change_querydailyhits'),(108,'Can delete Query Daily Hits',29,'delete_querydailyhits'),(109,'Can view Query Daily Hits',29,'view_querydailyhits'),(110,'Can add page',1,'add_page'),(111,'Can change page',1,'change_page'),(112,'Can delete page',1,'delete_page'),(113,'Can view page',1,'view_page'),(114,'Can add group page permission',30,'add_grouppagepermission'),(115,'Can change group page permission',30,'change_grouppagepermission'),(116,'Can delete group page permission',30,'delete_grouppagepermission'),(117,'Can view group page permission',30,'view_grouppagepermission'),(118,'Can add page revision',31,'add_pagerevision'),(119,'Can change page revision',31,'change_pagerevision'),(120,'Can delete page revision',31,'delete_pagerevision'),(121,'Can view page revision',31,'view_pagerevision'),(122,'Can add page view restriction',32,'add_pageviewrestriction'),(123,'Can change page view restriction',32,'change_pageviewrestriction'),(124,'Can delete page view restriction',32,'delete_pageviewrestriction'),(125,'Can view page view restriction',32,'view_pageviewrestriction'),(126,'Can add site',33,'add_site'),(127,'Can change site',33,'change_site'),(128,'Can delete site',33,'delete_site'),(129,'Can view site',33,'view_site'),(130,'Can add collection',34,'add_collection'),(131,'Can change collection',34,'change_collection'),(132,'Can delete collection',34,'delete_collection'),(133,'Can view collection',34,'view_collection'),(134,'Can add group collection permission',35,'add_groupcollectionpermission'),(135,'Can change group collection permission',35,'change_groupcollectionpermission'),(136,'Can delete group collection permission',35,'delete_groupcollectionpermission'),(137,'Can view group collection permission',35,'view_groupcollectionpermission'),(138,'Can add collection view restriction',36,'add_collectionviewrestriction'),(139,'Can change collection view restriction',36,'change_collectionviewrestriction'),(140,'Can delete collection view restriction',36,'delete_collectionviewrestriction'),(141,'Can view collection view restriction',36,'view_collectionviewrestriction'),(142,'Can add flat menu',37,'add_flatmenu'),(143,'Can change flat menu',37,'change_flatmenu'),(144,'Can delete flat menu',37,'delete_flatmenu'),(145,'Can view flat menu',37,'view_flatmenu'),(146,'Can add menu item',38,'add_flatmenuitem'),(147,'Can change menu item',38,'change_flatmenuitem'),(148,'Can delete menu item',38,'delete_flatmenuitem'),(149,'Can view menu item',38,'view_flatmenuitem'),(150,'Can add main menu',39,'add_mainmenu'),(151,'Can change main menu',39,'change_mainmenu'),(152,'Can delete main menu',39,'delete_mainmenu'),(153,'Can view main menu',39,'view_mainmenu'),(154,'Can add menu item',40,'add_mainmenuitem'),(155,'Can change menu item',40,'change_mainmenuitem'),(156,'Can delete menu item',40,'delete_mainmenuitem'),(157,'Can view menu item',40,'view_mainmenuitem'),(158,'Can add Tag',41,'add_tag'),(159,'Can change Tag',41,'change_tag'),(160,'Can delete Tag',41,'delete_tag'),(161,'Can view Tag',41,'view_tag'),(162,'Can add Tagged Item',42,'add_taggeditem'),(163,'Can change Tagged Item',42,'change_taggeditem'),(164,'Can delete Tagged Item',42,'delete_taggeditem'),(165,'Can view Tagged Item',42,'view_taggeditem'),(166,'Can add log entry',43,'add_logentry'),(167,'Can change log entry',43,'change_logentry'),(168,'Can delete log entry',43,'delete_logentry'),(169,'Can view log entry',43,'view_logentry'),(170,'Can add permission',44,'add_permission'),(171,'Can change permission',44,'change_permission'),(172,'Can delete permission',44,'delete_permission'),(173,'Can view permission',44,'view_permission'),(174,'Can add group',45,'add_group'),(175,'Can change group',45,'change_group'),(176,'Can delete group',45,'delete_group'),(177,'Can view group',45,'view_group'),(178,'Can add content type',46,'add_contenttype'),(179,'Can change content type',46,'change_contenttype'),(180,'Can delete content type',46,'delete_contenttype'),(181,'Can view content type',46,'view_contenttype'),(182,'Can add session',47,'add_session'),(183,'Can change session',47,'change_session'),(184,'Can delete session',47,'delete_session'),(185,'Can view session',47,'view_session'),(186,'Can add partner',48,'add_partner'),(187,'Can change partner',48,'change_partner'),(188,'Can delete partner',48,'delete_partner'),(189,'Can view partner',48,'view_partner'),(190,'Can add service index page',49,'add_serviceindexpage'),(191,'Can change service index page',49,'change_serviceindexpage'),(192,'Can delete service index page',49,'delete_serviceindexpage'),(193,'Can view service index page',49,'view_serviceindexpage'),(194,'Can add service page',50,'add_servicepage'),(195,'Can change service page',50,'change_servicepage'),(196,'Can delete service page',50,'delete_servicepage'),(197,'Can view service page',50,'view_servicepage'),(198,'Can add home page',51,'add_homepage'),(199,'Can change home page',51,'change_homepage'),(200,'Can delete home page',51,'delete_homepage'),(201,'Can view home page',51,'view_homepage'),(202,'Can add carousel item',52,'add_carouselitem'),(203,'Can change carousel item',52,'change_carouselitem'),(204,'Can delete carousel item',52,'delete_carouselitem'),(205,'Can view carousel item',52,'view_carouselitem'),(206,'Can add expertise',48,'add_expertise'),(207,'Can change expertise',48,'change_expertise'),(208,'Can delete expertise',48,'delete_expertise'),(209,'Can view expertise',48,'view_expertise'),(210,'Can add sub service page',53,'add_subservicepage'),(211,'Can change sub service page',53,'change_subservicepage'),(212,'Can delete sub service page',53,'delete_subservicepage'),(213,'Can view sub service page',53,'view_subservicepage'),(214,'Can add project index page',54,'add_projectindexpage'),(215,'Can change project index page',54,'change_projectindexpage'),(216,'Can delete project index page',54,'delete_projectindexpage'),(217,'Can view project index page',54,'view_projectindexpage'),(218,'Can add project page',55,'add_projectpage'),(219,'Can change project page',55,'change_projectpage'),(220,'Can delete project page',55,'delete_projectpage'),(221,'Can view project page',55,'view_projectpage'),(222,'Can add project partner',56,'add_projectpartner'),(223,'Can change project partner',56,'change_projectpartner'),(224,'Can delete project partner',56,'delete_projectpartner'),(225,'Can view project partner',56,'view_projectpartner'),(226,'Can add team member',57,'add_teammember'),(227,'Can change team member',57,'change_teammember'),(228,'Can delete team member',57,'delete_teammember'),(229,'Can view team member',57,'view_teammember'),(230,'Can add carousel item',58,'add_carouselitem'),(231,'Can change carousel item',58,'change_carouselitem'),(232,'Can delete carousel item',58,'delete_carouselitem'),(233,'Can view carousel item',58,'view_carouselitem'),(234,'Can add project resource',59,'add_projectresource'),(235,'Can change project resource',59,'change_projectresource'),(236,'Can delete project resource',59,'delete_projectresource'),(237,'Can view project resource',59,'view_projectresource'),(238,'Can add carousel index item',60,'add_carouselindexitem'),(239,'Can change carousel index item',60,'change_carouselindexitem'),(240,'Can delete carousel index item',60,'delete_carouselindexitem'),(241,'Can view carousel index item',60,'view_carouselindexitem'),(242,'Can add profile page',61,'add_profilepage'),(243,'Can change profile page',61,'change_profilepage'),(244,'Can delete profile page',61,'delete_profilepage'),(245,'Can view profile page',61,'view_profilepage'),(246,'Can add user',62,'add_user'),(247,'Can change user',62,'change_user'),(248,'Can delete user',62,'delete_user'),(249,'Can view user',62,'view_user'),(250,'Can add expertise',63,'add_expertise'),(251,'Can change expertise',63,'change_expertise'),(252,'Can delete expertise',63,'delete_expertise'),(253,'Can view expertise',63,'view_expertise'),(254,'Can add hobby',64,'add_hobby'),(255,'Can change hobby',64,'change_hobby'),(256,'Can delete hobby',64,'delete_hobby'),(257,'Can view hobby',64,'view_hobby'),(258,'Can add footer link',65,'add_footerlink'),(259,'Can change footer link',65,'change_footerlink'),(260,'Can delete footer link',65,'delete_footerlink'),(261,'Can view footer link',65,'view_footerlink'),(262,'Can add footer category',66,'add_footercategory'),(263,'Can change footer category',66,'change_footercategory'),(264,'Can delete footer category',66,'delete_footercategory'),(265,'Can view footer category',66,'view_footercategory'),(266,'Can add link type',67,'add_linktype'),(267,'Can change link type',67,'change_linktype'),(268,'Can delete link type',67,'delete_linktype'),(269,'Can view link type',67,'view_linktype');
/*!40000 ALTER TABLE `auth_permission` ENABLE KEYS */;
UNLOCK TABLES;

--
-- Table structure for table `auth_user`
--

DROP TABLE IF EXISTS `auth_user`;
/*!40101 SET @saved_cs_client     = @@character_set_client */;
/*!40101 SET character_set_client = utf8 */;
CREATE TABLE `auth_user` (
  `id` int(11) NOT NULL AUTO_INCREMENT,
  `password` varchar(128) NOT NULL,
  `last_login` datetime(6) DEFAULT NULL,
  `is_superuser` tinyint(1) NOT NULL,
  `username` varchar(150) NOT NULL,
  `first_name` varchar(30) NOT NULL,
  `last_name` varchar(150) NOT NULL,
  `email` varchar(254) NOT NULL,
  `is_staff` tinyint(1) NOT NULL,
  `is_active` tinyint(1) NOT NULL,
  `date_joined` datetime(6) NOT NULL,
  PRIMARY KEY (`id`),
  UNIQUE KEY `username` (`username`)
) ENGINE=InnoDB AUTO_INCREMENT=5 DEFAULT CHARSET=utf8;
/*!40101 SET character_set_client = @saved_cs_client */;

--
-- Dumping data for table `auth_user`
--

LOCK TABLES `auth_user` WRITE;
/*!40000 ALTER TABLE `auth_user` DISABLE KEYS */;
INSERT INTO `auth_user` VALUES (2,'pbkdf2_sha256$120000$xdi1lpKBQrrC$UZCA2QSEvWMxrV5QhGTdQQST2cKsSawI99eYx0nj9QE=','2019-07-04 15:00:55.352822',1,'alexandre','Alexandre','Fradet','alexandre@except.nl',1,1,'2019-06-26 14:26:46.890782'),(3,'pbkdf2_sha256$120000$wigNp4jOylGR$XAmtC51EN9kaMXOBu/gmbPYGmccqSEsDL0ye8SBSzls=',NULL,1,'Joseph','Joseph','Simpson','joseph@except.nl',0,1,'2019-06-26 15:06:12.700769'),(4,'pbkdf2_sha256$120000$YBQXsr8y4EJP$1UbH0vC0ibIHG/nqj4XmBc3hNVddVNwrKsGgo1lGUa4=',NULL,1,'Mattia','Mattia','Micciche','mattia@except.nl',0,1,'2019-06-26 15:06:58.119366');
/*!40000 ALTER TABLE `auth_user` ENABLE KEYS */;
UNLOCK TABLES;

--
-- Table structure for table `auth_user_groups`
--

DROP TABLE IF EXISTS `auth_user_groups`;
/*!40101 SET @saved_cs_client     = @@character_set_client */;
/*!40101 SET character_set_client = utf8 */;
CREATE TABLE `auth_user_groups` (
  `id` int(11) NOT NULL AUTO_INCREMENT,
  `user_id` int(11) NOT NULL,
  `group_id` int(11) NOT NULL,
  PRIMARY KEY (`id`),
  UNIQUE KEY `auth_user_groups_user_id_group_id_94350c0c_uniq` (`user_id`,`group_id`),
  KEY `auth_user_groups_user_id_6a12ed8b` (`user_id`),
  KEY `auth_user_groups_group_id_97559544` (`group_id`),
  CONSTRAINT `auth_user_groups_group_id_97559544_fk_auth_group_id` FOREIGN KEY (`group_id`) REFERENCES `auth_group` (`id`),
  CONSTRAINT `auth_user_groups_user_id_6a12ed8b_fk_auth_user_id` FOREIGN KEY (`user_id`) REFERENCES `auth_user` (`id`)
) ENGINE=InnoDB AUTO_INCREMENT=3 DEFAULT CHARSET=utf8;
/*!40101 SET character_set_client = @saved_cs_client */;

--
-- Dumping data for table `auth_user_groups`
--

LOCK TABLES `auth_user_groups` WRITE;
/*!40000 ALTER TABLE `auth_user_groups` DISABLE KEYS */;
INSERT INTO `auth_user_groups` VALUES (1,2,1),(2,2,2);
/*!40000 ALTER TABLE `auth_user_groups` ENABLE KEYS */;
UNLOCK TABLES;

--
-- Table structure for table `auth_user_user_permissions`
--

DROP TABLE IF EXISTS `auth_user_user_permissions`;
/*!40101 SET @saved_cs_client     = @@character_set_client */;
/*!40101 SET character_set_client = utf8 */;
CREATE TABLE `auth_user_user_permissions` (
  `id` int(11) NOT NULL AUTO_INCREMENT,
  `user_id` int(11) NOT NULL,
  `permission_id` int(11) NOT NULL,
  PRIMARY KEY (`id`),
  UNIQUE KEY `auth_user_user_permissions_user_id_permission_id_14a6b632_uniq` (`user_id`,`permission_id`),
  KEY `auth_user_user_permissions_user_id_a95ead1b` (`user_id`),
  KEY `auth_user_user_permissions_permission_id_1fbb5f2c` (`permission_id`),
  CONSTRAINT `auth_user_user_permi_permission_id_1fbb5f2c_fk_auth_perm` FOREIGN KEY (`permission_id`) REFERENCES `auth_permission` (`id`),
  CONSTRAINT `auth_user_user_permissions_user_id_a95ead1b_fk_auth_user_id` FOREIGN KEY (`user_id`) REFERENCES `auth_user` (`id`)
) ENGINE=InnoDB DEFAULT CHARSET=utf8;
/*!40101 SET character_set_client = @saved_cs_client */;

--
-- Dumping data for table `auth_user_user_permissions`
--

LOCK TABLES `auth_user_user_permissions` WRITE;
/*!40000 ALTER TABLE `auth_user_user_permissions` DISABLE KEYS */;
/*!40000 ALTER TABLE `auth_user_user_permissions` ENABLE KEYS */;
UNLOCK TABLES;

--
-- Table structure for table `blog_blogindexpage`
--

DROP TABLE IF EXISTS `blog_blogindexpage`;
/*!40101 SET @saved_cs_client     = @@character_set_client */;
/*!40101 SET character_set_client = utf8 */;
CREATE TABLE `blog_blogindexpage` (
  `page_ptr_id` int(11) NOT NULL,
  `intro` longtext NOT NULL,
  PRIMARY KEY (`page_ptr_id`),
  CONSTRAINT `blog_blogindexpage_page_ptr_id_d87c3ac2_fk_wagtailcore_page_id` FOREIGN KEY (`page_ptr_id`) REFERENCES `wagtailcore_page` (`id`)
) ENGINE=InnoDB DEFAULT CHARSET=latin1;
/*!40101 SET character_set_client = @saved_cs_client */;

--
-- Dumping data for table `blog_blogindexpage`
--

LOCK TABLES `blog_blogindexpage` WRITE;
/*!40000 ALTER TABLE `blog_blogindexpage` DISABLE KEYS */;
/*!40000 ALTER TABLE `blog_blogindexpage` ENABLE KEYS */;
UNLOCK TABLES;

--
-- Table structure for table `blog_blogpage`
--

DROP TABLE IF EXISTS `blog_blogpage`;
/*!40101 SET @saved_cs_client     = @@character_set_client */;
/*!40101 SET character_set_client = utf8 */;
CREATE TABLE `blog_blogpage` (
  `page_ptr_id` int(11) NOT NULL,
  `date` date NOT NULL,
  `intro` varchar(250) NOT NULL,
  `body` longtext NOT NULL,
  PRIMARY KEY (`page_ptr_id`),
  CONSTRAINT `blog_blogpage_page_ptr_id_1d78e2b7_fk_wagtailcore_page_id` FOREIGN KEY (`page_ptr_id`) REFERENCES `wagtailcore_page` (`id`)
) ENGINE=InnoDB DEFAULT CHARSET=latin1;
/*!40101 SET character_set_client = @saved_cs_client */;

--
-- Dumping data for table `blog_blogpage`
--

LOCK TABLES `blog_blogpage` WRITE;
/*!40000 ALTER TABLE `blog_blogpage` DISABLE KEYS */;
/*!40000 ALTER TABLE `blog_blogpage` ENABLE KEYS */;
UNLOCK TABLES;

--
-- Table structure for table `django_admin_log`
--

DROP TABLE IF EXISTS `django_admin_log`;
/*!40101 SET @saved_cs_client     = @@character_set_client */;
/*!40101 SET character_set_client = utf8 */;
CREATE TABLE `django_admin_log` (
  `id` int(11) NOT NULL AUTO_INCREMENT,
  `action_time` datetime(6) NOT NULL,
  `object_id` longtext,
  `object_repr` varchar(200) NOT NULL,
  `action_flag` smallint(5) unsigned NOT NULL,
  `change_message` longtext NOT NULL,
  `content_type_id` int(11) DEFAULT NULL,
  `user_id` int(11) NOT NULL,
  PRIMARY KEY (`id`),
  KEY `django_admin_log_content_type_id_c4bce8eb_fk_django_co` (`content_type_id`),
  KEY `django_admin_log_user_id_c564eba6_fk_people_people_id` (`user_id`),
  CONSTRAINT `django_admin_log_content_type_id_c4bce8eb_fk_django_co` FOREIGN KEY (`content_type_id`) REFERENCES `django_content_type` (`id`),
  CONSTRAINT `django_admin_log_user_id_c564eba6_fk_people_people_id` FOREIGN KEY (`user_id`) REFERENCES `people_people` (`id`)
) ENGINE=InnoDB DEFAULT CHARSET=latin1;
/*!40101 SET character_set_client = @saved_cs_client */;

--
-- Dumping data for table `django_admin_log`
--

LOCK TABLES `django_admin_log` WRITE;
/*!40000 ALTER TABLE `django_admin_log` DISABLE KEYS */;
/*!40000 ALTER TABLE `django_admin_log` ENABLE KEYS */;
UNLOCK TABLES;

--
-- Table structure for table `django_content_type`
--

DROP TABLE IF EXISTS `django_content_type`;
/*!40101 SET @saved_cs_client     = @@character_set_client */;
/*!40101 SET character_set_client = utf8 */;
CREATE TABLE `django_content_type` (
  `id` int(11) NOT NULL AUTO_INCREMENT,
  `app_label` varchar(100) NOT NULL,
  `model` varchar(100) NOT NULL,
  PRIMARY KEY (`id`),
  UNIQUE KEY `django_content_type_app_label_model_76bd3d3b_uniq` (`app_label`,`model`)
) ENGINE=InnoDB AUTO_INCREMENT=68 DEFAULT CHARSET=latin1;
/*!40101 SET character_set_client = @saved_cs_client */;

--
-- Dumping data for table `django_content_type`
--

LOCK TABLES `django_content_type` WRITE;
/*!40000 ALTER TABLE `django_content_type` DISABLE KEYS */;
INSERT INTO `django_content_type` VALUES (9,'about','aboutpage'),(10,'about','partner'),(11,'about','quote'),(43,'admin','logentry'),(45,'auth','group'),(44,'auth','permission'),(62,'auth','user'),(5,'blog','blogindexpage'),(6,'blog','blogpage'),(46,'contenttypes','contenttype'),(66,'except_wagtail','footercategory'),(65,'except_wagtail','footerlink'),(67,'except_wagtail','linktype'),(7,'home','carouselitem'),(8,'home','homepage'),(52,'index','carouselitem'),(51,'index','homepage'),(20,'knowledge','carouselitem'),(21,'knowledge','knowledgepage'),(22,'knowledge','resource'),(16,'news','category'),(17,'news','folderarticlepage'),(18,'news','foldernewspaperpage'),(15,'news','newsindexpage'),(14,'news','newspage'),(19,'news','newspaperarticlepage'),(63,'people','expertise'),(64,'people','hobby'),(12,'people','people'),(13,'people','peoplepage'),(61,'people','profilepage'),(60,'projects','carouselindexitem'),(58,'projects','carouselitem'),(54,'projects','projectindexpage'),(55,'projects','projectpage'),(56,'projects','projectpartner'),(59,'projects','projectresource'),(57,'projects','teammember'),(48,'services','expertise'),(49,'services','serviceindexpage'),(50,'services','servicepage'),(53,'services','subservicepage'),(47,'sessions','session'),(41,'taggit','tag'),(42,'taggit','taggeditem'),(3,'wagtailadmin','admin'),(34,'wagtailcore','collection'),(36,'wagtailcore','collectionviewrestriction'),(35,'wagtailcore','groupcollectionpermission'),(30,'wagtailcore','grouppagepermission'),(1,'wagtailcore','page'),(31,'wagtailcore','pagerevision'),(32,'wagtailcore','pageviewrestriction'),(33,'wagtailcore','site'),(4,'wagtaildocs','document'),(25,'wagtailembeds','embed'),(23,'wagtailforms','formsubmission'),(2,'wagtailimages','image'),(27,'wagtailimages','rendition'),(37,'wagtailmenus','flatmenu'),(38,'wagtailmenus','flatmenuitem'),(39,'wagtailmenus','mainmenu'),(40,'wagtailmenus','mainmenuitem'),(24,'wagtailredirects','redirect'),(28,'wagtailsearch','query'),(29,'wagtailsearch','querydailyhits'),(26,'wagtailusers','userprofile');
/*!40000 ALTER TABLE `django_content_type` ENABLE KEYS */;
UNLOCK TABLES;

--
-- Table structure for table `django_migrations`
--

DROP TABLE IF EXISTS `django_migrations`;
/*!40101 SET @saved_cs_client     = @@character_set_client */;
/*!40101 SET character_set_client = utf8 */;
CREATE TABLE `django_migrations` (
  `id` int(11) NOT NULL AUTO_INCREMENT,
  `app` varchar(255) NOT NULL,
  `name` varchar(255) NOT NULL,
  `applied` datetime(6) NOT NULL,
  PRIMARY KEY (`id`)
) ENGINE=InnoDB AUTO_INCREMENT=271 DEFAULT CHARSET=latin1;
/*!40101 SET character_set_client = @saved_cs_client */;

--
-- Dumping data for table `django_migrations`
--

LOCK TABLES `django_migrations` WRITE;
/*!40000 ALTER TABLE `django_migrations` DISABLE KEYS */;
INSERT INTO `django_migrations` VALUES (1,'contenttypes','0001_initial','2019-06-13 08:46:08.784063'),(2,'contenttypes','0002_remove_content_type_name','2019-06-13 08:46:08.972007'),(3,'auth','0001_initial','2019-06-13 08:46:09.624915'),(4,'auth','0002_alter_permission_name_max_length','2019-06-13 08:46:09.652297'),(5,'auth','0003_alter_user_email_max_length','2019-06-13 08:46:09.670294'),(6,'auth','0004_alter_user_username_opts','2019-06-13 08:46:09.679969'),(7,'auth','0005_alter_user_last_login_null','2019-06-13 08:46:09.687945'),(8,'auth','0006_require_contenttypes_0002','2019-06-13 08:46:09.695434'),(9,'auth','0007_alter_validators_add_error_messages','2019-06-13 08:46:09.714101'),(10,'auth','0008_alter_user_username_max_length','2019-06-13 08:46:09.729693'),(11,'auth','0009_alter_user_last_name_max_length','2019-06-13 08:46:09.741949'),(12,'people','0001_initial','2019-06-13 08:46:10.632144'),(13,'wagtailcore','0001_initial','2019-06-13 08:46:12.189839'),(14,'wagtailcore','0002_initial_data','2019-06-13 08:46:12.198426'),(15,'wagtailcore','0003_add_uniqueness_constraint_on_group_page_permission','2019-06-13 08:46:12.207195'),(16,'wagtailcore','0004_page_locked','2019-06-13 08:46:12.215500'),(17,'wagtailcore','0005_add_page_lock_permission_to_moderators','2019-06-13 08:46:12.217433'),(18,'wagtailcore','0006_add_lock_page_permission','2019-06-13 08:46:12.231244'),(19,'wagtailcore','0007_page_latest_revision_created_at','2019-06-13 08:46:12.238493'),(20,'wagtailcore','0008_populate_latest_revision_created_at','2019-06-13 08:46:12.244653'),(21,'wagtailcore','0009_remove_auto_now_add_from_pagerevision_created_at','2019-06-13 08:46:12.253790'),(22,'wagtailcore','0010_change_page_owner_to_null_on_delete','2019-06-13 08:46:12.262822'),(23,'wagtailcore','0011_page_first_published_at','2019-06-13 08:46:12.265136'),(24,'wagtailcore','0012_extend_page_slug_field','2019-06-13 08:46:12.284150'),(25,'wagtailcore','0013_update_golive_expire_help_text','2019-06-13 08:46:12.286567'),(26,'wagtailcore','0014_add_verbose_name','2019-06-13 08:46:12.288263'),(27,'wagtailcore','0015_add_more_verbose_names','2019-06-13 08:46:12.289835'),(28,'wagtailcore','0016_change_page_url_path_to_text_field','2019-06-13 08:46:12.292227'),(29,'wagtailcore','0017_change_edit_page_permission_description','2019-06-13 08:46:12.313934'),(30,'wagtailcore','0018_pagerevision_submitted_for_moderation_index','2019-06-13 08:46:12.348725'),(31,'wagtailcore','0019_verbose_names_cleanup','2019-06-13 08:46:12.499543'),(32,'wagtailcore','0020_add_index_on_page_first_published_at','2019-06-13 08:46:12.593233'),(33,'wagtailcore','0021_capitalizeverbose','2019-06-13 08:46:14.085404'),(34,'wagtailcore','0022_add_site_name','2019-06-13 08:46:14.238229'),(35,'wagtailcore','0023_alter_page_revision_on_delete_behaviour','2019-06-13 08:46:14.450851'),(36,'wagtailcore','0024_collection','2019-06-13 08:46:14.518971'),(37,'wagtailcore','0025_collection_initial_data','2019-06-13 08:46:14.576546'),(38,'wagtailcore','0026_group_collection_permission','2019-06-13 08:46:15.104030'),(39,'wagtailcore','0027_fix_collection_path_collation','2019-06-13 08:46:15.130160'),(40,'wagtailcore','0024_alter_page_content_type_on_delete_behaviour','2019-06-13 08:46:15.415537'),(41,'wagtailcore','0028_merge','2019-06-13 08:46:15.423917'),(42,'wagtailcore','0029_unicode_slugfield_dj19','2019-06-13 08:46:15.458761'),(43,'wagtailcore','0030_index_on_pagerevision_created_at','2019-06-13 08:46:15.515505'),(44,'wagtailcore','0031_add_page_view_restriction_types','2019-06-13 08:46:16.055379'),(45,'wagtailcore','0032_add_bulk_delete_page_permission','2019-06-13 08:46:16.081889'),(46,'wagtailcore','0033_remove_golive_expiry_help_text','2019-06-13 08:46:16.108067'),(47,'wagtailcore','0034_page_live_revision','2019-06-13 08:46:16.440765'),(48,'wagtailcore','0035_page_last_published_at','2019-06-13 08:46:16.674773'),(49,'wagtailcore','0036_populate_page_last_published_at','2019-06-13 08:46:16.704337'),(50,'wagtailcore','0037_set_page_owner_editable','2019-06-13 08:46:16.904512'),(51,'wagtailcore','0038_make_first_published_at_editable','2019-06-13 08:46:16.949142'),(52,'wagtailcore','0039_collectionviewrestriction','2019-06-13 08:46:17.796668'),(53,'wagtailcore','0040_page_draft_title','2019-06-13 08:46:18.056608'),(54,'wagtailcore','0041_group_collection_permissions_verbose_name_plural','2019-06-13 08:46:18.070242'),(55,'about','0001_initial','2019-06-13 08:46:18.741024'),(56,'about','0002_auto_20190605_0958','2019-06-13 08:46:18.928524'),(57,'admin','0001_initial','2019-06-13 08:46:19.278097'),(58,'admin','0002_logentry_remove_auto_add','2019-06-13 08:46:19.292034'),(59,'admin','0003_logentry_add_action_flag_choices','2019-06-13 08:46:19.310584'),(60,'blog','0001_initial','2019-06-13 08:46:19.702359'),(61,'taggit','0001_initial','2019-06-13 08:46:20.122542'),(62,'wagtailimages','0001_initial','2019-06-13 08:46:20.954860'),(63,'wagtailimages','0002_initial_data','2019-06-13 08:46:20.958638'),(64,'wagtailimages','0003_fix_focal_point_fields','2019-06-13 08:46:20.962630'),(65,'wagtailimages','0004_make_focal_point_key_not_nullable','2019-06-13 08:46:20.971459'),(66,'wagtailimages','0005_make_filter_spec_unique','2019-06-13 08:46:20.980570'),(67,'wagtailimages','0006_add_verbose_names','2019-06-13 08:46:20.989267'),(68,'wagtailimages','0007_image_file_size','2019-06-13 08:46:20.998589'),(69,'wagtailimages','0008_image_created_at_index','2019-06-13 08:46:21.002254'),(70,'wagtailimages','0009_capitalizeverbose','2019-06-13 08:46:21.019867'),(71,'wagtailimages','0010_change_on_delete_behaviour','2019-06-13 08:46:21.030385'),(72,'wagtailimages','0011_image_collection','2019-06-13 08:46:21.038917'),(73,'wagtailimages','0012_copy_image_permissions_to_collections','2019-06-13 08:46:21.048203'),(74,'wagtailimages','0013_make_rendition_upload_callable','2019-06-13 08:46:21.056398'),(75,'wagtailimages','0014_add_filter_spec_field','2019-06-13 08:46:21.065180'),(76,'wagtailimages','0015_fill_filter_spec_field','2019-06-13 08:46:21.073906'),(77,'wagtailimages','0016_deprecate_rendition_filter_relation','2019-06-13 08:46:21.076349'),(78,'wagtailimages','0017_reduce_focal_point_key_max_length','2019-06-13 08:46:21.086004'),(79,'wagtailimages','0018_remove_rendition_filter','2019-06-13 08:46:21.088558'),(80,'wagtailimages','0019_delete_filter','2019-06-13 08:46:21.098353'),(81,'wagtailimages','0020_add-verbose-name','2019-06-13 08:46:21.100786'),(82,'wagtailimages','0021_image_file_hash','2019-06-13 08:46:21.102394'),(83,'wagtailredirects','0001_initial','2019-06-13 08:46:21.441051'),(84,'wagtailredirects','0002_add_verbose_names','2019-06-13 08:46:21.653586'),(85,'wagtailredirects','0003_make_site_field_editable','2019-06-13 08:46:21.826917'),(86,'wagtailredirects','0004_set_unique_on_path_and_site','2019-06-13 08:46:22.043081'),(87,'wagtailredirects','0005_capitalizeverbose','2019-06-13 08:46:22.594953'),(88,'wagtailredirects','0006_redirect_increase_max_length','2019-06-13 08:46:22.640554'),(89,'wagtailforms','0001_initial','2019-06-13 08:46:22.878312'),(90,'wagtailforms','0002_add_verbose_names','2019-06-13 08:46:22.917591'),(91,'wagtailforms','0003_capitalizeverbose','2019-06-13 08:46:22.986182'),(92,'home','0001_initial','2019-06-13 08:46:23.956908'),(93,'home','0002_auto_20190429_1053','2019-06-13 08:46:24.610862'),(94,'home','0003_auto_20190429_1053','2019-06-13 08:46:25.643626'),(95,'home','0004_auto_20190502_0934','2019-06-13 08:46:26.012062'),(96,'home','0005_remove_homepage_intro','2019-06-13 08:46:26.114786'),(97,'home','0006_homepage_intro','2019-06-13 08:46:26.403383'),(98,'home','0007_auto_20190527_0951','2019-06-13 08:46:26.624787'),(99,'wagtailmenus','0001_initial','2019-06-13 08:46:27.756374'),(100,'wagtailmenus','0002_auto_20160129_0901','2019-06-13 08:46:27.793704'),(101,'wagtailmenus','0003_auto_20160129_2339','2019-06-13 08:46:27.999335'),(102,'wagtailmenus','0004_auto_20160130_0024','2019-06-13 08:46:28.038271'),(103,'wagtailmenus','0005_auto_20160130_2209','2019-06-13 08:46:28.340065'),(104,'wagtailmenus','0006_auto_20160131_1347','2019-06-13 08:46:28.385444'),(105,'wagtailmenus','0007_auto_20160131_2000','2019-06-13 08:46:28.954089'),(106,'wagtailmenus','0008_auto_20160131_2327','2019-06-13 08:46:29.656690'),(107,'wagtailmenus','0009_auto_20160201_0859','2019-06-13 08:46:29.801096'),(108,'wagtailmenus','0010_auto_20160201_1558','2019-06-13 08:46:29.868062'),(109,'wagtailmenus','0011_auto_20160415_1519','2019-06-13 08:46:29.951036'),(110,'wagtailmenus','0012_auto_20160419_0039','2019-06-13 08:46:30.558480'),(111,'wagtailmenus','0013_auto_20160423_1124','2019-06-13 08:46:30.738094'),(112,'wagtailmenus','0014_auto_20160423_1339','2019-06-13 08:46:30.837983'),(113,'wagtailmenus','0015_auto_20160423_1348','2019-06-13 08:46:30.910619'),(114,'wagtailmenus','0016_auto_20160930_0645','2019-06-13 08:46:31.198859'),(115,'wagtailmenus','0017_auto_20161013_1658','2019-06-13 08:46:31.812082'),(116,'wagtailmenus','0018_auto_20161204_2043','2019-06-13 08:46:31.889768'),(117,'wagtailmenus','0019_auto_20161204_2143','2019-06-13 08:46:31.931778'),(118,'wagtailmenus','0020_auto_20161210_0004','2019-06-13 08:46:32.409013'),(119,'wagtailmenus','0021_auto_20170106_2352','2019-06-13 08:46:32.576994'),(120,'wagtailmenus','0022_auto_20170913_2125','2019-06-13 08:46:32.685965'),(121,'news','0001_initial','2019-06-13 08:46:33.051000'),(122,'news','0002_auto_20190507_1342','2019-06-13 08:46:33.310125'),(123,'news','0003_auto_20190507_1440','2019-06-13 08:46:33.344375'),(124,'news','0004_auto_20190527_0951','2019-06-13 08:46:33.371947'),(125,'news','0005_newsindexpage','2019-06-13 08:46:33.569783'),(126,'news','0006_auto_20190529_0915','2019-06-13 08:46:33.982868'),(127,'news','0007_newsindexpage_hero_image','2019-06-13 08:46:34.126651'),(128,'news','0008_auto_20190529_1241','2019-06-13 08:46:34.494289'),(129,'news','0009_category_color','2019-06-13 08:46:34.568541'),(130,'news','0010_newspaperarticle','2019-06-13 08:46:34.813998'),(131,'news','0011_auto_20190604_1200','2019-06-13 08:46:35.344711'),(132,'news','0012_newspaperarticlepage_link','2019-06-13 08:46:35.453539'),(133,'news','0013_folderpage','2019-06-13 08:46:35.674374'),(134,'news','0014_folderpage_article_folder','2019-06-13 08:46:35.791792'),(135,'news','0015_auto_20190605_0851','2019-06-13 08:46:36.376652'),(136,'news','0016_auto_20190605_0941','2019-06-13 08:46:36.800547'),(137,'news','0017_auto_20190605_0943','2019-06-13 08:46:37.037843'),(138,'news','0018_auto_20190606_1400','2019-06-13 08:46:37.090066'),(139,'news','0019_remove_newspaperarticlepage_url','2019-06-13 08:46:37.227727'),(140,'news','0020_newspaperarticlepage_url','2019-06-13 08:46:37.388927'),(141,'news','0021_auto_20190606_1408','2019-06-13 08:46:37.775154'),(142,'news','0022_newspaperarticlepage','2019-06-13 08:46:38.085006'),(143,'news','0023_auto_20190606_1409','2019-06-13 08:46:38.424871'),(144,'news','0024_newspaperarticlepage','2019-06-13 08:46:38.772750'),(145,'news','0025_auto_20190606_1416','2019-06-13 08:46:39.112860'),(146,'news','0026_newspaperarticlepage','2019-06-13 08:46:39.493736'),(147,'news','0027_auto_20190612_0906','2019-06-13 08:46:39.540934'),(148,'knowledge','0001_initial','2019-06-13 08:46:40.982920'),(149,'knowledge','0002_auto_20190612_1436','2019-06-13 08:46:41.197834'),(150,'knowledge','0003_auto_20190612_1455','2019-06-13 08:46:41.708946'),(151,'knowledge','0004_resource_date_published','2019-06-13 08:46:41.807634'),(152,'knowledge','0005_auto_20190612_1509','2019-06-13 08:46:42.066081'),(153,'knowledge','0006_auto_20190612_1518','2019-06-13 08:46:42.446337'),(154,'knowledge','0007_auto_20190612_1521','2019-06-13 08:46:43.207062'),(155,'knowledge','0008_auto_20190612_1522','2019-06-13 08:46:44.365737'),(156,'knowledge','0009_auto_20190612_1522','2019-06-13 08:46:45.244640'),(157,'knowledge','0010_auto_20190612_1522','2019-06-13 08:46:46.409323'),(158,'knowledge','0011_auto_20190612_1523','2019-06-13 08:46:47.140110'),(159,'knowledge','0012_auto_20190612_1523','2019-06-13 08:46:48.370978'),(160,'people','0002_auto_20190506_1410','2019-06-13 08:46:48.487893'),(161,'people','0003_people_picture','2019-06-13 08:46:48.617088'),(162,'people','0004_auto_20190506_1533','2019-06-13 08:46:48.962357'),(163,'people','0005_people_phone','2019-06-13 08:46:49.217662'),(164,'people','0006_auto_20190605_0958','2019-06-13 08:46:49.435070'),(165,'sessions','0001_initial','2019-06-13 08:46:49.546425'),(166,'taggit','0002_auto_20150616_2121','2019-06-13 08:46:49.613749'),(167,'wagtailadmin','0001_create_admin_access_permissions','2019-06-13 08:46:49.777275'),(168,'wagtaildocs','0001_initial','2019-06-13 08:46:49.999431'),(169,'wagtaildocs','0002_initial_data','2019-06-13 08:46:50.111831'),(170,'wagtaildocs','0003_add_verbose_names','2019-06-13 08:46:50.366301'),(171,'wagtaildocs','0004_capitalizeverbose','2019-06-13 08:46:50.706844'),(172,'wagtaildocs','0005_document_collection','2019-06-13 08:46:50.950028'),(173,'wagtaildocs','0006_copy_document_permissions_to_collections','2019-06-13 08:46:51.037444'),(174,'wagtaildocs','0005_alter_uploaded_by_user_on_delete_action','2019-06-13 08:46:51.204025'),(175,'wagtaildocs','0007_merge','2019-06-13 08:46:51.206034'),(176,'wagtaildocs','0008_document_file_size','2019-06-13 08:46:51.321642'),(177,'wagtaildocs','0009_document_verbose_name_plural','2019-06-13 08:46:51.360239'),(178,'wagtaildocs','0010_document_file_hash','2019-06-13 08:46:51.521479'),(179,'wagtailembeds','0001_initial','2019-06-13 08:46:51.629284'),(180,'wagtailembeds','0002_add_verbose_names','2019-06-13 08:46:51.644150'),(181,'wagtailembeds','0003_capitalizeverbose','2019-06-13 08:46:51.661727'),(182,'wagtailembeds','0004_embed_verbose_name_plural','2019-06-13 08:46:51.681623'),(183,'wagtailsearch','0001_initial','2019-06-13 08:46:52.486027'),(184,'wagtailsearch','0002_add_verbose_names','2019-06-13 08:46:52.808268'),(185,'wagtailsearch','0003_remove_editors_pick','2019-06-13 08:46:52.882681'),(186,'wagtailsearch','0004_querydailyhits_verbose_name_plural','2019-06-13 08:46:52.905773'),(187,'wagtailusers','0001_initial','2019-06-13 08:46:53.129469'),(188,'wagtailusers','0002_add_verbose_name_on_userprofile','2019-06-13 08:46:53.250052'),(189,'wagtailusers','0003_add_verbose_names','2019-06-13 08:46:53.347253'),(190,'wagtailusers','0004_capitalizeverbose','2019-06-13 08:46:53.521814'),(191,'wagtailusers','0005_make_related_name_wagtail_specific','2019-06-13 08:46:53.755297'),(192,'wagtailusers','0006_userprofile_prefered_language','2019-06-13 08:46:53.905384'),(193,'wagtailusers','0007_userprofile_current_time_zone','2019-06-13 08:46:54.064079'),(194,'wagtailusers','0008_userprofile_avatar','2019-06-13 08:46:54.177117'),(195,'wagtailusers','0009_userprofile_verbose_name_plural','2019-06-13 08:46:54.240586'),(196,'wagtailimages','0001_squashed_0021','2019-06-13 08:46:54.245636'),(197,'wagtailcore','0001_squashed_0016_change_page_url_path_to_text_field','2019-06-13 08:46:54.248471'),(198,'services','0001_initial','2019-06-19 12:04:36.960923'),(199,'knowledge','0013_auto_20190619_1204','2019-06-19 12:04:37.546357'),(200,'news','0028_auto_20190619_1204','2019-06-19 12:04:38.468863'),(201,'index','0001_initial','2019-06-19 12:27:45.116842'),(202,'services','0002_auto_20190619_1259','2019-06-19 12:59:51.388091'),(203,'services','0003_serviceindexpage_expertise_background','2019-06-19 13:20:08.859707'),(204,'services','0004_auto_20190619_1323','2019-06-19 13:24:00.318110'),(205,'services','0005_auto_20190619_1324','2019-06-19 13:24:52.289115'),(206,'index','0002_homepage_services_image','2019-06-19 15:11:40.150684'),(207,'services','0006_subservicepage','2019-06-23 17:39:59.767908'),(208,'about','0003_partner_company','2019-06-24 14:53:13.105696'),(209,'projects','0001_initial','2019-06-24 14:53:14.693765'),(210,'about','0004_remove_partner_page','2019-06-24 15:02:05.369089'),(211,'projects','0002_carouselitem','2019-06-24 15:12:06.058406'),(212,'projects','0003_projectresource','2019-06-25 08:21:01.963737'),(213,'projects','0004_auto_20190626_1244','2019-06-26 12:46:27.462191'),(214,'projects','0005_projectpage_summary','2019-06-26 12:51:04.200321'),(215,'people','0007_profilepage','2019-06-26 13:57:44.223879'),(216,'news','0029_auto_20190626_1413','2019-06-26 14:13:31.301204'),(217,'people','0008_auto_20190626_1413','2019-06-26 14:13:33.119235'),(218,'projects','0006_auto_20190626_1413','2019-06-26 14:13:33.677397'),(219,'people','0009_auto_20190626_1436','2019-06-26 14:37:45.091290'),(220,'people','0010_auto_20190626_1437','2019-06-26 14:37:45.347141'),(221,'people','0011_auto_20190626_1503','2019-06-26 15:04:01.896652'),(222,'people','0012_people_education_title','2019-06-26 15:14:19.886088'),(223,'people','0013_people_date_joined','2019-06-26 15:20:35.603499'),(224,'except_wagtail','0001_initial','2019-06-27 12:07:49.765168'),(225,'except_wagtail','0002_auto_20190627_1220','2019-06-27 12:20:42.588287'),(226,'except_wagtail','0003_auto_20190627_1221','2019-06-27 12:21:12.214872'),(227,'people','0014_auto_20190702_0752','2019-07-02 07:52:47.384772'),(228,'news','0030_newspage_highlight','2019-07-02 13:58:26.377399'),(229,'projects','0007_auto_20190702_1358','2019-07-02 13:58:26.764689'),(230,'projects','0008_projectpage_highlight','2019-07-02 13:59:39.709617'),(231,'knowledge','0014_resource_highlight','2019-07-02 14:27:43.366335'),(232,'knowledge','0015_auto_20190702_1518','2019-07-02 15:18:46.283615'),(233,'services','0007_servicepage_introduction','2019-07-02 15:18:46.435772'),(234,'knowledge','0016_auto_20190702_1531','2019-07-02 15:31:11.100365'),(235,'about','0005_auto_20190703_1021','2019-07-03 10:21:56.014044'),(236,'index','0003_auto_20190703_1021','2019-07-03 10:21:56.916046'),(237,'knowledge','0017_auto_20190703_1021','2019-07-03 10:21:57.909159'),(238,'news','0031_auto_20190703_1021','2019-07-03 10:22:01.269608'),(239,'people','0015_auto_20190703_1021','2019-07-03 10:22:02.222997'),(240,'projects','0009_auto_20190703_1021','2019-07-03 10:22:04.364648'),(241,'services','0008_auto_20190703_1021','2019-07-03 10:22:06.575812'),(242,'about','0006_auto_20190703_1024','2019-07-03 10:24:48.147384'),(243,'index','0004_auto_20190703_1024','2019-07-03 10:24:49.061398'),(244,'knowledge','0018_auto_20190703_1024','2019-07-03 10:24:49.793022'),(245,'news','0032_auto_20190703_1024','2019-07-03 10:24:52.498792'),(246,'people','0016_auto_20190703_1024','2019-07-03 10:24:53.277277'),(247,'projects','0010_auto_20190703_1024','2019-07-03 10:24:55.077820'),(248,'services','0009_auto_20190703_1024','2019-07-03 10:24:56.611645'),(249,'about','0007_auto_20190703_1026','2019-07-03 10:26:55.066164'),(250,'index','0005_auto_20190703_1026','2019-07-03 10:26:55.394188'),(251,'knowledge','0019_auto_20190703_1026','2019-07-03 10:26:55.696510'),(252,'news','0033_auto_20190703_1026','2019-07-03 10:26:56.647955'),(253,'people','0017_auto_20190703_1026','2019-07-03 10:26:56.946423'),(254,'projects','0011_auto_20190703_1026','2019-07-03 10:26:57.657336'),(255,'services','0010_auto_20190703_1026','2019-07-03 10:26:58.250992'),(256,'wagtailembeds','0005_specify_thumbnail_url_max_length','2019-07-04 07:56:13.896966'),(257,'index','0006_auto_20190704_0912','2019-07-04 09:12:53.295093'),(258,'except_wagtail','0004_auto_20190704_1403','2019-07-04 14:03:44.631386'),(259,'except_wagtail','0005_auto_20190704_1404','2019-07-04 14:04:32.437516'),(260,'except_wagtail','0006_auto_20190704_1410','2019-07-04 14:10:21.167948'),(261,'except_wagtail','0007_auto_20190704_1515','2019-07-04 15:15:20.566309'),(262,'except_wagtail','0008_auto_20190704_1521','2019-07-04 15:21:57.738827'),(263,'except_wagtail','0009_auto_20190704_1523','2019-07-04 15:23:14.292501'),(264,'about','0008_auto_20190708_0818','2019-07-08 08:18:48.091056'),(265,'except_wagtail','0010_auto_20190708_0818','2019-07-08 08:18:48.216292'),(266,'knowledge','0020_auto_20190708_0818','2019-07-08 08:18:48.616106'),(267,'news','0034_auto_20190708_0818','2019-07-08 08:18:49.641065'),(268,'people','0018_auto_20190708_0818','2019-07-08 08:18:51.778354'),(269,'projects','0012_auto_20190708_0818','2019-07-08 08:18:53.393488'),(270,'services','0011_auto_20190708_0818','2019-07-08 08:18:54.764151');
/*!40000 ALTER TABLE `django_migrations` ENABLE KEYS */;
UNLOCK TABLES;

--
-- Table structure for table `django_session`
--

DROP TABLE IF EXISTS `django_session`;
/*!40101 SET @saved_cs_client     = @@character_set_client */;
/*!40101 SET character_set_client = utf8 */;
CREATE TABLE `django_session` (
  `session_key` varchar(40) NOT NULL,
  `session_data` longtext NOT NULL,
  `expire_date` datetime(6) NOT NULL,
  PRIMARY KEY (`session_key`),
  KEY `django_session_expire_date_a5c62663` (`expire_date`)
) ENGINE=InnoDB DEFAULT CHARSET=latin1;
/*!40101 SET character_set_client = @saved_cs_client */;

--
-- Dumping data for table `django_session`
--

LOCK TABLES `django_session` WRITE;
/*!40000 ALTER TABLE `django_session` DISABLE KEYS */;
INSERT INTO `django_session` VALUES ('1yhm49oxiwl82htblmi90crui4axqb9s','YzBhMTgzNmVlODRmNzI1ZGJjNjZjODM2ZWI2OTQyMmZmNmIzYWQ2Njp7Il9hdXRoX3VzZXJfaWQiOiIyIiwiX2F1dGhfdXNlcl9iYWNrZW5kIjoiZGphbmdvLmNvbnRyaWIuYXV0aC5iYWNrZW5kcy5Nb2RlbEJhY2tlbmQiLCJfYXV0aF91c2VyX2hhc2giOiI2YjNmMTFjNWRmYTZkOGE3NmI4MDM4ZjU2Mzg5ZTc0ZDA4MDZmMTc1IiwiX2xhbmd1YWdlIjoiZW4iLCJ3YWd0YWlsLXByZXZpZXctNiI6WyJjc3JmbWlkZGxld2FyZXRva2VuPUpZdm5tcHpjNEkxRjlHWURJUXplTnFrZElYdDl6UlMyd0hodlljaTBHbzI2SHB4V3ZockZHdmhnb092MWQ2eFUmbmV4dD0mdGl0bGVfZW49SG9tZSZ0aXRsZV9ubD1Xb25pbmcmaGVyb19pbWFnZT0maGVyb190aXRsZV9lbj1XZSttYWtlK25ldytmdXR1cmVzK3Bvc3NpYmxlJmhlcm9fdGl0bGVfbmw9Jmhlcm9fc3VidGl0bGVfZW49TGVhZGluZytzdXN0YWluYWJpbGl0eStjb25zdWx0YW50cyslMjYrZGVzaWduZXJzJmhlcm9fc3VidGl0bGVfbmw9Jm5hdmJhcl9pbnZlcnRlZD1vbiZuYXZiYXJfdHJhbnNwYXJlbnQ9b24maW50cm9kdWN0aW9uX2VuPUV0aWFtK2VsZW1lbnR1bStjb25kaW1lbnR1bSttYXNzYStxdWlzK3J1dHJ1bS4rUGVsbGVudGVzcXVlK3NpdCthbWV0K3Jpc3VzK2ltcGVyZGlldCUyQyt2ZWhpY3VsYStsaWJlcm8rdGVtcG9yJTJDK3Job25jdXMrYXVndWUuK1ZpdmFtdXMrdnVscHV0YXRlK2FsaXF1ZXQrbWFnbmErdmVsK3RlbXB1cy4rTWF1cmlzK2xhb3JlZXQrYXQranVzdG8rc2l0K2FtZXQrZmV1Z2lhdC4rQ3JhcytxdWlzK2F1Z3VlK25lYytzYXBpZW4rbW9sbGlzK2RhcGlidXMuK1BlbGxlbnRlc3F1ZStlbmltK21hdXJpcyUyQytjb25zZXF1YXQraW4rbG9yZW0raWQlMkMrZmFjaWxpc2lzK2NvbmRpbWVudHVtK2xpYmVyby4rTmFtK2FjK3NhcGllbitwb3N1ZXJlJTJDK29ybmFyZStkdWkrbmVjJTJDK2N1cnN1cytwdXJ1cy4rRnVzY2Urc2l0K2FtZXQrb3JjaSttYXNzYS4rTmFtK2xhY2luaWErbWF1cmlzK2FjK2F1Y3RvcitlbGVpZmVuZC4rQ3Jhcytjb21tb2RvJTJDK25pc2krbWF0dGlzK3ZlaGljdWxhK3RlbXB1cyUyQyttZXR1cythbnRlK2ZpbmlidXMrb3JjaSUyQytpbitlbGVpZmVuZCtlcm9zK2lwc3VtK2V1K2VuaW0uK0N1cmFiaXR1citldCthcmN1K2V1K3ZlbGl0K2VnZXN0YXMrdmFyaXVzLitBZW5lYW4rbW9sZXN0aWUrdmFyaXVzK3VsdHJpY2llcy4rVXQrZWdldCtkaWduaXNzaW0rbWklMkMrY29uc2VxdWF0K3RyaXN0aXF1ZSttZXR1cy4rSW50ZWdlcitjb252YWxsaXMrdWxsYW1jb3JwZXIrY29uZGltZW50dW0uK0luK3NjZWxlcmlzcXVlK251bGxhK2VnZXQrcXVhbStzdXNjaXBpdCtmaW5pYnVzLitJbittZXR1cytsaWJlcm8lMkMrc3VzY2lwaXQraW4rbWF4aW11cytzaXQrYW1ldCUyQytncmF2aWRhK2FjK2R1aS4maW50cm9kdWN0aW9uX25sPUV0aWFtK2VsZW1lbnR1bStjb25kaW1lbnR1bSttYXNzYStxdWlzK3J1dHJ1bS4rUGVsbGVudGVzcXVlK3NpdCthbWV0K3Jpc3VzK2ltcGVyZGlldCUyQyt2ZWhpY3VsYStsaWJlcm8rdGVtcG9yJTJDK3Job25jdXMrYXVndWUuK1ZpdmFtdXMrdnVscHV0YXRlK2FsaXF1ZXQrbWFnbmErdmVsK3RlbXB1cy4rTWF1cmlzK2xhb3JlZXQrYXQranVzdG8rc2l0K2FtZXQrZmV1Z2lhdC4rQ3JhcytxdWlzK2F1Z3VlK25lYytzYXBpZW4rbW9sbGlzK2RhcGlidXMuK1BlbGxlbnRlc3F1ZStlbmltK21hdXJpcyUyQytjb25zZXF1YXQraW4rbG9yZW0raWQlMkMrZmFjaWxpc2lzK2NvbmRpbWVudHVtK2xpYmVyby4rTmFtK2FjK3NhcGllbitwb3N1ZXJlJTJDK29ybmFyZStkdWkrbmVjJTJDK2N1cnN1cytwdXJ1cy4rRnVzY2Urc2l0K2FtZXQrb3JjaSttYXNzYS4rTmFtK2xhY2luaWErbWF1cmlzK2FjK2F1Y3RvcitlbGVpZmVuZC4rQ3Jhcytjb21tb2RvJTJDK25pc2krbWF0dGlzK3ZlaGljdWxhK3RlbXB1cyUyQyttZXR1cythbnRlK2ZpbmlidXMrb3JjaSUyQytpbitlbGVpZmVuZCtlcm9zK2lwc3VtK2V1K2VuaW0uK0N1cmFiaXR1citldCthcmN1K2V1K3ZlbGl0K2VnZXN0YXMrdmFyaXVzLitBZW5lYW4rbW9sZXN0aWUrdmFyaXVzK3VsdHJpY2llcy4rVXQrZWdldCtkaWduaXNzaW0rbWklMkMrY29uc2VxdWF0K3RyaXN0aXF1ZSttZXR1cy4rSW50ZWdlcitjb252YWxsaXMrdWxsYW1jb3JwZXIrY29uZGltZW50dW0uK0luK3NjZWxlcmlzcXVlK251bGxhK2VnZXQrcXVhbStzdXNjaXBpdCtmaW5pYnVzLitJbittZXR1cytsaWJlcm8lMkMrc3VzY2lwaXQraW4rbWF4aW11cytzaXQrYW1ldCUyQytncmF2aWRhK2FjK2R1aS4mY2Fyb3VzZWxfaXRlbXMtVE9UQUxfRk9STVM9MyZjYXJvdXNlbF9pdGVtcy1JTklUSUFMX0ZPUk1TPTMmY2Fyb3VzZWxfaXRlbXMtTUlOX05VTV9GT1JNUz0wJmNhcm91c2VsX2l0ZW1zLU1BWF9OVU1fRk9STVM9MTAwMCZjYXJvdXNlbF9pdGVtcy0wLWltYWdlPTQmY2Fyb3VzZWxfaXRlbXMtMC1zY2FsaW5nPWZpdCZjYXJvdXNlbF9pdGVtcy0wLXRpdGxlX2VuPUV4Y2VwdCtTaWQrTWV0aG9kb2xvZ3kmY2Fyb3VzZWxfaXRlbXMtMC10aXRsZV9ubD1FeGNlcHQrU2lkK01ldGhvZG9sb2d5JmNhcm91c2VsX2l0ZW1zLTAtY2FwdGlvbl9lbj1FeGNlcHQrU2lkK01ldGhvZG9sb2d5JmNhcm91c2VsX2l0ZW1zLTAtY2FwdGlvbl9ubD1FeGNlcHQrU2lkK01ldGhvZG9sb2d5JmNhcm91c2VsX2l0ZW1zLTAtbGlua190aXRsZV9lbj1TaWQrd2Vic2l0ZSZjYXJvdXNlbF9pdGVtcy0wLWxpbmtfdGl0bGVfbmw9U2lkK3dlYnNpdGUmY2Fyb3VzZWxfaXRlbXMtMC1saW5rX3BhZ2U9JmNhcm91c2VsX2l0ZW1zLTAtaWQ9MSZjYXJvdXNlbF9pdGVtcy0wLU9SREVSPTEmY2Fyb3VzZWxfaXRlbXMtMC1ERUxFVEU9JmNhcm91c2VsX2l0ZW1zLTEtaW1hZ2U9MjgmY2Fyb3VzZWxfaXRlbXMtMS1zY2FsaW5nPWZpbGwmY2Fyb3VzZWxfaXRlbXMtMS10aXRsZV9lbj1BY2hpZXZpbmcrZ2xvYmFsK2ltcGFjdCZjYXJvdXNlbF9pdGVtcy0xLXRpdGxlX25sPVdlcmVsZHdpamRlK2ltcGFjdCtyZWFsaXNlcmVuJmNhcm91c2VsX2l0ZW1zLTEtY2FwdGlvbl9lbj1PdXIrdGVhbStvZitleHBlcnRzK3NoYXJlcyt0aGVpcitleHBlcmllbmNlK2FuZCtwYXNzaW9uK3NpbmNlKzE5OTkraW4rbW9yZSt0aGFuKzUwMCtwcm9qZWN0cyt3b3JsZHdpZGUlMkMrZm9yK292ZXIrMjAwK3BhcnRuZXJzLiZjYXJvdXNlbF9pdGVtcy0xLWNhcHRpb25fbmw9T25zK3RlYW0rdmFuK2V4cGVydHMrZGVlbHQraHVuK2VydmFyaW5nK2VuK3Bhc3NpZStzaW5kcysxOTk5K2luK21lZXIrZGFuKzUwMCtwcm9qZWN0ZW4rb3ZlcitkZStoZWxlK3dlcmVsZCUyQyt2b29yK21lZXIrZGFuKzIwMCtwYXJ0bmVycy4mY2Fyb3VzZWxfaXRlbXMtMS1saW5rX3RpdGxlX2VuPVZpZXcrb3VyK3Byb2plY3RzJmNhcm91c2VsX2l0ZW1zLTEtbGlua190aXRsZV9ubD1CZWtpamsrb256ZStwcm9qZWN0ZW4mY2Fyb3VzZWxfaXRlbXMtMS1saW5rX3BhZ2U9JmNhcm91c2VsX2l0ZW1zLTEtaWQ9MiZjYXJvdXNlbF9pdGVtcy0xLU9SREVSPTImY2Fyb3VzZWxfaXRlbXMtMS1ERUxFVEU9JmNhcm91c2VsX2l0ZW1zLTItaW1hZ2U9MyZjYXJvdXNlbF9pdGVtcy0yLXNjYWxpbmc9ZmlsbCZjYXJvdXNlbF9pdGVtcy0yLXRpdGxlX2VuPUNhdGFseXRpYytidWlsZGluZyZjYXJvdXNlbF9pdGVtcy0yLXRpdGxlX25sPUNhdGFseXRpYytidWlsZGluZyZjYXJvdXNlbF9pdGVtcy0yLWNhcHRpb25fZW49Q2F0YWx5dGljK2J1aWxkaW5nJmNhcm91c2VsX2l0ZW1zLTItY2FwdGlvbl9ubD1DYXRhbHl0aWMrYnVpbGRpbmcmY2Fyb3VzZWxfaXRlbXMtMi1saW5rX3RpdGxlX2VuPUNhdGFseXRpYytidWlsZGluZyZjYXJvdXNlbF9pdGVtcy0yLWxpbmtfdGl0bGVfbmw9Q2F0YWx5dGljK2J1aWxkaW5nJmNhcm91c2VsX2l0ZW1zLTItbGlua19wYWdlPTE5JmNhcm91c2VsX2l0ZW1zLTItaWQ9MyZjYXJvdXNlbF9pdGVtcy0yLU9SREVSPTMmY2Fyb3VzZWxfaXRlbXMtMi1ERUxFVEU9JnNlcnZpY2VzX2ltYWdlPSZzbHVnX2VuPWV4Y2VwdCZzbHVnX25sPWV4Y2VwdCZzZW9fdGl0bGVfZW49JnNlb190aXRsZV9ubD0mc2hvd19pbl9tZW51cz1vbiZzZWFyY2hfZGVzY3JpcHRpb25fZW49JnNlYXJjaF9kZXNjcmlwdGlvbl9ubD0mZ29fbGl2ZV9hdD0mZXhwaXJlX2F0PSIsMTU2MjI0Mjc4Ni45MTI3NDZdfQ==','2019-07-18 12:35:00.430534'),('jj3vtyawmxxakiukb0n5ebocodv02u8q','ZTlhODcwMzI3MTZhM2ZhZjViMjBlOTQwZjc2NGE5ZmQyMzgzZjNjNTp7Il9hdXRoX3VzZXJfaWQiOiIyIiwiX2F1dGhfdXNlcl9iYWNrZW5kIjoiZGphbmdvLmNvbnRyaWIuYXV0aC5iYWNrZW5kcy5Nb2RlbEJhY2tlbmQiLCJfYXV0aF91c2VyX2hhc2giOiI2YjNmMTFjNWRmYTZkOGE3NmI4MDM4ZjU2Mzg5ZTc0ZDA4MDZmMTc1Iiwid2FndGFpbC1wcmV2aWV3LTEyIjpbImNzcmZtaWRkbGV3YXJldG9rZW49TGxHN3BWVVU4dzVyWG9NUDBIYW9kR3VpQlZFUm5pVFJvR3VnQ0ZDb2wxSlRtckJkakVvbmhBU2oyVU1sWDVYcSZuZXh0PSZ0aXRsZV9lbj1BYm91dCZ0aXRsZV9ubD1BYm91dCZuYXZiYXJfaW52ZXJ0ZWQ9b24maGVyb19pbWFnZT0maGVyb190aXRsZV9lbj1PdXIrUHJvZmlsZSZoZXJvX3RpdGxlX25sPU91citQcm9maWxlJmhlcm9fc3VidGl0bGVfZW49TGVhZGluZytzdXN0YWluYWJpbGl0eStjb25zdWx0YW50cyslMjYrZGVzaWduZXJzJmhlcm9fc3VidGl0bGVfbmw9TGVhZGluZytzdXN0YWluYWJpbGl0eStjb25zdWx0YW50cyslMjYrZGVzaWduZXJzJmV4Y2VwdF9pbnRyb2R1Y3Rpb249TWFlY2VuYXMrZXUrbmliaCtkaWduaXNzaW0lMkMrbG9ib3J0aXMrZW5pbSttYWxlc3VhZGElMkMrcGVsbGVudGVzcXVlK2V4LitOdWxsYW0rc2NlbGVyaXNxdWUrcGxhY2VyYXQrbmlzbCUyQytzZWQrZnJpbmdpbGxhK29yY2krYWNjdW1zYW4rc2l0K2FtZXQuK1BoYXNlbGx1cyt2aXRhZStxdWFtK3NlbS4rTWF1cmlzK2VsZW1lbnR1bStuZXF1ZStpZCtsYWN1cytlbGVtZW50dW0rcHVsdmluYXIuK0N1cmFiaXR1citmYWNpbGlzaXMrYXVjdG9yK2xpZ3VsYSUyQyt2aXRhZSttYWxlc3VhZGErbnVuYytjb25ndWUrc2VkLitGdXNjZStzY2VsZXJpc3F1ZStldWlzbW9kK2VsaXQrZWdldCtpYWN1bGlzLitBbGlxdWFtK2V1K3BlbGxlbnRlc3F1ZSt0ZWxsdXMuK051bGxhbStpbit0dXJwaXMrdmVsK3RvcnRvcitjb25zZWN0ZXR1citpbXBlcmRpZXQrYWMrZXUrZHVpLitEb25lYytwdWx2aW5hcitydXRydW0rZXgrbm9uK29ybmFyZS4rTW9yYmkrbWF4aW11cytncmF2aWRhK3VsbGFtY29ycGVyLitOdWxsYW0rYWxpcXVhbSthbGlxdWV0K21hdHRpcy4rSW4rYXQrdXJuYStzYWdpdHRpcytsaWJlcm8rcGxhY2VyYXQrYWNjdW1zYW4uK0ludGVnZXIrdml2ZXJyYSthYyttZXR1cytmYXVjaWJ1cytoZW5kcmVyaXQuK0N1cmFiaXR1citvZGlvK21pJTJDK2F1Y3RvcithYytzZW0raW4lMkMraGVuZHJlcml0K2xvYm9ydGlzK2xvcmVtLiZ0ZWFtX2ludHJvZHVjdGlvbj0lN0IlMjJibG9ja3MlMjIlM0ElNUIlN0IlMjJrZXklMjIlM0ElMjIxM3AwMSUyMiUyQyUyMnRleHQlMjIlM0ElMjJVdCtlc3QrbnVsbGElMkMrZmV1Z2lhdCthK2F1Z3VlK2F0JTJDK3ByZXRpdW0rdGVtcG9yK251bmMuK01hdXJpcythYytsZWN0dXMrZXUrYXVndWUrbGFvcmVldCtjb21tb2RvLitDdXJhYml0dXIrdml0YWUrbWkraWQrbWFzc2ErdmFyaXVzK2VmZmljaXR1cithdCtpbithcmN1LitBbGlxdWFtK3RlbXBvcithcmN1K3F1aXMraXBzdW0rY29udmFsbGlzJTJDK2lkK2ZhY2lsaXNpcytlcm9zK3Bvc3VlcmUuK0FlbmVhbit2aXRhZStsb2JvcnRpcyt0b3J0b3IlMkMrbm9uK2RhcGlidXMrbWFzc2EuK01vcmJpK3ZpdmVycmElMkMrdmVsaXQrbm9uK2lhY3VsaXMrb3JuYXJlJTJDK2R1aStuaWJoK3Zhcml1cytwdXJ1cyUyQytlZ2V0K3Zlc3RpYnVsdW0rdXJuYStuaWJoK3F1aXMrb3JjaS4rUHJhZXNlbnQrcXVpcytsaWJlcm8rZXUrbGliZXJvK3ZpdmVycmEraGVuZHJlcml0K2luK2VnZXQrZXJhdC4rUHJhZXNlbnQrYStwdXJ1cytub24rZWxpdCtibGFuZGl0K2hlbmRyZXJpdC4lMjIlMkMlMjJ0eXBlJTIyJTNBJTIydW5zdHlsZWQlMjIlMkMlMjJkZXB0aCUyMiUzQTAlMkMlMjJpbmxpbmVTdHlsZVJhbmdlcyUyMiUzQSU1QiU1RCUyQyUyMmVudGl0eVJhbmdlcyUyMiUzQSU1QiU1RCUyQyUyMmRhdGElMjIlM0ElN0IlN0QlN0QlNUQlMkMlMjJlbnRpdHlNYXAlMjIlM0ElN0IlN0QlN0QmY29sbGFib3JhdGlvbl9pbnRyb2R1Y3Rpb249JTdCJTBEJTBBKysrKyUyMmJsb2NrcyUyMiUzQSslNUIlMEQlMEErKysrKysrKyU3QiUwRCUwQSsrKysrKysrKysrKyUyMmtleSUyMiUzQSslMjJ0Z2VwZCUyMiUyQyUwRCUwQSsrKysrKysrKysrKyUyMnR5cGUlMjIlM0ErJTIydW5zdHlsZWQlMjIlMkMlMEQlMEErKysrKysrKysrKyslMjJkZXB0aCUyMiUzQSswJTJDJTBEJTBBKysrKysrKysrKysrJTIydGV4dCUyMiUzQSslMjJVdCtlc3QrbnVsbGElMkMrZmV1Z2lhdCthK2F1Z3VlK2F0JTJDK3ByZXRpdW0rdGVtcG9yK251bmMuK01hdXJpcythYytsZWN0dXMrZXUrYXVndWUrbGFvcmVldCtjb21tb2RvLitDdXJhYml0dXIrdml0YWUrbWkraWQrbWFzc2ErdmFyaXVzK2VmZmljaXR1cithdCtpbithcmN1LitBbGlxdWFtK3RlbXBvcithcmN1K3F1aXMraXBzdW0rY29udmFsbGlzJTJDK2lkK2ZhY2lsaXNpcytlcm9zK3Bvc3VlcmUuK0FlbmVhbit2aXRhZStsb2JvcnRpcyt0b3J0b3IlMkMrbm9uK2RhcGlidXMrbWFzc2EuK01vcmJpK3ZpdmVycmElMkMrdmVsaXQrbm9uK2lhY3VsaXMrb3JuYXJlJTJDK2R1aStuaWJoK3Zhcml1cytwdXJ1cyUyQytlZ2V0K3Zlc3RpYnVsdW0rdXJuYStuaWJoK3F1aXMrb3JjaS4rUHJhZXNlbnQrcXVpcytsaWJlcm8rZXUrbGliZXJvK3ZpdmVycmEraGVuZHJlcml0K2luK2VnZXQrZXJhdC4rUHJhZXNlbnQrYStwdXJ1cytub24rZWxpdCtibGFuZGl0K2hlbmRyZXJpdC4lMjIlMkMlMEQlMEErKysrKysrKysrKyslMjJpbmxpbmVTdHlsZVJhbmdlcyUyMiUzQSslNUIlNUQlMkMlMEQlMEErKysrKysrKysrKyslMjJlbnRpdHlSYW5nZXMlMjIlM0ErJTVCJTVEJTBEJTBBKysrKysrKyslN0QlMEQlMEErKysrJTVEJTJDJTBEJTBBKysrKyUyMmVudGl0eU1hcCUyMiUzQSslN0IlN0QlMEQlMEElN0QmcXVvdGVzLVRPVEFMX0ZPUk1TPTImcXVvdGVzLUlOSVRJQUxfRk9STVM9MiZxdW90ZXMtTUlOX05VTV9GT1JNUz0wJnF1b3Rlcy1NQVhfTlVNX0ZPUk1TPTEwMDAmcXVvdGVzLTAtY29tcGFueT1JVUNOK0ludGVyaW0rbWFuYWdlcitMZWFkZXJzK2ZvcitOYXR1cmUmcXVvdGVzLTAtbmFtZT1NaXJpYW0rdmFuK0dvb2wmcXVvdGVzLTAtY2FwdGlvbj0lN0IlMEQlMEErKysrJTIyYmxvY2tzJTIyJTNBKyU1QiUwRCUwQSsrKysrKysrJTdCJTBEJTBBKysrKysrKysrKysrJTIya2V5JTIyJTNBKyUyMjZqM2IxJTIyJTJDJTBEJTBBKysrKysrKysrKysrJTIydHlwZSUyMiUzQSslMjJ1bnN0eWxlZCUyMiUyQyUwRCUwQSsrKysrKysrKysrKyUyMmRlcHRoJTIyJTNBKzAlMkMlMEQlMEErKysrKysrKysrKyslMjJ0ZXh0JTIyJTNBKyUyMlV0K2VzdCtudWxsYSUyQytmZXVnaWF0K2ErYXVndWUrYXQlMkMrcHJldGl1bSt0ZW1wb3IrbnVuYy4rTWF1cmlzK2FjK2xlY3R1cytldSthdWd1ZStsYW9yZWV0K2NvbW1vZG8uK0N1cmFiaXR1cit2aXRhZSttaStpZCttYXNzYSt2YXJpdXMrZWZmaWNpdHVyK2F0K2luK2FyY3UuK0FsaXF1YW0rdGVtcG9yK2FyY3UrcXVpcytpcHN1bStjb252YWxsaXMlMkMraWQrZmFjaWxpc2lzK2Vyb3MrcG9zdWVyZS4rQWVuZWFuK3ZpdGFlK2xvYm9ydGlzK3RvcnRvciUyQytub24rZGFwaWJ1cyttYXNzYS4lMjIlMkMlMEQlMEErKysrKysrKysrKyslMjJpbmxpbmVTdHlsZVJhbmdlcyUyMiUzQSslNUIlNUQlMkMlMEQlMEErKysrKysrKysrKyslMjJlbnRpdHlSYW5nZXMlMjIlM0ErJTVCJTVEJTBEJTBBKysrKysrKyslN0QlMEQlMEErKysrJTVEJTJDJTBEJTBBKysrKyUyMmVudGl0eU1hcCUyMiUzQSslN0IlN0QlMEQlMEElN0QmcXVvdGVzLTAtaWQ9MSZxdW90ZXMtMC1PUkRFUj0xJnF1b3Rlcy0wLURFTEVURT0mcXVvdGVzLTEtY29tcGFueT1JVUNOK0ludGVyaW0rbWFuYWdlcitMZWFkZXJzK2ZvcitOYXR1cmUmcXVvdGVzLTEtbmFtZT1NaXJpYW0rdmFuK0dvb2wmcXVvdGVzLTEtY2FwdGlvbj0lN0IlMEQlMEErKysrJTIyYmxvY2tzJTIyJTNBKyU1QiUwRCUwQSsrKysrKysrJTdCJTBEJTBBKysrKysrKysrKysrJTIya2V5JTIyJTNBKyUyMmhtcjhzJTIyJTJDJTBEJTBBKysrKysrKysrKysrJTIydHlwZSUyMiUzQSslMjJ1bnN0eWxlZCUyMiUyQyUwRCUwQSsrKysrKysrKysrKyUyMmRlcHRoJTIyJTNBKzAlMkMlMEQlMEErKysrKysrKysrKyslMjJ0ZXh0JTIyJTNBKyUyMlV0K2VzdCtudWxsYSUyQytmZXVnaWF0K2ErYXVndWUrYXQlMkMrcHJldGl1bSt0ZW1wb3IrbnVuYy4rTWF1cmlzK2FjK2xlY3R1cytldSthdWd1ZStsYW9yZWV0K2NvbW1vZG8uK0N1cmFiaXR1cit2aXRhZSttaStpZCttYXNzYSt2YXJpdXMrZWZmaWNpdHVyK2F0K2luK2FyY3UuK0FsaXF1YW0rdGVtcG9yK2FyY3UrcXVpcytpcHN1bStjb252YWxsaXMlMkMraWQrZmFjaWxpc2lzK2Vyb3MrcG9zdWVyZS4rQWVuZWFuK3ZpdGFlK2xvYm9ydGlzK3RvcnRvciUyQytub24rZGFwaWJ1cyttYXNzYS4lMjIlMkMlMEQlMEErKysrKysrKysrKyslMjJpbmxpbmVTdHlsZVJhbmdlcyUyMiUzQSslNUIlNUQlMkMlMEQlMEErKysrKysrKysrKyslMjJlbnRpdHlSYW5nZXMlMjIlM0ErJTVCJTVEJTBEJTBBKysrKysrKyslN0QlMEQlMEErKysrJTVEJTJDJTBEJTBBKysrKyUyMmVudGl0eU1hcCUyMiUzQSslN0IlN0QlMEQlMEElN0QmcXVvdGVzLTEtaWQ9MiZxdW90ZXMtMS1PUkRFUj0yJnF1b3Rlcy0xLURFTEVURT0mc2x1Z19lbj1hYm91dCZzbHVnX25sPWFib3V0JnNlb190aXRsZV9lbj0mc2VvX3RpdGxlX25sPSZzaG93X2luX21lbnVzPW9uJnNlYXJjaF9kZXNjcmlwdGlvbl9lbj0mc2VhcmNoX2Rlc2NyaXB0aW9uX25sPSZnb19saXZlX2F0PSZleHBpcmVfYXQ9IiwxNTYyMjM2MDE5LjM4OTI3XSwiX2xhbmd1YWdlIjoiZW4ifQ==','2019-07-18 12:01:29.603068'),('r4uvd460kjs245x7hlswfpx5gliyair4','MDY0NTk3NTJiMmNjOTI1ZTNkZGUwMTEzMjQ5ZmFjMjJjN2I1YWU3Yjp7Il9hdXRoX3VzZXJfaWQiOiIyIiwiX2F1dGhfdXNlcl9iYWNrZW5kIjoiZGphbmdvLmNvbnRyaWIuYXV0aC5iYWNrZW5kcy5Nb2RlbEJhY2tlbmQiLCJfYXV0aF91c2VyX2hhc2giOiI2YjNmMTFjNWRmYTZkOGE3NmI4MDM4ZjU2Mzg5ZTc0ZDA4MDZmMTc1Iiwid2FndGFpbC1wcmV2aWV3LTYiOlsiY3NyZm1pZGRsZXdhcmV0b2tlbj1DVUpzaXRZWjlJcE5EbVl1Z0lQZWc4dXBaNWVxejhGejRqYXJVVE5yaVBHV1YyeTQzVWJORDhWTHFpOXpRazlkJm5leHQ9JnRpdGxlX25sPUhvbWUmdGl0bGVfZW49Jmhlcm9faW1hZ2U9Jm5hdmJhcl9pbnZlcnRlZD1vbiZuYXZiYXJfdHJhbnNwYXJlbnQ9b24maGVyb190aXRsZV9ubD1XZSttYWtlK25ldytmdXR1cmVzK3Bvc3NpYmxlJmhlcm9fdGl0bGVfZW49Jmhlcm9fc3VidGl0bGVfbmw9TGVhZGluZytzdXN0YWluYWJpbGl0eStjb25zdWx0YW50cyslMjYrZGVzaWduZXJzJmhlcm9fc3VidGl0bGVfZW49JmludHJvPUV0aWFtK2VsZW1lbnR1bStjb25kaW1lbnR1bSttYXNzYStxdWlzK3J1dHJ1bS4rUGVsbGVudGVzcXVlK3NpdCthbWV0K3Jpc3VzK2ltcGVyZGlldCUyQyt2ZWhpY3VsYStsaWJlcm8rdGVtcG9yJTJDK3Job25jdXMrYXVndWUuK1ZpdmFtdXMrdnVscHV0YXRlK2FsaXF1ZXQrbWFnbmErdmVsK3RlbXB1cy4rTWF1cmlzK2xhb3JlZXQrYXQranVzdG8rc2l0K2FtZXQrZmV1Z2lhdC4rQ3JhcytxdWlzK2F1Z3VlK25lYytzYXBpZW4rbW9sbGlzK2RhcGlidXMuK1BlbGxlbnRlc3F1ZStlbmltK21hdXJpcyUyQytjb25zZXF1YXQraW4rbG9yZW0raWQlMkMrZmFjaWxpc2lzK2NvbmRpbWVudHVtK2xpYmVyby4rTmFtK2FjK3NhcGllbitwb3N1ZXJlJTJDK29ybmFyZStkdWkrbmVjJTJDK2N1cnN1cytwdXJ1cy4rRnVzY2Urc2l0K2FtZXQrb3JjaSttYXNzYS4rTmFtK2xhY2luaWErbWF1cmlzK2FjK2F1Y3RvcitlbGVpZmVuZC4rQ3Jhcytjb21tb2RvJTJDK25pc2krbWF0dGlzK3ZlaGljdWxhK3RlbXB1cyUyQyttZXR1cythbnRlK2ZpbmlidXMrb3JjaSUyQytpbitlbGVpZmVuZCtlcm9zK2lwc3VtK2V1K2VuaW0uK0N1cmFiaXR1citldCthcmN1K2V1K3ZlbGl0K2VnZXN0YXMrdmFyaXVzLitBZW5lYW4rbW9sZXN0aWUrdmFyaXVzK3VsdHJpY2llcy4rVXQrZWdldCtkaWduaXNzaW0rbWklMkMrY29uc2VxdWF0K3RyaXN0aXF1ZSttZXR1cy4rSW50ZWdlcitjb252YWxsaXMrdWxsYW1jb3JwZXIrY29uZGltZW50dW0uK0luK3NjZWxlcmlzcXVlK251bGxhK2VnZXQrcXVhbStzdXNjaXBpdCtmaW5pYnVzLitJbittZXR1cytsaWJlcm8lMkMrc3VzY2lwaXQraW4rbWF4aW11cytzaXQrYW1ldCUyQytncmF2aWRhK2FjK2R1aS4mY2Fyb3VzZWxfaXRlbXMtVE9UQUxfRk9STVM9MyZjYXJvdXNlbF9pdGVtcy1JTklUSUFMX0ZPUk1TPTMmY2Fyb3VzZWxfaXRlbXMtTUlOX05VTV9GT1JNUz0wJmNhcm91c2VsX2l0ZW1zLU1BWF9OVU1fRk9STVM9MTAwMCZjYXJvdXNlbF9pdGVtcy0wLWltYWdlPTQmY2Fyb3VzZWxfaXRlbXMtMC1zY2FsaW5nPWZpdCZjYXJvdXNlbF9pdGVtcy0wLXRpdGxlPUV4Y2VwdCtTaWQrTWV0aG9kb2xvZ3kmY2Fyb3VzZWxfaXRlbXMtMC1jYXB0aW9uPUV4Y2VwdCtTaWQrTWV0aG9kb2xvZ3kmY2Fyb3VzZWxfaXRlbXMtMC1saW5rX3RpdGxlPVNpZCt3ZWJzaXRlJmNhcm91c2VsX2l0ZW1zLTAtbGlua19wYWdlPSZjYXJvdXNlbF9pdGVtcy0wLWlkPTEmY2Fyb3VzZWxfaXRlbXMtMC1PUkRFUj0xJmNhcm91c2VsX2l0ZW1zLTAtREVMRVRFPSZjYXJvdXNlbF9pdGVtcy0xLWltYWdlPTI4JmNhcm91c2VsX2l0ZW1zLTEtc2NhbGluZz1maWxsJmNhcm91c2VsX2l0ZW1zLTEtdGl0bGU9QWNoaWV2aW5nK2dsb2JhbCtpbXBhY3QmY2Fyb3VzZWxfaXRlbXMtMS1jYXB0aW9uPU91cit0ZWFtK29mK2V4cGVydHMrc2hhcmVzK3RoZWlyK2V4cGVyaWVuY2UrYW5kK3Bhc3Npb24rc2luY2UrMTk5OStpbittb3JlK3RoYW4rNTAwK3Byb2plY3RzK3dvcmxkd2lkZSUyQytmb3Irb3ZlcisyMDArcGFydG5lcnMuJmNhcm91c2VsX2l0ZW1zLTEtbGlua190aXRsZT1WaWV3K291citwcm9qZWN0cyZjYXJvdXNlbF9pdGVtcy0xLWxpbmtfcGFnZT0mY2Fyb3VzZWxfaXRlbXMtMS1pZD0yJmNhcm91c2VsX2l0ZW1zLTEtT1JERVI9MiZjYXJvdXNlbF9pdGVtcy0xLURFTEVURT0mY2Fyb3VzZWxfaXRlbXMtMi1pbWFnZT0zJmNhcm91c2VsX2l0ZW1zLTItc2NhbGluZz1maWxsJmNhcm91c2VsX2l0ZW1zLTItdGl0bGU9Q2F0YWx5dGljK2J1aWxkaW5nJmNhcm91c2VsX2l0ZW1zLTItY2FwdGlvbj1DYXRhbHl0aWMrYnVpbGRpbmcmY2Fyb3VzZWxfaXRlbXMtMi1saW5rX3RpdGxlPUNhdGFseXRpYytidWlsZGluZyZjYXJvdXNlbF9pdGVtcy0yLWxpbmtfcGFnZT0xOSZjYXJvdXNlbF9pdGVtcy0yLWlkPTMmY2Fyb3VzZWxfaXRlbXMtMi1PUkRFUj0zJmNhcm91c2VsX2l0ZW1zLTItREVMRVRFPSZzZXJ2aWNlc19pbWFnZT0mc2x1Z19ubD1leGNlcHQmc2x1Z19lbj0mc2VvX3RpdGxlX25sPSZzZW9fdGl0bGVfZW49JnNob3dfaW5fbWVudXM9b24mc2VhcmNoX2Rlc2NyaXB0aW9uX25sPSZzZWFyY2hfZGVzY3JpcHRpb25fZW49JmdvX2xpdmVfYXQ9JmV4cGlyZV9hdD0iLDE1NjIyMjY0MTAuODk5MTg1Ml19','2019-07-18 07:46:51.071974'),('wfq3yc79oc3z2wt2jxu5idmqkh18xn00','NjFkMGE0Y2FiZjQyMDY3NGNjNWFhMzU0MWQ2ZGRmNWQ1NDdlYmY5ZDp7Il9hdXRoX3VzZXJfaWQiOiIyIiwiX2F1dGhfdXNlcl9iYWNrZW5kIjoiZGphbmdvLmNvbnRyaWIuYXV0aC5iYWNrZW5kcy5Nb2RlbEJhY2tlbmQiLCJfYXV0aF91c2VyX2hhc2giOiI2YjNmMTFjNWRmYTZkOGE3NmI4MDM4ZjU2Mzg5ZTc0ZDA4MDZmMTc1IiwiX2xhbmd1YWdlIjoiZW4ifQ==','2019-07-22 10:10:08.933250'),('yjcxwe365tdqhbe1h2g1rf3jkgxs7psp','NjU2MjVhM2MxMjM1YWIxZTJkMzA4ZjZhMjVhNmUyZGYxZjZhODJiODp7Il9hdXRoX3VzZXJfaWQiOiIyIiwiX2F1dGhfdXNlcl9iYWNrZW5kIjoiZGphbmdvLmNvbnRyaWIuYXV0aC5iYWNrZW5kcy5Nb2RlbEJhY2tlbmQiLCJfYXV0aF91c2VyX2hhc2giOiI2YjNmMTFjNWRmYTZkOGE3NmI4MDM4ZjU2Mzg5ZTc0ZDA4MDZmMTc1In0=','2019-07-18 09:37:18.085662');
/*!40000 ALTER TABLE `django_session` ENABLE KEYS */;
UNLOCK TABLES;

--
-- Table structure for table `except_wagtail_footercategory`
--

DROP TABLE IF EXISTS `except_wagtail_footercategory`;
/*!40101 SET @saved_cs_client     = @@character_set_client */;
/*!40101 SET character_set_client = utf8 */;
CREATE TABLE `except_wagtail_footercategory` (
  `id` int(11) NOT NULL AUTO_INCREMENT,
  `name` varchar(100) NOT NULL,
  PRIMARY KEY (`id`)
) ENGINE=InnoDB AUTO_INCREMENT=4 DEFAULT CHARSET=latin1;
/*!40101 SET character_set_client = @saved_cs_client */;

--
-- Dumping data for table `except_wagtail_footercategory`
--

LOCK TABLES `except_wagtail_footercategory` WRITE;
/*!40000 ALTER TABLE `except_wagtail_footercategory` DISABLE KEYS */;
INSERT INTO `except_wagtail_footercategory` VALUES (1,'Quick links'),(2,'Social media'),(3,'Keep in touch');
/*!40000 ALTER TABLE `except_wagtail_footercategory` ENABLE KEYS */;
UNLOCK TABLES;

--
-- Table structure for table `except_wagtail_footerlink`
--

DROP TABLE IF EXISTS `except_wagtail_footerlink`;
/*!40101 SET @saved_cs_client     = @@character_set_client */;
/*!40101 SET character_set_client = utf8 */;
CREATE TABLE `except_wagtail_footerlink` (
  `id` int(11) NOT NULL AUTO_INCREMENT,
  `name` varchar(100) NOT NULL,
  `category_id` int(11) DEFAULT NULL,
  `link_page_id` int(11) DEFAULT NULL,
  `link` varchar(10000) DEFAULT NULL,
  `popup_html` longtext,
  `type_link_id` int(11) DEFAULT NULL,
  PRIMARY KEY (`id`),
  KEY `except_wagtail_foote_category_id_e3a806b4_fk_except_wa` (`category_id`),
  KEY `except_wagtail_foote_link_page_id_3b704063_fk_wagtailco` (`link_page_id`),
  KEY `except_wagtail_foote_type_link_id_4a97e8a1_fk_except_wa` (`type_link_id`),
  CONSTRAINT `except_wagtail_foote_category_id_e3a806b4_fk_except_wa` FOREIGN KEY (`category_id`) REFERENCES `except_wagtail_footercategory` (`id`),
  CONSTRAINT `except_wagtail_foote_link_page_id_3b704063_fk_wagtailco` FOREIGN KEY (`link_page_id`) REFERENCES `wagtailcore_page` (`id`),
  CONSTRAINT `except_wagtail_foote_type_link_id_4a97e8a1_fk_except_wa` FOREIGN KEY (`type_link_id`) REFERENCES `except_wagtail_linktype` (`id`)
) ENGINE=InnoDB AUTO_INCREMENT=13 DEFAULT CHARSET=latin1;
/*!40101 SET character_set_client = @saved_cs_client */;

--
-- Dumping data for table `except_wagtail_footerlink`
--

LOCK TABLES `except_wagtail_footerlink` WRITE;
/*!40000 ALTER TABLE `except_wagtail_footerlink` DISABLE KEYS */;
INSERT INTO `except_wagtail_footerlink` VALUES (1,'Contact us (link tbd)',1,NULL,NULL,NULL,NULL),(2,'About us',1,12,NULL,NULL,NULL),(3,'Work with us (link tbd)',1,NULL,NULL,NULL,NULL),(4,'Event calendar (link tbd)',1,NULL,NULL,NULL,NULL),(5,'News',1,15,NULL,NULL,NULL),(6,'Facebook',2,NULL,'https://www.facebook.com/exceptintegratedsustainability/',NULL,NULL),(7,'Twitter',2,NULL,'https://twitter.com/except_nl',NULL,NULL),(8,'LinkedIn',2,NULL,'https://www.linkedin.com/company/except---integrated-sustainability/',NULL,NULL),(9,'Youtube',2,NULL,'https://www.youtube.com/user/ExceptNL',NULL,NULL),(10,'Newsletter (link tbd)',3,NULL,NULL,'[{\"type\": \"html_block\", \"value\": {\"text\": \"<form class=\\\"description\\\" style=\\\"padding:3px;text-align:center; border:none 0;\\\" action=\\\"https://my.sendinblue.com/users/subscribe/\\\" method=\\\"post\\\" onsubmit=\\\"return false\\\">\\r\\n            <input type=\\\"hidden\\\" name=\\\"hdn_email_txt\\\" id=\\\"hdn_email_txt\\\" value=\\\"\\\">\\r\\n   <input type=\\\"hidden\\\" name=\\\"js_id\\\" id=\\\"js_id\\\" value=\\\"3mooc\\\">  \\r\\n   <input type=\\\"hidden\\\" name=\\\"primary_type\\\" id=\\\"primary_type\\\" value=\\\"email\\\">\\r\\n              <div class=\\\"sib-container rounded ui-sortable\\\" style=\\\"position: relative; margin: 0px; text-align: left; padding: 25px 15px 15px;\\\">\\r\\n               <input type=\\\"hidden\\\" name=\\\"req_hid\\\" id=\\\"req_hid\\\" value=\\\"~Captcha\\\" style=\\\"font-size: 13px; font-family: \'Helvetica Neue\', Helvetica, Arial, sans-serif;\\\">\\r\\n               <div class=\\\"header\\\" style=\\\"padding: 0px 10px;\\\">\\r\\n                    <h1 class=\\\"title editable\\\" data-editfield=\\\"newsletter_name\\\" contenteditable=\\\"true\\\" style=\\\"font-weight: normal; text-align: left; font-size: 40px; margin-bottom: 2px; padding: 0px; margin-top: 0px; font-family: \'Helvetica Neue\', Helvetica, Arial, sans-serif; color: rgb(119, 17, 155); display: none;\\\">Except newsletter</h1>\\r\\n     <h3 id=\\\"company-name\\\" contenteditable=\\\"true\\\" style=\\\"font-weight: normal; text-align: left; font-size: 20px; margin-bottom: 12px; padding: 0px; margin-top: 0px; font-family: \'Helvetica Neue\', Helvetica, Arial, sans-serif; color: rgb(0, 0, 0); display: none;\\\">Except Integrated Sustainability</h3>\\r\\n                </div>\\r\\n                    <div class=\\\"description editable\\\" data-editfield=\\\"newsletter_description\\\" contenteditable=\\\"true\\\" style=\\\"padding: 10px 15px; border-bottom: 1px solid rgb(204, 204, 204); font-family: \'Helvetica Neue\', Helvetica, Arial, sans-serif; color: rgb(0, 0, 0); font-size: 15px; display: none;\\\"><br></div>\\r\\n                    <div class=\\\"view-messages\\\" style=\\\" margin:5px 0;\\\"> </div>\\r\\n                        <!-- an email as primary -->\\r\\n            <div class=\\\"primary-group email-group forms-builder-group ui-sortable\\\" style=\\\"\\\">\\r\\n                <div class=\\\"row mandatory-email\\\" style=\\\"position: relative; font-family: \'Helvetica Neue\', Helvetica, Arial, sans-serif; color: rgb(0, 0, 0); font-size: 15px; padding: 10px;\\\">\\r\\n                    <div class=\\\"lbl-tinyltr\\\" contenteditable=\\\"true\\\" style=\\\"clear: both; float: none; font-family: \'Helvetica Neue\', Helvetica, Arial, sans-serif;\\\"><div><b style=\\\"background-color: rgb(255, 255, 255);\\\"><span style=\\\"margin: 0px; padding: 0px; font-family: Aller_Rg, Arial, Helvetica, sans-serif; color: rgb(0, 0, 0); font-size: 14.6667px;\\\">Sign up to \'the Tomorrow Times\' newsletter to receive cutting edge sustainability updates monthly</span><span style=\\\"color: rgb(100, 100, 100); font-family: Aller_Lt, Arial, Helvetica, sans-serif; font-size: 14.6667px;\\\">. Four times a year we also send out a general Except newsletter.<br></span></b><br></div>Enter your email address:<br></div>\\r\\n                    <input type=\\\"text\\\" name=\\\"email\\\" id=\\\"email\\\" value=\\\"\\\" style=\\\"padding: 8px 4px; width: 85%; min-width: auto;\\\">\\r\\n                    <div style=\\\"clear:both;\\\"></div>\\r\\n                    <div class=\\\"hidden-btns\\\">\\r\\n                        <a class=\\\"btn move\\\" href=\\\"#\\\"><i class=\\\"fa fa-arrows\\\"></i></a><br>\\r\\n                        <!--<a class=\\\"btn btn-danger delete\\\"  href=\\\"#\\\"><i class=\\\"fa fa-trash-o fa-inverse\\\"></i></a>-->\\r\\n                    </div>\\r\\n                </div>\\r\\n               \\r\\n            </div>\\r\\n                                        <div class=\\\"captcha forms-builder-group\\\" style=\\\"display: block;\\\"><div class=\\\"row\\\" style=\\\"font-family: \'Helvetica Neue\', Helvetica, Arial, sans-serif; color: rgb(0, 0, 0); font-size: 15px; padding: 10px;\\\"><div id=\\\"gcaptcha\\\" style=\\\"transform: scale(0.85); margin-left: -23px;\\\"></div></div></div>\\r\\n                         \\r\\n            <!-- end of primary -->\\r\\n                         <div class=\\\"byline\\\" style=\\\"font-family: \'Helvetica Neue\', Helvetica, Arial, sans-serif; color: rgb(52, 52, 52); font-weight: bold; font-size: 15px; text-align: center; display: block;\\\">\\r\\n                         <button class=\\\"button editable \\\" type=\\\"submit\\\" data-editfield=\\\"subscribe\\\" contenteditable=\\\"true\\\" style=\\\"font-family: \'Helvetica Neue\', Helvetica, Arial, sans-serif; color: rgb(255, 255, 255); background: rgb(108, 32, 126); display: inline-block; white-space: nowrap; min-height: 30px; margin: 0px 5px 0px 0px; padding: 0px 10px; text-decoration: none; text-transform: uppercase; font-weight: bold; font-style: normal; font-size: 12px; cursor: pointer; border: 0px; border-radius: 4px; vertical-align: top; height: auto; line-height: 150%;\\\">Subscribe</button></div>\\r\\n                         <div style=\\\"clear:both;\\\"></div>\\r\\n            <div class=\\\"row forms-builder-group\\\" style=\\\"padding: 10px; font-size: 15px; position: relative; font-family: \'Helvetica Neue\', Helvetica, Arial, sans-serif; color: rgb(0, 0, 0);\\\"><div class=\\\"lbl-tinyltr\\\" id=\\\"sib_gdpr\\\" contenteditable=\\\"true\\\" style=\\\"clear:both; float:none; word-wrap: break-word;\\\"><div><br></div>Your e-mail address is only used to send you our newsletter and information about our activities. You can unsubscribe at any time.</div>    <div class=\\\"clear\\\" style=\\\"clear:both;\\\"></div>    <div class=\\\"hidden-btns\\\"> <a class=\\\"btn move\\\" href=\\\"#\\\"><i class=\\\"fa fa-arrows\\\"></i></a><br> <a class=\\\"btn btn-danger delete\\\" href=\\\"#\\\"><i class=\\\"fa fa-trash-o fa-inverse\\\"></i></a> </div> </div></div>\\r\\n          </form>\"}, \"id\": \"4faaaf7c-65ea-44ae-bd78-456b840a3282\"}]',3),(11,'Events (link tbd)',3,NULL,NULL,NULL,NULL),(12,'RSS (link tbd)',3,NULL,NULL,NULL,NULL);
/*!40000 ALTER TABLE `except_wagtail_footerlink` ENABLE KEYS */;
UNLOCK TABLES;

--
-- Table structure for table `except_wagtail_linktype`
--

DROP TABLE IF EXISTS `except_wagtail_linktype`;
/*!40101 SET @saved_cs_client     = @@character_set_client */;
/*!40101 SET character_set_client = utf8 */;
CREATE TABLE `except_wagtail_linktype` (
  `id` int(11) NOT NULL AUTO_INCREMENT,
  `name` varchar(100) NOT NULL,
  PRIMARY KEY (`id`)
) ENGINE=InnoDB AUTO_INCREMENT=4 DEFAULT CHARSET=latin1;
/*!40101 SET character_set_client = @saved_cs_client */;

--
-- Dumping data for table `except_wagtail_linktype`
--

LOCK TABLES `except_wagtail_linktype` WRITE;
/*!40000 ALTER TABLE `except_wagtail_linktype` DISABLE KEYS */;
INSERT INTO `except_wagtail_linktype` VALUES (1,'Internal link (page on the website)'),(2,'External link'),(3,'pop-up');
/*!40000 ALTER TABLE `except_wagtail_linktype` ENABLE KEYS */;
UNLOCK TABLES;

--
-- Table structure for table `home_carouselitem`
--

DROP TABLE IF EXISTS `home_carouselitem`;
/*!40101 SET @saved_cs_client     = @@character_set_client */;
/*!40101 SET character_set_client = utf8 */;
CREATE TABLE `home_carouselitem` (
  `id` int(11) NOT NULL AUTO_INCREMENT,
  `sort_order` int(11) DEFAULT NULL,
  `title` varchar(255) NOT NULL,
  `caption` varchar(255) NOT NULL,
  `link_title` varchar(255) NOT NULL,
  `image_id` int(11) DEFAULT NULL,
  `link_page_id` int(11) DEFAULT NULL,
  `page_id` int(11) NOT NULL,
  `scaling` varchar(15) NOT NULL,
  PRIMARY KEY (`id`),
  KEY `home_carouselitem_image_id_95868deb_fk_wagtailimages_image_id` (`image_id`),
  KEY `home_carouselitem_link_page_id_dbea037a_fk_wagtailcore_page_id` (`link_page_id`),
  KEY `home_carouselitem_page_id_da738e25` (`page_id`),
  CONSTRAINT `home_carouselitem_image_id_95868deb_fk_wagtailimages_image_id` FOREIGN KEY (`image_id`) REFERENCES `wagtailimages_image` (`id`),
  CONSTRAINT `home_carouselitem_link_page_id_dbea037a_fk_wagtailcore_page_id` FOREIGN KEY (`link_page_id`) REFERENCES `wagtailcore_page` (`id`),
  CONSTRAINT `home_carouselitem_page_id_da738e25_fk_home_homepage_page_ptr_id` FOREIGN KEY (`page_id`) REFERENCES `home_homepage` (`page_ptr_id`)
) ENGINE=InnoDB DEFAULT CHARSET=latin1;
/*!40101 SET character_set_client = @saved_cs_client */;

--
-- Dumping data for table `home_carouselitem`
--

LOCK TABLES `home_carouselitem` WRITE;
/*!40000 ALTER TABLE `home_carouselitem` DISABLE KEYS */;
/*!40000 ALTER TABLE `home_carouselitem` ENABLE KEYS */;
UNLOCK TABLES;

--
-- Table structure for table `home_homepage`
--

DROP TABLE IF EXISTS `home_homepage`;
/*!40101 SET @saved_cs_client     = @@character_set_client */;
/*!40101 SET character_set_client = utf8 */;
CREATE TABLE `home_homepage` (
  `page_ptr_id` int(11) NOT NULL,
  `hero_image` varchar(100) DEFAULT NULL,
  `hero_title` varchar(255) DEFAULT NULL,
  `hero_subtitle` varchar(255) DEFAULT NULL,
  `intro` longtext NOT NULL,
  `navbar_inverted` tinyint(1) DEFAULT NULL,
  `navbar_transparent` tinyint(1) DEFAULT NULL,
  PRIMARY KEY (`page_ptr_id`),
  CONSTRAINT `home_homepage_page_ptr_id_e5b77cf7_fk_wagtailcore_page_id` FOREIGN KEY (`page_ptr_id`) REFERENCES `wagtailcore_page` (`id`)
) ENGINE=InnoDB DEFAULT CHARSET=latin1;
/*!40101 SET character_set_client = @saved_cs_client */;

--
-- Dumping data for table `home_homepage`
--

LOCK TABLES `home_homepage` WRITE;
/*!40000 ALTER TABLE `home_homepage` DISABLE KEYS */;
/*!40000 ALTER TABLE `home_homepage` ENABLE KEYS */;
UNLOCK TABLES;

--
-- Table structure for table `index_carouselitem`
--

DROP TABLE IF EXISTS `index_carouselitem`;
/*!40101 SET @saved_cs_client     = @@character_set_client */;
/*!40101 SET character_set_client = utf8 */;
CREATE TABLE `index_carouselitem` (
  `id` int(11) NOT NULL AUTO_INCREMENT,
  `sort_order` int(11) DEFAULT NULL,
  `title` varchar(255) NOT NULL,
  `caption` varchar(255) NOT NULL,
  `link_title` varchar(255) NOT NULL,
  `scaling` varchar(15) NOT NULL,
  `image_id` int(11) DEFAULT NULL,
  `link_page_id` int(11) DEFAULT NULL,
  `page_id` int(11) NOT NULL,
  `caption_en` varchar(255) DEFAULT NULL,
  `caption_nl` varchar(255) DEFAULT NULL,
  `link_title_en` varchar(255) DEFAULT NULL,
  `link_title_nl` varchar(255) DEFAULT NULL,
  `title_en` varchar(255) DEFAULT NULL,
  `title_nl` varchar(255) DEFAULT NULL,
  PRIMARY KEY (`id`),
  KEY `index_carouselitem_image_id_f196989c_fk_wagtailimages_image_id` (`image_id`),
  KEY `index_carouselitem_link_page_id_adcfbb7f_fk_wagtailcore_page_id` (`link_page_id`),
  KEY `index_carouselitem_page_id_a7cb4b38` (`page_id`),
  CONSTRAINT `index_carouselitem_image_id_f196989c_fk_wagtailimages_image_id` FOREIGN KEY (`image_id`) REFERENCES `wagtailimages_image` (`id`),
  CONSTRAINT `index_carouselitem_link_page_id_adcfbb7f_fk_wagtailcore_page_id` FOREIGN KEY (`link_page_id`) REFERENCES `wagtailcore_page` (`id`),
  CONSTRAINT `index_carouselitem_page_id_a7cb4b38_fk_index_hom` FOREIGN KEY (`page_id`) REFERENCES `index_homepage` (`page_ptr_id`)
) ENGINE=InnoDB AUTO_INCREMENT=4 DEFAULT CHARSET=latin1;
/*!40101 SET character_set_client = @saved_cs_client */;

--
-- Dumping data for table `index_carouselitem`
--

LOCK TABLES `index_carouselitem` WRITE;
/*!40000 ALTER TABLE `index_carouselitem` DISABLE KEYS */;
INSERT INTO `index_carouselitem` VALUES (1,0,'Except Sid Methodology','Except Sid Methodology','Sid website','fit',4,NULL,6,'Except Sid Methodology','Except Sid Methodology','Sid website','Sid website','Except Sid Methodology','Except Sid Methodology'),(2,1,'Achieving global impact','Our team of experts shares their experience and passion since 1999 in more than 500 projects worldwide, for over 200 partners.','View our projects','fill',28,NULL,6,'Our team of experts shares their experience and passion since 1999 in more than 500 projects worldwide, for over 200 partners.','Ons team van experts deelt hun ervaring en passie sinds 1999 in meer dan 500 projecten over de hele wereld, voor meer dan 200 partners.','View our projects','Bekijk onze projecten','Achieving global impact','Wereldwijde impact realiseren'),(3,2,'Catalytic building','Catalytic building','Catalytic building','fill',3,19,6,'Catalytic building','Catalytic building','Catalytic building','Catalytic building','Catalytic building','Catalytic building');
/*!40000 ALTER TABLE `index_carouselitem` ENABLE KEYS */;
UNLOCK TABLES;

--
-- Table structure for table `index_homepage`
--

DROP TABLE IF EXISTS `index_homepage`;
/*!40101 SET @saved_cs_client     = @@character_set_client */;
/*!40101 SET character_set_client = utf8 */;
CREATE TABLE `index_homepage` (
  `page_ptr_id` int(11) NOT NULL,
  `hero_image` varchar(100) DEFAULT NULL,
  `navbar_inverted` tinyint(1) DEFAULT NULL,
  `navbar_transparent` tinyint(1) DEFAULT NULL,
  `hero_title` varchar(255) DEFAULT NULL,
  `hero_subtitle` varchar(255) DEFAULT NULL,
  `introduction` longtext NOT NULL,
  `services_image` varchar(100) DEFAULT NULL,
  `hero_subtitle_nl` varchar(255) DEFAULT NULL,
  `hero_title_nl` varchar(255) DEFAULT NULL,
  `hero_subtitle_en` varchar(255) DEFAULT NULL,
  `hero_title_en` varchar(255) DEFAULT NULL,
  `introduction_en` longtext,
  `introduction_nl` longtext,
  PRIMARY KEY (`page_ptr_id`),
  CONSTRAINT `index_homepage_page_ptr_id_e16e7146_fk_wagtailcore_page_id` FOREIGN KEY (`page_ptr_id`) REFERENCES `wagtailcore_page` (`id`)
) ENGINE=InnoDB DEFAULT CHARSET=latin1;
/*!40101 SET character_set_client = @saved_cs_client */;

--
-- Dumping data for table `index_homepage`
--

LOCK TABLES `index_homepage` WRITE;
/*!40000 ALTER TABLE `index_homepage` DISABLE KEYS */;
INSERT INTO `index_homepage` VALUES (6,'hero-home_U7sCtSb.jpg',1,1,'We make new futures possible','Leading sustainability consultants & designers','Etiam elementum condimentum massa quis rutrum. Pellentesque sit amet risus imperdiet, vehicula libero tempor, rhoncus augue. Vivamus vulputate aliquet magna vel tempus. Mauris laoreet at justo sit amet feugiat. Cras quis augue nec sapien mollis dapibus. Pellentesque enim mauris, consequat in lorem id, facilisis condimentum libero. Nam ac sapien posuere, ornare dui nec, cursus purus. Fusce sit amet orci massa. Nam lacinia mauris ac auctor eleifend. Cras commodo, nisi mattis vehicula tempus, metus ante finibus orci, in eleifend eros ipsum eu enim. Curabitur et arcu eu velit egestas varius. Aenean molestie varius ultricies. Ut eget dignissim mi, consequat tristique metus. Integer convallis ullamcorper condimentum. In scelerisque nulla eget quam suscipit finibus. In metus libero, suscipit in maximus sit amet, gravida ac dui.','working-area-photo_vccwrKC.png',NULL,'We maken nieuwe toekomstmogelijkheden mogelijk','Leading sustainability consultants & designers','We make new futures possible','Etiam elementum condimentum massa quis rutrum. Pellentesque sit amet risus imperdiet, vehicula libero tempor, rhoncus augue. Vivamus vulputate aliquet magna vel tempus. Mauris laoreet at justo sit amet feugiat. Cras quis augue nec sapien mollis dapibus. Pellentesque enim mauris, consequat in lorem id, facilisis condimentum libero. Nam ac sapien posuere, ornare dui nec, cursus purus. Fusce sit amet orci massa. Nam lacinia mauris ac auctor eleifend. Cras commodo, nisi mattis vehicula tempus, metus ante finibus orci, in eleifend eros ipsum eu enim. Curabitur et arcu eu velit egestas varius. Aenean molestie varius ultricies. Ut eget dignissim mi, consequat tristique metus. Integer convallis ullamcorper condimentum. In scelerisque nulla eget quam suscipit finibus. In metus libero, suscipit in maximus sit amet, gravida ac dui.','Etiam elementum condimentum massa quis rutrum. Pellentesque sit amet risus imperdiet, vehicula libero tempor, rhoncus augue. Vivamus vulputate aliquet magna vel tempus. Mauris laoreet at justo sit amet feugiat. Cras quis augue nec sapien mollis dapibus. Pellentesque enim mauris, consequat in lorem id, facilisis condimentum libero. Nam ac sapien posuere, ornare dui nec, cursus purus. Fusce sit amet orci massa. Nam lacinia mauris ac auctor eleifend. Cras commodo, nisi mattis vehicula tempus, metus ante finibus orci, in eleifend eros ipsum eu enim. Curabitur et arcu eu velit egestas varius. Aenean molestie varius ultricies. Ut eget dignissim mi, consequat tristique metus. Integer convallis ullamcorper condimentum. In scelerisque nulla eget quam suscipit finibus. In metus libero, suscipit in maximus sit amet, gravida ac dui.');
/*!40000 ALTER TABLE `index_homepage` ENABLE KEYS */;
UNLOCK TABLES;

--
-- Table structure for table `knowledge_knowledgepage`
--

DROP TABLE IF EXISTS `knowledge_knowledgepage`;
/*!40101 SET @saved_cs_client     = @@character_set_client */;
/*!40101 SET character_set_client = utf8 */;
CREATE TABLE `knowledge_knowledgepage` (
  `page_ptr_id` int(11) NOT NULL,
  `hero_image` varchar(100) DEFAULT NULL,
  `navbar_inverted` tinyint(1) DEFAULT NULL,
  `navbar_transparent` tinyint(1) DEFAULT NULL,
  `hero_title` varchar(255) DEFAULT NULL,
  `hero_subtitle` varchar(255) DEFAULT NULL,
  `intro` longtext NOT NULL,
  `hero_subtitle_nl` varchar(255) DEFAULT NULL,
  `hero_title_nl` varchar(255) DEFAULT NULL,
  `hero_subtitle_en` varchar(255) DEFAULT NULL,
  `hero_title_en` varchar(255) DEFAULT NULL,
  PRIMARY KEY (`page_ptr_id`),
  CONSTRAINT `knowledge_knowledgep_page_ptr_id_9dbafc37_fk_wagtailco` FOREIGN KEY (`page_ptr_id`) REFERENCES `wagtailcore_page` (`id`)
) ENGINE=InnoDB DEFAULT CHARSET=latin1;
/*!40101 SET character_set_client = @saved_cs_client */;

--
-- Dumping data for table `knowledge_knowledgepage`
--

LOCK TABLES `knowledge_knowledgepage` WRITE;
/*!40000 ALTER TABLE `knowledge_knowledgepage` DISABLE KEYS */;
INSERT INTO `knowledge_knowledgepage` VALUES (14,'global-graphic_KqDNG21.png',1,1,'Knowledge',NULL,'Maecenas eu nibh dignissim, lobortis enim malesuada, pellentesque ex. Nullam scelerisque placerat nisl, sed fringilla orci accumsan sit amet. Phasellus vitae quam sem. Mauris elementum neque id lacus elementum pulvinar. Curabitur facilisis auctor ligula, vitae malesuada nunc congue sed. Fusce scelerisque euismod elit eget iaculis. Aliquam eu pellentesque tellus. Nullam in turpis vel tortor consectetur imperdiet ac eu dui. Donec pulvinar rutrum ex non ornare. Morbi maximus gravida ullamcorper. Nullam aliquam aliquet mattis. In at urna sagittis libero placerat accumsan. Integer viverra ac metus faucibus hendrerit. Curabitur odio mi, auctor ac sem in, hendrerit lobortis lorem.',NULL,'Knowledge',NULL,'Knowledge');
/*!40000 ALTER TABLE `knowledge_knowledgepage` ENABLE KEYS */;
UNLOCK TABLES;

--
-- Table structure for table `knowledge_resource`
--

DROP TABLE IF EXISTS `knowledge_resource`;
/*!40101 SET @saved_cs_client     = @@character_set_client */;
/*!40101 SET character_set_client = utf8 */;
CREATE TABLE `knowledge_resource` (
  `id` int(11) NOT NULL AUTO_INCREMENT,
  `hero_title` varchar(100) NOT NULL,
  `file` varchar(100) DEFAULT NULL,
  `date_published` date DEFAULT NULL,
  `hero_image_id` int(11) DEFAULT NULL,
  `service_id` int(11) DEFAULT NULL,
  `highlight` tinyint(1) DEFAULT NULL,
  `hero_title_en` varchar(100) DEFAULT NULL,
  `hero_title_nl` varchar(100) DEFAULT NULL,
  PRIMARY KEY (`id`),
  KEY `knowledge_resource_service_id_951ff579_fk_services_` (`service_id`),
  KEY `knowledge_resource_hero_image_id_834e5efa_fk_wagtailim` (`hero_image_id`),
  CONSTRAINT `knowledge_resource_hero_image_id_834e5efa_fk_wagtailim` FOREIGN KEY (`hero_image_id`) REFERENCES `wagtailimages_image` (`id`),
  CONSTRAINT `knowledge_resource_service_id_951ff579_fk_services_` FOREIGN KEY (`service_id`) REFERENCES `services_servicepage` (`page_ptr_id`)
) ENGINE=InnoDB AUTO_INCREMENT=26 DEFAULT CHARSET=latin1;
/*!40101 SET character_set_client = @saved_cs_client */;

--
-- Dumping data for table `knowledge_resource`
--

LOCK TABLES `knowledge_resource` WRITE;
/*!40000 ALTER TABLE `knowledge_resource` DISABLE KEYS */;
INSERT INTO `knowledge_resource` VALUES (1,'Interview Tom','IVM_Natuur_en_Milieu_issue_3_2018_Interview_Tom_web_1Gb1LuO.pdf','2019-06-13',3,8,1,'Interview Tom',NULL),(2,'Report CO2040 Lorem ipsum dolor sit amet, consectetur adipiscing elit. Cras hendrerit ultrices biben','Co2040_web_POSAD-Except_EzikjJI.pdf','2019-02-03',2,8,1,'Report CO2040 Lorem ipsum dolor sit amet, consectetur adipiscing elit. Cras hendrerit ultrices biben',NULL),(3,'test1','slice1_JRSCacF.png','2019-06-12',5,8,NULL,'test1',NULL),(4,'test2','slice2_8CdYFFu.png','2019-06-11',6,8,NULL,'test2',NULL),(5,'test3','slice3_taNqWFc.png','2019-06-10',7,8,NULL,'test3',NULL),(6,'test4','slice4_ECvNc7z.png','2019-06-09',8,9,NULL,'test4',NULL),(7,'test5','slice5_zIwiU9O.png','2019-06-08',9,9,NULL,'test5',NULL),(8,'test6','slice6_JwtO9qX.png','2019-06-07',10,9,NULL,'test6',NULL),(9,'test7','slice7_50Vqqd4.png','2019-06-06',11,9,1,'test7',NULL),(10,'test8','slice8_e3jilu0.png','2019-06-05',12,9,NULL,'test8',NULL),(11,'test9','slice9_v476e5s.png','2019-06-04',13,10,NULL,'test9',NULL),(12,'test10','slice10_cDhQ9lo.png','2019-06-04',14,10,NULL,'test10',NULL),(13,'test11','slice11.png','2019-06-03',15,10,NULL,'test11',NULL),(14,'test12','slice12.png','2019-05-16',16,10,NULL,'test12',NULL),(15,'test13','slice13_iYatRtp.png','2019-06-02',17,11,NULL,'test13',NULL),(16,'test14','slice14.png','2019-06-04',18,11,NULL,'test14',NULL),(17,'test15','slice15.png','2019-05-30',19,11,NULL,'test15',NULL),(18,'test16','slice16.png','2019-05-22',20,11,NULL,'test16',NULL),(19,'test17','slice17.png','2019-05-21',21,8,NULL,'test17',NULL),(20,'test18','slice18.png','2019-05-20',22,8,NULL,'test18',NULL),(21,'test19','slice19.png','2019-05-19',23,8,NULL,'test19',NULL),(22,'test20','slice20.png','2019-05-17',24,8,NULL,'test20',NULL),(23,'test21','slice21.png','2019-05-16',25,8,NULL,'test21',NULL),(24,'test22','slice22.png','2019-05-08',26,8,NULL,'test22',NULL),(25,'test23','slice23_uPf7nMt.png','2019-05-05',27,8,NULL,'test23',NULL);
/*!40000 ALTER TABLE `knowledge_resource` ENABLE KEYS */;
UNLOCK TABLES;

--
-- Table structure for table `news_folderarticlepage`
--

DROP TABLE IF EXISTS `news_folderarticlepage`;
/*!40101 SET @saved_cs_client     = @@character_set_client */;
/*!40101 SET character_set_client = utf8 */;
CREATE TABLE `news_folderarticlepage` (
  `page_ptr_id` int(11) NOT NULL,
  `hero_title` varchar(255) DEFAULT NULL,
  `hero_title_nl` varchar(255) DEFAULT NULL,
  `hero_title_en` varchar(255) DEFAULT NULL,
  PRIMARY KEY (`page_ptr_id`),
  CONSTRAINT `news_folderarticlepa_page_ptr_id_8baa32c4_fk_wagtailco` FOREIGN KEY (`page_ptr_id`) REFERENCES `wagtailcore_page` (`id`)
) ENGINE=InnoDB DEFAULT CHARSET=latin1;
/*!40101 SET character_set_client = @saved_cs_client */;

--
-- Dumping data for table `news_folderarticlepage`
--

LOCK TABLES `news_folderarticlepage` WRITE;
/*!40000 ALTER TABLE `news_folderarticlepage` DISABLE KEYS */;
INSERT INTO `news_folderarticlepage` VALUES (16,NULL,NULL,NULL);
/*!40000 ALTER TABLE `news_folderarticlepage` ENABLE KEYS */;
UNLOCK TABLES;

--
-- Table structure for table `news_foldernewspaperpage`
--

DROP TABLE IF EXISTS `news_foldernewspaperpage`;
/*!40101 SET @saved_cs_client     = @@character_set_client */;
/*!40101 SET character_set_client = utf8 */;
CREATE TABLE `news_foldernewspaperpage` (
  `page_ptr_id` int(11) NOT NULL,
  `hero_title` varchar(255) DEFAULT NULL,
  `hero_title_nl` varchar(255) DEFAULT NULL,
  `hero_title_en` varchar(255) DEFAULT NULL,
  PRIMARY KEY (`page_ptr_id`),
  CONSTRAINT `news_foldernewspaper_page_ptr_id_d1b31782_fk_wagtailco` FOREIGN KEY (`page_ptr_id`) REFERENCES `wagtailcore_page` (`id`)
) ENGINE=InnoDB DEFAULT CHARSET=latin1;
/*!40101 SET character_set_client = @saved_cs_client */;

--
-- Dumping data for table `news_foldernewspaperpage`
--

LOCK TABLES `news_foldernewspaperpage` WRITE;
/*!40000 ALTER TABLE `news_foldernewspaperpage` DISABLE KEYS */;
INSERT INTO `news_foldernewspaperpage` VALUES (17,'Newspaper Articles Folder','Newspaper Articles Folder','Newspaper Articles Folder');
/*!40000 ALTER TABLE `news_foldernewspaperpage` ENABLE KEYS */;
UNLOCK TABLES;

--
-- Table structure for table `news_newsindexpage`
--

DROP TABLE IF EXISTS `news_newsindexpage`;
/*!40101 SET @saved_cs_client     = @@character_set_client */;
/*!40101 SET character_set_client = utf8 */;
CREATE TABLE `news_newsindexpage` (
  `page_ptr_id` int(11) NOT NULL,
  `hero_subtitle` varchar(255) DEFAULT NULL,
  `hero_title` varchar(255) DEFAULT NULL,
  `navbar_transparent` tinyint(1) DEFAULT NULL,
  `hero_image` varchar(100) DEFAULT NULL,
  `navbar_inverted` tinyint(1) DEFAULT NULL,
  `hero_title_nl` varchar(255) DEFAULT NULL,
  `hero_title_en` varchar(255) DEFAULT NULL,
  `hero_subtitle_en` varchar(255) DEFAULT NULL,
  `hero_subtitle_nl` varchar(255) DEFAULT NULL,
  PRIMARY KEY (`page_ptr_id`),
  CONSTRAINT `news_newsindexpage_page_ptr_id_2c76a819_fk_wagtailcore_page_id` FOREIGN KEY (`page_ptr_id`) REFERENCES `wagtailcore_page` (`id`)
) ENGINE=InnoDB DEFAULT CHARSET=latin1;
/*!40101 SET character_set_client = @saved_cs_client */;

--
-- Dumping data for table `news_newsindexpage`
--

LOCK TABLES `news_newsindexpage` WRITE;
/*!40000 ALTER TABLE `news_newsindexpage` DISABLE KEYS */;
INSERT INTO `news_newsindexpage` VALUES (15,'An overview of all the news items we have posted over the years','News',1,'hero-news_vIkIIGp.jpg',0,'News','News','An overview of all the news items we have posted over the years',NULL);
/*!40000 ALTER TABLE `news_newsindexpage` ENABLE KEYS */;
UNLOCK TABLES;

--
-- Table structure for table `news_newspage`
--

DROP TABLE IF EXISTS `news_newspage`;
/*!40101 SET @saved_cs_client     = @@character_set_client */;
/*!40101 SET character_set_client = utf8 */;
CREATE TABLE `news_newspage` (
  `page_ptr_id` int(11) NOT NULL,
  `hero_image` varchar(100) DEFAULT NULL,
  `hero_title` varchar(255) DEFAULT NULL,
  `hero_subtitle` varchar(255) DEFAULT NULL,
  `date_published` date DEFAULT NULL,
  `intro` longtext NOT NULL,
  `body` longtext NOT NULL,
  `author_id` int(11) DEFAULT NULL,
  `navbar_transparent` tinyint(1) DEFAULT NULL,
  `navbar_inverted` tinyint(1) DEFAULT NULL,
  `service_id` int(11) DEFAULT NULL,
  `highlight` tinyint(1) DEFAULT NULL,
  `hero_subtitle_nl` varchar(255) DEFAULT NULL,
  `hero_title_nl` varchar(255) DEFAULT NULL,
  `hero_subtitle_en` varchar(255) DEFAULT NULL,
  `hero_title_en` varchar(255) DEFAULT NULL,
  `body_en` longtext,
  `body_nl` longtext,
  `intro_en` longtext,
  `intro_nl` longtext,
  PRIMARY KEY (`page_ptr_id`),
  KEY `news_newspage_service_id_e47e7558_fk_services_` (`service_id`),
  KEY `news_newspage_author_id_3855e5cd_fk_people_people_id` (`author_id`),
  CONSTRAINT `news_newspage_author_id_3855e5cd_fk_people_people_id` FOREIGN KEY (`author_id`) REFERENCES `people_people` (`id`),
  CONSTRAINT `news_newspage_page_ptr_id_8383d84c_fk_wagtailcore_page_id` FOREIGN KEY (`page_ptr_id`) REFERENCES `wagtailcore_page` (`id`),
  CONSTRAINT `news_newspage_service_id_e47e7558_fk_services_` FOREIGN KEY (`service_id`) REFERENCES `services_servicepage` (`page_ptr_id`)
) ENGINE=InnoDB DEFAULT CHARSET=latin1;
/*!40101 SET character_set_client = @saved_cs_client */;

--
-- Dumping data for table `news_newspage`
--

LOCK TABLES `news_newspage` WRITE;
/*!40000 ALTER TABLE `news_newspage` DISABLE KEYS */;
INSERT INTO `news_newspage` VALUES (19,'hero-news_GCFzbxA.jpg','Catalytic Buildings White Paper','Tuning into the Construction Sector\'s \"Music Of Tomorrow\"','2019-06-19','Nullam a eros lobortis, ornare tellus vel, placerat erat. Donec sit amet libero sit amet sapien vulputate porta vel sit amet massa. Cras id magna et erat cursus tincidunt tincidunt cursus tellus. Phasellus non urna eget nibh laoreet ultricies vitae eget turpis. Pellentesque libero turpis, volutpat nec tincidunt in, blandit in sem. Nulla facilisi. Etiam fringilla sagittis nunc. Curabitur posuere mauris orci, a consequat elit dictum vitae.','[]',2,1,0,8,1,'Tuning into the Construction Sector\'s \"Music Of Tomorrow\"','Catalytic Buildings White Paper','Tuning into the Construction Sector\'s \"Music Of Tomorrow\"','Catalytic Buildings White Paper','[]','[]','Nullam a eros lobortis, ornare tellus vel, placerat erat. Donec sit amet libero sit amet sapien vulputate porta vel sit amet massa. Cras id magna et erat cursus tincidunt tincidunt cursus tellus. Phasellus non urna eget nibh laoreet ultricies vitae eget turpis. Pellentesque libero turpis, volutpat nec tincidunt in, blandit in sem. Nulla facilisi. Etiam fringilla sagittis nunc. Curabitur posuere mauris orci, a consequat elit dictum vitae.',''),(31,'hero-news_97sLv79.jpg','Natural Capital & new innovation strategies','Tuning into the Construction Sector\'s \"Music Of Tomorrow\"','2019-06-19','Nullam a eros lobortis, ornare tellus vel, placerat erat. Donec sit amet libero sit amet sapien vulputate porta vel sit amet massa. Cras id magna et erat cursus tincidunt tincidunt cursus tellus. Phasellus non urna eget nibh laoreet ultricies vitae eget turpis. Pellentesque libero turpis, volutpat nec tincidunt in, blandit in sem. Nulla facilisi. Etiam fringilla sagittis nunc. Curabitur posuere mauris orci, a consequat elit dictum vitae.','[]',4,1,0,8,1,'Tuning into the Construction Sector\'s \"Music Of Tomorrow\"','Natural Capital & new innovation strategies','Tuning into the Construction Sector\'s \"Music Of Tomorrow\"','Natural Capital & new innovation strategies','[]','[]','Nullam a eros lobortis, ornare tellus vel, placerat erat. Donec sit amet libero sit amet sapien vulputate porta vel sit amet massa. Cras id magna et erat cursus tincidunt tincidunt cursus tellus. Phasellus non urna eget nibh laoreet ultricies vitae eget turpis. Pellentesque libero turpis, volutpat nec tincidunt in, blandit in sem. Nulla facilisi. Etiam fringilla sagittis nunc. Curabitur posuere mauris orci, a consequat elit dictum vitae.','');
/*!40000 ALTER TABLE `news_newspage` ENABLE KEYS */;
UNLOCK TABLES;

--
-- Table structure for table `news_newspaperarticlepage`
--

DROP TABLE IF EXISTS `news_newspaperarticlepage`;
/*!40101 SET @saved_cs_client     = @@character_set_client */;
/*!40101 SET character_set_client = utf8 */;
CREATE TABLE `news_newspaperarticlepage` (
  `page_ptr_id` int(11) NOT NULL,
  `hero_image` varchar(100) DEFAULT NULL,
  `hero_title` varchar(255) DEFAULT NULL,
  `date_published` date DEFAULT NULL,
  `url_article` varchar(500) DEFAULT NULL,
  `service_id` int(11) DEFAULT NULL,
  `hero_title_nl` varchar(255) DEFAULT NULL,
  `hero_title_en` varchar(255) DEFAULT NULL,
  PRIMARY KEY (`page_ptr_id`),
  KEY `news_newspaperarticl_service_id_2e2d5f88_fk_services_` (`service_id`),
  CONSTRAINT `news_newspaperarticl_page_ptr_id_44d2acee_fk_wagtailco` FOREIGN KEY (`page_ptr_id`) REFERENCES `wagtailcore_page` (`id`),
  CONSTRAINT `news_newspaperarticl_service_id_2e2d5f88_fk_services_` FOREIGN KEY (`service_id`) REFERENCES `services_servicepage` (`page_ptr_id`)
) ENGINE=InnoDB DEFAULT CHARSET=latin1;
/*!40101 SET character_set_client = @saved_cs_client */;

--
-- Dumping data for table `news_newspaperarticlepage`
--

LOCK TABLES `news_newspaperarticlepage` WRITE;
/*!40000 ALTER TABLE `news_newspaperarticlepage` DISABLE KEYS */;
INSERT INTO `news_newspaperarticlepage` VALUES (18,'hero-news_Ps8KACB.jpg','Except is awesome.','2019-06-17','https://www.youtube.com/',8,'Except is awesome.','Except is awesome.'),(20,'hero-news_EETCSqQ.jpg','test1','2019-06-22','https://www.youtube.com/',9,'test1','test1'),(21,'hero-people_TNzCfjq.jpg','test2','2019-06-10','https://www.youtube.com/',10,'test2','test2'),(22,'portrait.jpg','test3','2019-06-11','https://www.youtube.com/',9,'test3','test3'),(23,'','test4','2019-06-09','https://www.youtube.com/',11,'test4','test4'),(24,'hero-home_xPJxojT.jpg','test5','2019-06-03','https://www.youtube.com/',8,'test5','test5'),(25,'global-graphic_rClLf12.png','test6','2019-06-02','https://www.youtube.com/',8,'test6','test6'),(26,'global-graphic_5ol5iHK.png','test7','2019-06-02','https://www.youtube.com/',8,'test7','test7'),(27,'ikea.jpg','test8','2019-06-29','https://www.youtube.com/',8,'test8','test8'),(28,'hero-news_N0BImid.jpg','test9','2019-06-09','https://www.youtube.com/',8,'test9','test9'),(29,'innovation-graphic.png','test10','2019-06-16','https://www.youtube.com/',8,'test10','test10'),(30,'project-office.jpg','test11','2019-06-21','https://www.youtube.com/',8,'test11','test11');
/*!40000 ALTER TABLE `news_newspaperarticlepage` ENABLE KEYS */;
UNLOCK TABLES;

--
-- Table structure for table `people_expertise`
--

DROP TABLE IF EXISTS `people_expertise`;
/*!40101 SET @saved_cs_client     = @@character_set_client */;
/*!40101 SET character_set_client = utf8 */;
CREATE TABLE `people_expertise` (
  `id` int(11) NOT NULL AUTO_INCREMENT,
  `sort_order` int(11) DEFAULT NULL,
  `competency` varchar(255) DEFAULT NULL,
  `parent_id` int(11) NOT NULL,
  `competency_en` varchar(255) DEFAULT NULL,
  `competency_nl` varchar(255) DEFAULT NULL,
  PRIMARY KEY (`id`),
  KEY `people_expertise_parent_id_15c91dae` (`parent_id`),
  CONSTRAINT `people_expertise_parent_id_15c91dae_fk_people_people_id` FOREIGN KEY (`parent_id`) REFERENCES `people_people` (`id`)
) ENGINE=InnoDB AUTO_INCREMENT=15 DEFAULT CHARSET=latin1;
/*!40101 SET character_set_client = @saved_cs_client */;

--
-- Dumping data for table `people_expertise`
--

LOCK TABLES `people_expertise` WRITE;
/*!40000 ALTER TABLE `people_expertise` DISABLE KEYS */;
INSERT INTO `people_expertise` VALUES (1,0,'Communication strategy',3,'Communication strategy',NULL),(2,1,'Business design',3,'Business design',NULL),(3,2,'Creating connections',3,'Creating connections',NULL),(4,3,'Building relationships',3,'Building relationships',NULL),(5,4,'Brand development',3,'Brand development',NULL),(6,0,'Software development',2,'Software development',NULL),(7,1,'System analysis and modelling',2,'System analysis and modelling',NULL),(8,2,'Business development',2,'Business development',NULL),(9,3,'IT consultancy',2,'IT consultancy',NULL),(10,0,'Action Research',4,'Action Research',NULL),(11,1,'Engaging scientific writing',4,'Engaging scientific writing',NULL),(12,2,'Organizational change for sustainability',4,'Organizational change for sustainability',NULL),(13,3,'Governance for sustainable development',4,'Governance for sustainable development',NULL),(14,4,'Policy design',4,'Policy design',NULL);
/*!40000 ALTER TABLE `people_expertise` ENABLE KEYS */;
UNLOCK TABLES;

--
-- Table structure for table `people_hobby`
--

DROP TABLE IF EXISTS `people_hobby`;
/*!40101 SET @saved_cs_client     = @@character_set_client */;
/*!40101 SET character_set_client = utf8 */;
CREATE TABLE `people_hobby` (
  `id` int(11) NOT NULL AUTO_INCREMENT,
  `sort_order` int(11) DEFAULT NULL,
  `activity` varchar(255) DEFAULT NULL,
  `parent_id` int(11) NOT NULL,
  `activity_en` varchar(255) DEFAULT NULL,
  `activity_nl` varchar(255) DEFAULT NULL,
  PRIMARY KEY (`id`),
  KEY `people_hobby_parent_id_49ff3600` (`parent_id`),
  CONSTRAINT `people_hobby_parent_id_49ff3600_fk_people_people_id` FOREIGN KEY (`parent_id`) REFERENCES `people_people` (`id`)
) ENGINE=InnoDB AUTO_INCREMENT=14 DEFAULT CHARSET=latin1;
/*!40101 SET character_set_client = @saved_cs_client */;

--
-- Dumping data for table `people_hobby`
--

LOCK TABLES `people_hobby` WRITE;
/*!40000 ALTER TABLE `people_hobby` DISABLE KEYS */;
INSERT INTO `people_hobby` VALUES (1,0,'(Kite) Surfing',3,'(Kite) Surfing',NULL),(2,1,'Scuba diving',3,'Scuba diving',NULL),(3,2,'Cooking extravagant dinners',3,'Cooking extravagant dinners',NULL),(4,3,'Live gigs',3,'Live gigs',NULL),(5,4,'Photography',3,'Photography',NULL),(6,0,'Cooking french recipes',2,'Cooking french recipes',NULL),(7,1,'Reading',2,'Reading',NULL),(8,2,'Debating',2,'Debating',NULL),(9,0,'Cooking, cooking, cooking',4,'Cooking, cooking, cooking',NULL),(10,1,'Colombian Cumbia',4,'Colombian Cumbia',NULL),(11,2,'Tacos',4,'Tacos',NULL),(12,3,'French Polar movies',4,'French Polar movies',NULL),(13,4,'His beautiful hometown and its mountains',4,'His beautiful hometown and its mountains',NULL);
/*!40000 ALTER TABLE `people_hobby` ENABLE KEYS */;
UNLOCK TABLES;

--
-- Table structure for table `people_people`
--

DROP TABLE IF EXISTS `people_people`;
/*!40101 SET @saved_cs_client     = @@character_set_client */;
/*!40101 SET character_set_client = utf8 */;
CREATE TABLE `people_people` (
  `id` int(11) NOT NULL AUTO_INCREMENT,
  `biography` longtext NOT NULL,
  `introduction` longtext NOT NULL,
  `picture` varchar(100) DEFAULT NULL,
  `job_title` varchar(255) DEFAULT NULL,
  `phone` varchar(255) DEFAULT NULL,
  `user_id` int(11) DEFAULT NULL,
  `education_title` varchar(255) DEFAULT NULL,
  `date_joined` date DEFAULT NULL,
  `biography_en` longtext,
  `biography_nl` longtext,
  `introduction_en` longtext,
  `introduction_nl` longtext,
  `job_title_en` varchar(255) DEFAULT NULL,
  `job_title_nl` varchar(255) DEFAULT NULL,
  PRIMARY KEY (`id`),
  KEY `people_people_user_id_eecbaee1_fk_auth_user_id` (`user_id`),
  CONSTRAINT `people_people_user_id_eecbaee1_fk_auth_user_id` FOREIGN KEY (`user_id`) REFERENCES `auth_user` (`id`)
) ENGINE=InnoDB AUTO_INCREMENT=5 DEFAULT CHARSET=latin1;
/*!40101 SET character_set_client = @saved_cs_client */;

--
-- Dumping data for table `people_people`
--

LOCK TABLES `people_people` WRITE;
/*!40000 ALTER TABLE `people_people` DISABLE KEYS */;
INSERT INTO `people_people` VALUES (2,'Alexandre is a technology enthusiast and an IT consultant. Always searching for new technologies, he is constantly looking for what will shape the future of our societies. He enjoys breaking down systems into pieces to understand their underlying functionment and bring them back together to make them more efficient. As a software developer, he is driven by helping his colleagues to improve their work environment thanks to his home-made tools.','[{\"type\": \"paragraph_block\", \"value\": {\"text\": \"<p>Alexandre&#x27;s expertise does not end with computers. When he is not working on the latest applications for Except, he uses his broad knowledge to solve complex problems. Always curious to learn more, Alexandre pursued two Master\\u2019s degrees in Computer Science with a focus on Internet of Things at Telecom ParisTech and in Business &amp; Sustainability and Social Innovation at HEC Paris. His academic background makes him very versatile and capable of providing expertise on a broad range of fields.</p>\"}, \"id\": \"c8c7d653-609f-4ba6-9d94-a331057edb52\"}]','4.jpg','IT Specialist','+33626502091',2,NULL,'2018-11-11','Alexandre is a technology enthusiast and an IT consultant. Always searching for new technologies, he is constantly looking for what will shape the future of our societies. He enjoys breaking down systems into pieces to understand their underlying functionment and bring them back together to make them more efficient. As a software developer, he is driven by helping his colleagues to improve their work environment thanks to his home-made tools.',NULL,NULL,NULL,'IT Specialist',NULL),(3,'Joseph has a bird\'s eye view of global happenings and finds joy in contextualising far-off developments at a local level.   He has a BS of International Studies from Monash  University  in Melbourne,   work experience writing for various local and international publications, and crafting brand strategies from startups to global consulting firms. He is fascinated by technological advances leading Smart City technology, clean energy, circular economy,  as well as developments in the  CSR space. He also likes to spend as much time as physically possible in the ocean and accidentally \'shakas\' at inappropriate moments, fulfilling an  equilibrium    of   Australian stereotypes.','[{\"type\": \"paragraph_block\", \"value\": {\"text\": \"<p>Joseph is an Australian writer, journalist and most of all a creative positive impact communicator. He employs the knowledge he has earned from multiple stints living and working abroad and combines it with an ever-evolving theoretical backing. Bringing to the table a world of intercultural experience and a deep knowledge of how to communicate complex issues succinctly, Joseph understands the value of connection. It is the tool with which he has to drive significant change.</p>\"}, \"id\": \"53ce9e77-1755-449f-9ce3-f622358f3e39\"}]','10_lr2l7Y5.jpg','Communication/Public Relations','0107370215',3,NULL,'2018-02-06','Joseph has a bird\'s eye view of global happenings and finds joy in contextualising far-off developments at a local level.   He has a BS of International Studies from Monash  University  in Melbourne,   work experience writing for various local and international publications, and crafting brand strategies from startups to global consulting firms. He is fascinated by technological advances leading Smart City technology, clean energy, circular economy,  as well as developments in the  CSR space. He also likes to spend as much time as physically possible in the ocean and accidentally \'shakas\' at inappropriate moments, fulfilling an  equilibrium    of   Australian stereotypes.',NULL,NULL,NULL,'Communication/Public Relations',NULL),(4,'Mattia is an enthusiastic communicator and change maker: as an action researcher, he enjoys combining the solid theoretical background(s) he built along his academic career, with hands-on approaches and street-level interaction with stakeholders. Stemming from his experiences in different countries and cultures, the expertise Mattia developed stands at the crossroads where entrepreneurship, environmental stewardship, and social innovation meet. Overall, his curiosity for how societies transform and behave is only exceeded by his wonder for everything regarding the natural world. These animating principles drive him to constantly speculate on how these two interact.','[{\"type\": \"paragraph_block\", \"value\": {\"text\": \"<p>His efforts as a communicator focus on turning sustainability science-related insights into concrete tools for policy makers and business practitioners, bridging the gaps between research and practice.</p>\"}, \"id\": \"f14284cb-9f6e-4a88-b468-fa12662d9f0f\"}, {\"type\": \"paragraph_block\", \"value\": {\"text\": \"<p>When not busy diving into the latest sustainability innovation to produce thought leadership, you might find Mattia busy experimenting in the kitchen, hiking, or hiding in the closest movie house.</p>\"}, \"id\": \"7c21300c-4be9-4d54-9ac1-97c85cc027ec\"}]','1_RLmerVK.jpg','Communicator',NULL,4,NULL,'2019-01-14','Mattia is an enthusiastic communicator and change maker: as an action researcher, he enjoys combining the solid theoretical background(s) he built along his academic career, with hands-on approaches and street-level interaction with stakeholders. Stemming from his experiences in different countries and cultures, the expertise Mattia developed stands at the crossroads where entrepreneurship, environmental stewardship, and social innovation meet. Overall, his curiosity for how societies transform and behave is only exceeded by his wonder for everything regarding the natural world. These animating principles drive him to constantly speculate on how these two interact.',NULL,NULL,NULL,'Communicator',NULL);
/*!40000 ALTER TABLE `people_people` ENABLE KEYS */;
UNLOCK TABLES;

--
-- Table structure for table `people_peoplepage`
--

DROP TABLE IF EXISTS `people_peoplepage`;
/*!40101 SET @saved_cs_client     = @@character_set_client */;
/*!40101 SET character_set_client = utf8 */;
CREATE TABLE `people_peoplepage` (
  `page_ptr_id` int(11) NOT NULL,
  `hero_image` varchar(100) DEFAULT NULL,
  `hero_title` varchar(255) DEFAULT NULL,
  `hero_subtitle` varchar(255) DEFAULT NULL,
  `description_title` varchar(255) DEFAULT NULL,
  `intro` longtext NOT NULL,
  `description` longtext NOT NULL,
  `navbar_inverted` tinyint(1) DEFAULT NULL,
  `navbar_transparent` tinyint(1) DEFAULT NULL,
  `hero_subtitle_nl` varchar(255) DEFAULT NULL,
  `hero_title_nl` varchar(255) DEFAULT NULL,
  `hero_subtitle_en` varchar(255) DEFAULT NULL,
  `hero_title_en` varchar(255) DEFAULT NULL,
  `description_en` longtext,
  `description_nl` longtext,
  `description_title_en` varchar(255) DEFAULT NULL,
  `description_title_nl` varchar(255) DEFAULT NULL,
  `intro_en` longtext,
  `intro_nl` longtext,
  PRIMARY KEY (`page_ptr_id`),
  CONSTRAINT `people_peoplepage_page_ptr_id_54760067_fk_wagtailcore_page_id` FOREIGN KEY (`page_ptr_id`) REFERENCES `wagtailcore_page` (`id`)
) ENGINE=InnoDB DEFAULT CHARSET=latin1;
/*!40101 SET character_set_client = @saved_cs_client */;

--
-- Dumping data for table `people_peoplepage`
--

LOCK TABLES `people_peoplepage` WRITE;
/*!40000 ALTER TABLE `people_peoplepage` DISABLE KEYS */;
INSERT INTO `people_peoplepage` VALUES (13,'hero-people_B5Vanqe.jpg','Our team','Leading sustainability consultants & designers','Meet the team','Ut est nulla, feugiat a augue at, pretium tempor nunc. Mauris ac lectus eu augue laoreet commodo. Curabitur vitae mi id massa varius efficitur at in arcu. Aliquam tempor arcu quis ipsum convallis, id facilisis eros posuere. Aenean vitae lobortis tortor, non dapibus massa. Morbi viverra, velit non iaculis ornare, dui nibh varius purus, eget vestibulum urna nibh quis orci. Praesent quis libero eu libero viverra hendrerit in eget erat. Praesent a purus non elit blandit hendrerit.','Maecenas eu nibh dignissim, lobortis enim malesuada, pellentesque ex. Nullam scelerisque placerat nisl, sed fringilla orci accumsan sit amet. Phasellus vitae quam sem. Mauris elementum neque id lacus elementum pulvinar. Curabitur facilisis auctor ligula, vitae malesuada nunc congue sed. Fusce scelerisque euismod elit eget iaculis. Aliquam eu pellentesque tellus. Nullam in turpis vel tortor consectetur imperdiet ac eu dui. Donec pulvinar rutrum ex non ornare. Morbi maximus gravida ullamcorper. Nullam aliquam aliquet mattis. In at urna sagittis libero placerat accumsan. Integer viverra ac metus faucibus hendrerit. Curabitur odio mi, auctor ac sem in, hendrerit lobortis lorem.',0,1,'Leading sustainability consultants & designers','Our team','Leading sustainability consultants & designers','Our team','Maecenas eu nibh dignissim, lobortis enim malesuada, pellentesque ex. Nullam scelerisque placerat nisl, sed fringilla orci accumsan sit amet. Phasellus vitae quam sem. Mauris elementum neque id lacus elementum pulvinar. Curabitur facilisis auctor ligula, vitae malesuada nunc congue sed. Fusce scelerisque euismod elit eget iaculis. Aliquam eu pellentesque tellus. Nullam in turpis vel tortor consectetur imperdiet ac eu dui. Donec pulvinar rutrum ex non ornare. Morbi maximus gravida ullamcorper. Nullam aliquam aliquet mattis. In at urna sagittis libero placerat accumsan. Integer viverra ac metus faucibus hendrerit. Curabitur odio mi, auctor ac sem in, hendrerit lobortis lorem.','','Meet the team',NULL,'Ut est nulla, feugiat a augue at, pretium tempor nunc. Mauris ac lectus eu augue laoreet commodo. Curabitur vitae mi id massa varius efficitur at in arcu. Aliquam tempor arcu quis ipsum convallis, id facilisis eros posuere. Aenean vitae lobortis tortor, non dapibus massa. Morbi viverra, velit non iaculis ornare, dui nibh varius purus, eget vestibulum urna nibh quis orci. Praesent quis libero eu libero viverra hendrerit in eget erat. Praesent a purus non elit blandit hendrerit.','');
/*!40000 ALTER TABLE `people_peoplepage` ENABLE KEYS */;
UNLOCK TABLES;

--
-- Table structure for table `people_profilepage`
--

DROP TABLE IF EXISTS `people_profilepage`;
/*!40101 SET @saved_cs_client     = @@character_set_client */;
/*!40101 SET character_set_client = utf8 */;
CREATE TABLE `people_profilepage` (
  `page_ptr_id` int(11) NOT NULL,
  `person_id` int(11) DEFAULT NULL,
  PRIMARY KEY (`page_ptr_id`),
  KEY `people_profilepage_person_id_f89c0269_fk_people_people_id` (`person_id`),
  CONSTRAINT `people_profilepage_page_ptr_id_5a522aec_fk_wagtailcore_page_id` FOREIGN KEY (`page_ptr_id`) REFERENCES `wagtailcore_page` (`id`),
  CONSTRAINT `people_profilepage_person_id_f89c0269_fk_people_people_id` FOREIGN KEY (`person_id`) REFERENCES `people_people` (`id`)
) ENGINE=InnoDB DEFAULT CHARSET=latin1;
/*!40101 SET character_set_client = @saved_cs_client */;

--
-- Dumping data for table `people_profilepage`
--

LOCK TABLES `people_profilepage` WRITE;
/*!40000 ALTER TABLE `people_profilepage` DISABLE KEYS */;
INSERT INTO `people_profilepage` VALUES (37,2),(38,3),(39,4);
/*!40000 ALTER TABLE `people_profilepage` ENABLE KEYS */;
UNLOCK TABLES;

--
-- Table structure for table `projects_carouselitem`
--

DROP TABLE IF EXISTS `projects_carouselitem`;
/*!40101 SET @saved_cs_client     = @@character_set_client */;
/*!40101 SET character_set_client = utf8 */;
CREATE TABLE `projects_carouselitem` (
  `id` int(11) NOT NULL AUTO_INCREMENT,
  `sort_order` int(11) DEFAULT NULL,
  `description` varchar(255) NOT NULL,
  `image_id` int(11) DEFAULT NULL,
  `page_id` int(11) NOT NULL,
  `description_en` varchar(255) DEFAULT NULL,
  `description_nl` varchar(255) DEFAULT NULL,
  PRIMARY KEY (`id`),
  KEY `projects_carouselite_image_id_62c730e6_fk_wagtailim` (`image_id`),
  KEY `projects_carouselitem_page_id_db3cf34e` (`page_id`),
  CONSTRAINT `projects_carouselite_image_id_62c730e6_fk_wagtailim` FOREIGN KEY (`image_id`) REFERENCES `wagtailimages_image` (`id`),
  CONSTRAINT `projects_carouselite_page_id_db3cf34e_fk_projects_` FOREIGN KEY (`page_id`) REFERENCES `projects_projectpage` (`page_ptr_id`)
) ENGINE=InnoDB AUTO_INCREMENT=8 DEFAULT CHARSET=latin1;
/*!40101 SET character_set_client = @saved_cs_client */;

--
-- Dumping data for table `projects_carouselitem`
--

LOCK TABLES `projects_carouselitem` WRITE;
/*!40000 ALTER TABLE `projects_carouselitem` DISABLE KEYS */;
INSERT INTO `projects_carouselitem` VALUES (1,0,'This is a test, here is an image of wwf',27,35,'This is a test, here is an image of wwf',NULL),(2,1,'Big projects have global impact',28,35,'Big projects have global impact',NULL),(3,0,'This is a test, here is an image of wwf',28,36,'This is a test, here is an image of wwf',NULL),(4,1,'Big projects have global impact',3,36,'Big projects have global impact',NULL),(5,2,'Nice vegetables to talk about agriculture',2,36,'Nice vegetables to talk about agriculture',NULL),(6,0,'Same picture, just because we can.',28,40,'Same picture, just because we can.',NULL),(7,1,'And another one.',2,40,'And another one.',NULL);
/*!40000 ALTER TABLE `projects_carouselitem` ENABLE KEYS */;
UNLOCK TABLES;

--
-- Table structure for table `projects_projectindexpage`
--

DROP TABLE IF EXISTS `projects_projectindexpage`;
/*!40101 SET @saved_cs_client     = @@character_set_client */;
/*!40101 SET character_set_client = utf8 */;
CREATE TABLE `projects_projectindexpage` (
  `page_ptr_id` int(11) NOT NULL,
  `hero_image` varchar(100) DEFAULT NULL,
  `navbar_transparent` tinyint(1) DEFAULT NULL,
  `navbar_inverted` tinyint(1) DEFAULT NULL,
  `hero_title` varchar(255) DEFAULT NULL,
  `hero_subtitle` varchar(255) DEFAULT NULL,
  `intro` longtext NOT NULL,
  `hero_subtitle_nl` varchar(255) DEFAULT NULL,
  `hero_title_nl` varchar(255) DEFAULT NULL,
  `hero_subtitle_en` varchar(255) DEFAULT NULL,
  `hero_title_en` varchar(255) DEFAULT NULL,
  `intro_en` longtext,
  `intro_nl` longtext,
  PRIMARY KEY (`page_ptr_id`),
  CONSTRAINT `projects_projectinde_page_ptr_id_dd5e70ca_fk_wagtailco` FOREIGN KEY (`page_ptr_id`) REFERENCES `wagtailcore_page` (`id`)
) ENGINE=InnoDB DEFAULT CHARSET=latin1;
/*!40101 SET character_set_client = @saved_cs_client */;

--
-- Dumping data for table `projects_projectindexpage`
--

LOCK TABLES `projects_projectindexpage` WRITE;
/*!40000 ALTER TABLE `projects_projectindexpage` DISABLE KEYS */;
INSERT INTO `projects_projectindexpage` VALUES (34,'hero-projects.jpg',1,0,'Projects',NULL,'',NULL,'Projects',NULL,'Projects','',NULL);
/*!40000 ALTER TABLE `projects_projectindexpage` ENABLE KEYS */;
UNLOCK TABLES;

--
-- Table structure for table `projects_projectpage`
--

DROP TABLE IF EXISTS `projects_projectpage`;
/*!40101 SET @saved_cs_client     = @@character_set_client */;
/*!40101 SET character_set_client = utf8 */;
CREATE TABLE `projects_projectpage` (
  `page_ptr_id` int(11) NOT NULL,
  `hero_image` varchar(100) DEFAULT NULL,
  `hero_title` varchar(255) DEFAULT NULL,
  `hero_subtitle` varchar(255) DEFAULT NULL,
  `date_published` date NOT NULL,
  `intro` longtext NOT NULL,
  `navbar_transparent` tinyint(1) DEFAULT NULL,
  `navbar_inverted` tinyint(1) DEFAULT NULL,
  `body` longtext NOT NULL,
  `author_id` int(11) DEFAULT NULL,
  `service_id` int(11) DEFAULT NULL,
  `summary` varchar(255) DEFAULT NULL,
  `highlight` tinyint(1) DEFAULT NULL,
  `hero_subtitle_nl` varchar(255) DEFAULT NULL,
  `hero_title_nl` varchar(255) DEFAULT NULL,
  `hero_subtitle_en` varchar(255) DEFAULT NULL,
  `hero_title_en` varchar(255) DEFAULT NULL,
  `body_en` longtext,
  `body_nl` longtext,
  `intro_en` longtext,
  `intro_nl` longtext,
  `summary_en` varchar(255) DEFAULT NULL,
  `summary_nl` varchar(255) DEFAULT NULL,
  PRIMARY KEY (`page_ptr_id`),
  KEY `projects_projectpage_service_id_de4dbddf_fk_services_` (`service_id`),
  KEY `projects_projectpage_author_id_9fbd3fc7_fk_people_people_id` (`author_id`),
  CONSTRAINT `projects_projectpage_author_id_9fbd3fc7_fk_people_people_id` FOREIGN KEY (`author_id`) REFERENCES `people_people` (`id`),
  CONSTRAINT `projects_projectpage_page_ptr_id_2eccd927_fk_wagtailcore_page_id` FOREIGN KEY (`page_ptr_id`) REFERENCES `wagtailcore_page` (`id`),
  CONSTRAINT `projects_projectpage_service_id_de4dbddf_fk_services_` FOREIGN KEY (`service_id`) REFERENCES `services_servicepage` (`page_ptr_id`)
) ENGINE=InnoDB DEFAULT CHARSET=latin1;
/*!40101 SET character_set_client = @saved_cs_client */;

--
-- Dumping data for table `projects_projectpage`
--

LOCK TABLES `projects_projectpage` WRITE;
/*!40000 ALTER TABLE `projects_projectpage` DISABLE KEYS */;
INSERT INTO `projects_projectpage` VALUES (35,'hero-project_DVFQAbO.jpg','Project title even if it\'s long','Project subtitle','2019-06-24','Quisque pulvinar enim id tincidunt scelerisque. Vestibulum venenatis facilisis urna a placerat. Integer facilisis neque ut augue viverra porttitor. Sed eleifend tincidunt congue. In vestibulum consequat neque. Nam finibus turpis non diam blandit, sit amet facilisis enim imperdiet. Sed ut purus vitae arcu suscipit pharetra. Etiam pretium lorem ac aliquet lobortis. Nunc dui arcu, posuere eget lorem sed, dignissim sagittis urna. Nullam non tellus eros.',1,0,'[{\"type\": \"paragraph_block\", \"value\": {\"text\": \"<p>test</p>\"}, \"id\": \"31d7ccd9-8edd-4144-9f7a-a07ed0dc04bc\"}]',2,8,'This project has a global impact. This project has a global impact. This project has a global impact. This project has a global impact. This project has a global impact.',NULL,'Project subtitle','Project title even if it\'s long','Project subtitle','Project title even if it\'s long',NULL,NULL,'Quisque pulvinar enim id tincidunt scelerisque. Vestibulum venenatis facilisis urna a placerat. Integer facilisis neque ut augue viverra porttitor. Sed eleifend tincidunt congue. In vestibulum consequat neque. Nam finibus turpis non diam blandit, sit amet facilisis enim imperdiet. Sed ut purus vitae arcu suscipit pharetra. Etiam pretium lorem ac aliquet lobortis. Nunc dui arcu, posuere eget lorem sed, dignissim sagittis urna. Nullam non tellus eros.',NULL,'This project has a global impact. This project has a global impact. This project has a global impact. This project has a global impact. This project has a global impact.',NULL),(36,'hero-news_u2MW62R.jpg','Catalytic Buildings White Paper','Tuning into the Construction Sector\'s \"Music Of Tomorrow\"','2019-06-25','Duis eu dolor ac sapien malesuada ultricies at eu purus. Nulla facilisi. Class aptent taciti sociosqu ad litora torquent per conubia nostra, per inceptos himenaeos. In sed lorem semper, elementum magna eget, tempus nunc. Nam ornare aliquet odio, a commodo ante cursus sed. Pellentesque in quam a libero elementum hendrerit. Duis varius rhoncus est, vel cursus lacus volutpat at.',1,0,'[{\"type\": \"heading_block\", \"value\": {\"heading_text\": \"Its Journey towards Sustainability\", \"size\": \"h3\"}, \"id\": \"6cae25dd-f164-464c-9f47-1c035b3ec95d\"}, {\"type\": \"paragraph_block\", \"value\": {\"text\": \"<p>Lorem ipsum dolor sit amet, consectetur adipiscing elit. Nullam accumsan vitae tellus a eleifend. Quisque risus urna, commodo nec pulvinar eu, bibendum consequat lacus. Pellentesque quis ante eget risus dictum laoreet. Aliquam convallis metus eget facilisis commodo. Nunc eu mauris dapibus, tempus augue in, posuere metus. Vivamus a sapien lectus. In auctor, magna in luctus convallis, dolor ex imperdiet arcu, at suscipit risus dolor vel purus. Aliquam eu felis eu justo bibendum semper. Integer eget dignissim justo. Duis sodales ullamcorper ante, id iaculis diam pharetra in. Quisque ornare justo lorem, sit amet porttitor elit porta nec. Cras in sapien eu massa maximus bibendum. Mauris tincidunt augue vel nibh congue, id placerat lacus tristique. Vestibulum tempor, orci nec interdum dignissim, ipsum sapien tempor est, et varius orci erat non erat. Class aptent taciti sociosqu ad litora torquent per conubia nostra, per inceptos himenaeos. Ut eu magna quam.</p>\"}, \"id\": \"e5f20e64-6ab3-4a6e-bb96-367eff08ddeb\"}, {\"type\": \"image_block\", \"value\": {\"image\": 28, \"caption\": \"Big projects have global impact\", \"attribution\": \"\"}, \"id\": \"ea86c213-7361-42f4-a946-55930b5eec69\"}, {\"type\": \"paragraph_block\", \"value\": {\"text\": \"<p>Proin vel tempus nulla. Fusce vitae nunc felis. Pellentesque eu elit eu libero dignissim aliquam. Suspendisse venenatis lectus vitae dui ultricies eleifend vel in ante. Nullam dolor justo, laoreet vel vehicula eget, viverra vel risus. Quisque faucibus arcu eget blandit elementum. Fusce congue finibus ligula, vel vehicula lacus efficitur vel.</p>\"}, \"id\": \"6a242d99-2cea-4d99-9a20-0b8adbc08dcd\"}, {\"type\": \"paragraph_block\", \"value\": {\"text\": \"<p>Proin vel tempus nulla. Fusce vitae nunc felis. Pellentesque eu elit eu libero dignissim aliquam. Suspendisse venenatis lectus vitae dui ultricies eleifend vel in ante. Nullam dolor justo, laoreet vel vehicula eget, viverra vel risus. Quisque faucibus arcu eget blandit elementum. Fusce congue finibus ligula, vel vehicula lacus efficitur vel.</p>\"}, \"id\": \"f561f7ca-92ec-4ddb-9a76-87cea7f8d292\"}]',2,8,'This is an awesome project.',1,'Tuning into the Construction Sector\'s \"Music Of Tomorrow\"','Catalytic Buildings White Paper','Tuning into the Construction Sector\'s \"Music Of Tomorrow\"','Catalytic Buildings White Paper',NULL,NULL,'Duis eu dolor ac sapien malesuada ultricies at eu purus. Nulla facilisi. Class aptent taciti sociosqu ad litora torquent per conubia nostra, per inceptos himenaeos. In sed lorem semper, elementum magna eget, tempus nunc. Nam ornare aliquet odio, a commodo ante cursus sed. Pellentesque in quam a libero elementum hendrerit. Duis varius rhoncus est, vel cursus lacus volutpat at.',NULL,'This is an awesome project.',NULL),(40,'hero-about_njji4j8.jpg','Awesome project','Have a big impact','2016-06-07','Lorem ipsum dolor sit amet, consectetur adipiscing elit. Etiam in fringilla sapien. Duis vitae dui neque. Mauris et lorem sit amet sapien interdum semper id vitae quam. In hac habitasse platea dictumst. Donec congue in mi non pharetra. Cras est lectus, tincidunt a magna eget, gravida ornare arcu. Phasellus vitae dictum enim, id condimentum nunc. Pellentesque diam diam, semper sed condimentum in, faucibus in eros. Donec velit nunc, viverra nec tellus ac, condimentum aliquam diam. Vestibulum cursus ut orci ac efficitur. Maecenas non neque et magna vulputate malesuada ac nec ex. Suspendisse risus elit, dapibus sit amet dapibus et, iaculis ac lorem. Integer eu dui posuere, cursus nibh ac, convallis mi. Vivamus eu condimentum turpis, et blandit augue. Duis tincidunt dictum dui, in elementum enim auctor et.',1,0,'[{\"type\": \"heading_block\", \"value\": {\"heading_text\": \"First section\", \"size\": \"h2\"}, \"id\": \"2331f024-ede5-4456-a81f-22fc7226b4e5\"}, {\"type\": \"paragraph_block\", \"value\": {\"text\": \"<p>Maecenas egestas blandit nisi, eget accumsan enim malesuada vel. Aenean sit amet lobortis mauris. In quis odio et nunc mollis rutrum. Cras sollicitudin cursus odio eu cursus. Etiam felis turpis, euismod eu interdum a, consectetur ut libero. Praesent suscipit a massa non rutrum. Sed hendrerit turpis elit, eget aliquam ante egestas vel.</p>\"}, \"id\": \"621a12a4-0cc1-42ee-affd-35732fdd2420\"}, {\"type\": \"image_block\", \"value\": {\"image\": 28, \"caption\": \"Again the same picture.\", \"attribution\": \"\"}, \"id\": \"27020852-f113-48ed-97b5-327a953fbe25\"}, {\"type\": \"paragraph_block\", \"value\": {\"text\": \"<p>Sed sed iaculis massa. Vestibulum vestibulum turpis in pharetra varius. Donec rutrum diam arcu, et pharetra purus auctor sed. Etiam fermentum efficitur magna ac scelerisque. Mauris gravida libero arcu. Phasellus vulputate, urna eget molestie fermentum, orci ipsum ultricies nibh, laoreet varius risus quam fringilla nulla. Interdum et malesuada fames ac ante ipsum primis in faucibus. Nam maximus sed lectus vitae viverra. Suspendisse purus enim, aliquet vel volutpat id, pharetra nec nunc. Nullam nibh est, luctus et ante eu, scelerisque bibendum sapien. In nibh ipsum, pretium vel tellus a, tristique vestibulum mauris.</p>\"}, \"id\": \"8dd8295e-bcd4-4ad4-95dc-c6107e3a55f1\"}, {\"type\": \"paragraph_block\", \"value\": {\"text\": \"<p>Lorem ipsum dolor sit amet, consectetur adipiscing elit. Etiam in fringilla sapien. Duis vitae dui neque. Mauris et lorem sit amet sapien interdum semper id vitae quam. In hac habitasse platea dictumst. Donec congue in mi non pharetra. Cras est lectus, tincidunt a magna eget, gravida ornare arcu. Phasellus vitae dictum enim, id condimentum nunc. Pellentesque diam diam, semper sed condimentum in, faucibus in eros. Donec velit nunc, viverra nec tellus ac, condimentum aliquam diam. Vestibulum cursus ut orci ac efficitur. Maecenas non neque et magna vulputate malesuada ac nec ex. Suspendisse risus elit, dapibus sit amet dapibus et, iaculis ac lorem. Integer eu dui posuere, cursus nibh ac, convallis mi. Vivamus eu condimentum turpis, et blandit augue. Duis tincidunt dictum dui, in elementum enim auctor et.</p>\"}, \"id\": \"fea83431-8f1c-41c5-a167-394c141d4a06\"}, {\"type\": \"block_quote\", \"value\": {\"text\": \"Except is awesome.\", \"attribute_name\": \"Alexandre Fradet\"}, \"id\": \"2e6ecc92-10fd-4963-96e8-c0cfd5416259\"}]',3,9,'This project has a global impact.',1,'Have a big impact','Awesome project','Have a big impact','Awesome project',NULL,NULL,'Lorem ipsum dolor sit amet, consectetur adipiscing elit. Etiam in fringilla sapien. Duis vitae dui neque. Mauris et lorem sit amet sapien interdum semper id vitae quam. In hac habitasse platea dictumst. Donec congue in mi non pharetra. Cras est lectus, tincidunt a magna eget, gravida ornare arcu. Phasellus vitae dictum enim, id condimentum nunc. Pellentesque diam diam, semper sed condimentum in, faucibus in eros. Donec velit nunc, viverra nec tellus ac, condimentum aliquam diam. Vestibulum cursus ut orci ac efficitur. Maecenas non neque et magna vulputate malesuada ac nec ex. Suspendisse risus elit, dapibus sit amet dapibus et, iaculis ac lorem. Integer eu dui posuere, cursus nibh ac, convallis mi. Vivamus eu condimentum turpis, et blandit augue. Duis tincidunt dictum dui, in elementum enim auctor et.',NULL,'This project has a global impact.',NULL);
/*!40000 ALTER TABLE `projects_projectpage` ENABLE KEYS */;
UNLOCK TABLES;

--
-- Table structure for table `projects_projectpartner`
--

DROP TABLE IF EXISTS `projects_projectpartner`;
/*!40101 SET @saved_cs_client     = @@character_set_client */;
/*!40101 SET character_set_client = utf8 */;
CREATE TABLE `projects_projectpartner` (
  `id` int(11) NOT NULL AUTO_INCREMENT,
  `sort_order` int(11) DEFAULT NULL,
  `page_id` int(11) NOT NULL,
  `partner_id` int(11) DEFAULT NULL,
  PRIMARY KEY (`id`),
  KEY `projects_projectpartner_partner_id_25c6c21e_fk_about_partner_id` (`partner_id`),
  KEY `projects_projectpartner_page_id_a71f4427` (`page_id`),
  CONSTRAINT `projects_projectpart_page_id_a71f4427_fk_projects_` FOREIGN KEY (`page_id`) REFERENCES `projects_projectpage` (`page_ptr_id`),
  CONSTRAINT `projects_projectpartner_partner_id_25c6c21e_fk_about_partner_id` FOREIGN KEY (`partner_id`) REFERENCES `about_partner` (`id`)
) ENGINE=InnoDB AUTO_INCREMENT=7 DEFAULT CHARSET=latin1;
/*!40101 SET character_set_client = @saved_cs_client */;

--
-- Dumping data for table `projects_projectpartner`
--

LOCK TABLES `projects_projectpartner` WRITE;
/*!40000 ALTER TABLE `projects_projectpartner` DISABLE KEYS */;
INSERT INTO `projects_projectpartner` VALUES (1,0,35,7),(2,1,35,8),(3,0,36,7),(4,1,36,8),(5,0,40,7),(6,1,40,8);
/*!40000 ALTER TABLE `projects_projectpartner` ENABLE KEYS */;
UNLOCK TABLES;

--
-- Table structure for table `projects_projectresource`
--

DROP TABLE IF EXISTS `projects_projectresource`;
/*!40101 SET @saved_cs_client     = @@character_set_client */;
/*!40101 SET character_set_client = utf8 */;
CREATE TABLE `projects_projectresource` (
  `id` int(11) NOT NULL AUTO_INCREMENT,
  `sort_order` int(11) DEFAULT NULL,
  `page_id` int(11) NOT NULL,
  `resource_id` int(11) DEFAULT NULL,
  PRIMARY KEY (`id`),
  KEY `projects_projectreso_resource_id_5a34561f_fk_knowledge` (`resource_id`),
  KEY `projects_projectresource_page_id_05521b22` (`page_id`),
  CONSTRAINT `projects_projectreso_page_id_05521b22_fk_projects_` FOREIGN KEY (`page_id`) REFERENCES `projects_projectpage` (`page_ptr_id`),
  CONSTRAINT `projects_projectreso_resource_id_5a34561f_fk_knowledge` FOREIGN KEY (`resource_id`) REFERENCES `knowledge_resource` (`id`)
) ENGINE=InnoDB AUTO_INCREMENT=10 DEFAULT CHARSET=latin1;
/*!40101 SET character_set_client = @saved_cs_client */;

--
-- Dumping data for table `projects_projectresource`
--

LOCK TABLES `projects_projectresource` WRITE;
/*!40000 ALTER TABLE `projects_projectresource` DISABLE KEYS */;
INSERT INTO `projects_projectresource` VALUES (1,0,35,3),(2,1,35,2),(3,2,35,2),(4,0,36,11),(5,1,36,1),(6,2,36,25),(7,0,40,25),(8,1,40,1),(9,2,40,2);
/*!40000 ALTER TABLE `projects_projectresource` ENABLE KEYS */;
UNLOCK TABLES;

--
-- Table structure for table `projects_teammember`
--

DROP TABLE IF EXISTS `projects_teammember`;
/*!40101 SET @saved_cs_client     = @@character_set_client */;
/*!40101 SET character_set_client = utf8 */;
CREATE TABLE `projects_teammember` (
  `id` int(11) NOT NULL AUTO_INCREMENT,
  `sort_order` int(11) DEFAULT NULL,
  `member_id` int(11) DEFAULT NULL,
  `page_id` int(11) NOT NULL,
  PRIMARY KEY (`id`),
  KEY `projects_teammember_page_id_2969a8c5` (`page_id`),
  KEY `projects_teammember_member_id_24d595d2_fk_people_people_id` (`member_id`),
  CONSTRAINT `projects_teammember_member_id_24d595d2_fk_people_people_id` FOREIGN KEY (`member_id`) REFERENCES `people_people` (`id`),
  CONSTRAINT `projects_teammember_page_id_2969a8c5_fk_projects_` FOREIGN KEY (`page_id`) REFERENCES `projects_projectpage` (`page_ptr_id`)
) ENGINE=InnoDB AUTO_INCREMENT=6 DEFAULT CHARSET=latin1;
/*!40101 SET character_set_client = @saved_cs_client */;

--
-- Dumping data for table `projects_teammember`
--

LOCK TABLES `projects_teammember` WRITE;
/*!40000 ALTER TABLE `projects_teammember` DISABLE KEYS */;
INSERT INTO `projects_teammember` VALUES (1,0,4,35),(2,1,2,35),(3,0,4,36),(4,1,2,36),(5,0,4,40);
/*!40000 ALTER TABLE `projects_teammember` ENABLE KEYS */;
UNLOCK TABLES;

--
-- Table structure for table `services_expertise`
--

DROP TABLE IF EXISTS `services_expertise`;
/*!40101 SET @saved_cs_client     = @@character_set_client */;
/*!40101 SET character_set_client = utf8 */;
CREATE TABLE `services_expertise` (
  `id` int(11) NOT NULL AUTO_INCREMENT,
  `sort_order` int(11) DEFAULT NULL,
  `image` varchar(100) DEFAULT NULL,
  `title` varchar(255) DEFAULT NULL,
  `page_id` int(11) NOT NULL,
  `title_en` varchar(255) DEFAULT NULL,
  `title_nl` varchar(255) DEFAULT NULL,
  PRIMARY KEY (`id`),
  KEY `services_partner_page_id_0025f822` (`page_id`),
  CONSTRAINT `services_partner_page_id_0025f822_fk_services_` FOREIGN KEY (`page_id`) REFERENCES `services_serviceindexpage` (`page_ptr_id`)
) ENGINE=InnoDB AUTO_INCREMENT=7 DEFAULT CHARSET=latin1;
/*!40101 SET character_set_client = @saved_cs_client */;

--
-- Dumping data for table `services_expertise`
--

LOCK TABLES `services_expertise` WRITE;
/*!40000 ALTER TABLE `services_expertise` DISABLE KEYS */;
INSERT INTO `services_expertise` VALUES (1,0,'industry-icon_CSavcaF.png','test1',7,'test1',NULL),(2,1,'organizations-icon_KujavYa.png','test2',7,'test2',NULL),(3,2,'places-icon_YENcFiN.png','test3',7,'test3',NULL),(4,3,'training-icon_YwYjybl.png','test4',7,'test4',NULL),(5,4,'places-icon_Tzv9UWm.png','test5',7,'test5',NULL),(6,5,'industry-icon_QtdnklL.png','test6',7,'test6',NULL);
/*!40000 ALTER TABLE `services_expertise` ENABLE KEYS */;
UNLOCK TABLES;

--
-- Table structure for table `services_serviceindexpage`
--

DROP TABLE IF EXISTS `services_serviceindexpage`;
/*!40101 SET @saved_cs_client     = @@character_set_client */;
/*!40101 SET character_set_client = utf8 */;
CREATE TABLE `services_serviceindexpage` (
  `page_ptr_id` int(11) NOT NULL,
  `hero_image` varchar(100) DEFAULT NULL,
  `navbar_transparent` tinyint(1) DEFAULT NULL,
  `navbar_inverted` tinyint(1) DEFAULT NULL,
  `hero_title` varchar(255) DEFAULT NULL,
  `hero_subtitle` varchar(255) DEFAULT NULL,
  `expertise_background` varchar(100) DEFAULT NULL,
  `hero_title_nl` varchar(255) DEFAULT NULL,
  `hero_title_en` varchar(255) DEFAULT NULL,
  `hero_subtitle_en` varchar(255) DEFAULT NULL,
  `hero_subtitle_nl` varchar(255) DEFAULT NULL,
  PRIMARY KEY (`page_ptr_id`),
  CONSTRAINT `services_serviceinde_page_ptr_id_db6cc6ca_fk_wagtailco` FOREIGN KEY (`page_ptr_id`) REFERENCES `wagtailcore_page` (`id`)
) ENGINE=InnoDB DEFAULT CHARSET=latin1;
/*!40101 SET character_set_client = @saved_cs_client */;

--
-- Dumping data for table `services_serviceindexpage`
--

LOCK TABLES `services_serviceindexpage` WRITE;
/*!40000 ALTER TABLE `services_serviceindexpage` DISABLE KEYS */;
INSERT INTO `services_serviceindexpage` VALUES (7,'hero-services.jpg',1,1,'Services',NULL,'services-bg.jpg','Services','Services',NULL,NULL);
/*!40000 ALTER TABLE `services_serviceindexpage` ENABLE KEYS */;
UNLOCK TABLES;

--
-- Table structure for table `services_servicepage`
--

DROP TABLE IF EXISTS `services_servicepage`;
/*!40101 SET @saved_cs_client     = @@character_set_client */;
/*!40101 SET character_set_client = utf8 */;
CREATE TABLE `services_servicepage` (
  `page_ptr_id` int(11) NOT NULL,
  `hero_title` varchar(100) NOT NULL,
  `color` varchar(100) DEFAULT NULL,
  `image` varchar(100) DEFAULT NULL,
  `introduction` longtext,
  `hero_subtitle` varchar(255) DEFAULT NULL,
  `hero_subtitle_nl` varchar(255) DEFAULT NULL,
  `hero_title_nl` varchar(100) DEFAULT NULL,
  `hero_subtitle_en` varchar(255) DEFAULT NULL,
  `hero_title_en` varchar(100) DEFAULT NULL,
  `introduction_en` longtext,
  `introduction_nl` longtext,
  PRIMARY KEY (`page_ptr_id`),
  CONSTRAINT `services_servicepage_page_ptr_id_b1a65a25_fk_wagtailcore_page_id` FOREIGN KEY (`page_ptr_id`) REFERENCES `wagtailcore_page` (`id`)
) ENGINE=InnoDB DEFAULT CHARSET=latin1;
/*!40101 SET character_set_client = @saved_cs_client */;

--
-- Dumping data for table `services_servicepage`
--

LOCK TABLES `services_servicepage` WRITE;
/*!40000 ALTER TABLE `services_servicepage` DISABLE KEYS */;
INSERT INTO `services_servicepage` VALUES (8,'Places, Cities & Buildings','orange','places-icon.png',NULL,NULL,NULL,'Plaatsen, steden & gebouwen',NULL,'Places, Cities & Buildings',NULL,NULL),(9,'Organizations & governance','green','organizations-icon.png',NULL,NULL,NULL,'Organisaties & governance',NULL,'Organizations & governance',NULL,NULL),(10,'Industry & sectors','blue','industry-icon_PUQs1MT.png',NULL,NULL,NULL,'Industrie & sectoren',NULL,'Industry & sectors',NULL,NULL),(11,'Training','purple','training-icon.png',NULL,NULL,NULL,'Opleiding',NULL,'Training',NULL,NULL);
/*!40000 ALTER TABLE `services_servicepage` ENABLE KEYS */;
UNLOCK TABLES;

--
-- Table structure for table `services_subservicepage`
--

DROP TABLE IF EXISTS `services_subservicepage`;
/*!40101 SET @saved_cs_client     = @@character_set_client */;
/*!40101 SET character_set_client = utf8 */;
CREATE TABLE `services_subservicepage` (
  `page_ptr_id` int(11) NOT NULL,
  `hero_title` varchar(100) NOT NULL,
  `description` longtext NOT NULL,
  `body` longtext NOT NULL,
  `hero_title_nl` varchar(100) DEFAULT NULL,
  `hero_title_en` varchar(100) DEFAULT NULL,
  `body_en` longtext,
  `body_nl` longtext,
  `description_en` longtext,
  `description_nl` longtext,
  PRIMARY KEY (`page_ptr_id`),
  CONSTRAINT `services_subservicep_page_ptr_id_4f0d9381_fk_wagtailco` FOREIGN KEY (`page_ptr_id`) REFERENCES `wagtailcore_page` (`id`)
) ENGINE=InnoDB DEFAULT CHARSET=latin1;
/*!40101 SET character_set_client = @saved_cs_client */;

--
-- Dumping data for table `services_subservicepage`
--

LOCK TABLES `services_subservicepage` WRITE;
/*!40000 ALTER TABLE `services_subservicepage` DISABLE KEYS */;
INSERT INTO `services_subservicepage` VALUES (32,'IN-COMPANY TRAINING & WORKSHOPS','Supporting organizations develop action- able pathways towards sustainable, profitable, and ethical operations.','[{\"type\": \"paragraph_block\", \"value\": {\"text\": \"<p>test</p>\"}, \"id\": \"49b4517c-4bdc-406a-852f-ac601818df37\"}]','IN-COMPANY TRAINING & WORKSHOPS','IN-COMPANY TRAINING & WORKSHOPS',NULL,NULL,'Supporting organizations develop action- able pathways towards sustainable, profitable, and ethical operations.',NULL),(33,'OPEN REGISTRATION TRAINING & WORKSHOPS','Supporting organizations develop action- able pathways towards sustainable, profitable, and ethical operations.','[{\"type\": \"paragraph_block\", \"value\": {\"text\": \"<p>test</p>\"}, \"id\": \"87a46615-092e-41c4-afd2-c687219fc49a\"}]','OPEN REGISTRATION TRAINING & WORKSHOPS','OPEN REGISTRATION TRAINING & WORKSHOPS',NULL,NULL,'Supporting organizations develop action- able pathways towards sustainable, profitable, and ethical operations.',NULL),(41,'URBAN RENAISSANCE','A complete analysis, strategy, design and manage- ment service for sustainable cities, neighborhoods and regions','[{\"type\": \"paragraph_block\", \"value\": {\"text\": \"<p>test</p>\"}, \"id\": \"4db33d1d-a492-484d-b943-6ccad7538abc\"}]','URBAN RENAISSANCE','URBAN RENAISSANCE',NULL,NULL,'A complete analysis, strategy, design and manage- ment service for sustainable cities, neighborhoods and regions',NULL),(42,'ISLAND RENAISSANCE','A complete analysis, strategy, design and manage- ment service for sustainable cities, neighborhoods and regions','[{\"type\": \"paragraph_block\", \"value\": {\"text\": \"<p>test</p>\"}, \"id\": \"c203aaa0-a02f-4275-a5ce-bb1e8dd63f58\"}]','ISLAND RENAISSANCE','ISLAND RENAISSANCE',NULL,NULL,'A complete analysis, strategy, design and manage- ment service for sustainable cities, neighborhoods and regions',NULL),(43,'SUSTAINABLE ESTATES','A complete analysis, strategy, design and manage- ment service for sustainable cities, neighborhoods and regions','[{\"type\": \"paragraph_block\", \"value\": {\"text\": \"<p>test</p>\"}, \"id\": \"1ab066b8-10e7-470d-8734-c9b0ae126d98\"}]','SUSTAINABLE ESTATES','SUSTAINABLE ESTATES',NULL,NULL,'A complete analysis, strategy, design and manage- ment service for sustainable cities, neighborhoods and regions',NULL),(44,'INNOVATION COMMUNITIES','A complete analysis, strategy, design and manage- ment service for sustainable cities, neighborhoods and regions','[{\"type\": \"paragraph_block\", \"value\": {\"text\": \"<p>test</p>\"}, \"id\": \"b4a50780-eb75-41e0-8d18-accde6c6fedb\"}]','INNOVATION COMMUNITIES','INNOVATION COMMUNITIES',NULL,NULL,'A complete analysis, strategy, design and manage- ment service for sustainable cities, neighborhoods and regions',NULL),(45,'ROUTEMAPS TO SUSTAINABILITY','Supporting organizations develop actionable pathways towards sustainable, profitable, and ethical operations.','[{\"type\": \"paragraph_block\", \"value\": {\"text\": \"<p>test</p>\"}, \"id\": \"d3a28ae8-0bf7-4481-b737-bb8869fd0789\"}]','ROUTEMAPS TO SUSTAINABILITY','ROUTEMAPS TO SUSTAINABILITY',NULL,NULL,'Supporting organizations develop actionable pathways towards sustainable, profitable, and ethical operations.',NULL),(46,'SUSTAINABLE SUPPLY CHAINS','Supporting organizations develop actionable pathways towards sustainable, profitable, and ethical operations.','[{\"type\": \"paragraph_block\", \"value\": {\"text\": \"<p>test</p>\"}, \"id\": \"0e12bc62-8b4b-4f45-aec8-c7c6d0303642\"}]','SUSTAINABLE SUPPLY CHAINS','SUSTAINABLE SUPPLY CHAINS',NULL,NULL,'Supporting organizations develop actionable pathways towards sustainable, profitable, and ethical operations.',NULL),(47,'CIRCULAR INDUSTRIES','Supporting organizations develop actionable pathways towards sustainable, profitable, and ethical operations.','[{\"type\": \"paragraph_block\", \"value\": {\"text\": \"<p>test</p>\"}, \"id\": \"3563e753-4c33-4bbe-b6aa-c0a012d86e19\"}]','CIRCULAR INDUSTRIES','CIRCULAR INDUSTRIES',NULL,NULL,'Supporting organizations develop actionable pathways towards sustainable, profitable, and ethical operations.',NULL),(48,'SUSTAINABLE FOOD SYSTEMS','Supporting organizations develop actionable pathways towards sustainable, profitable, and ethical operations.','[{\"type\": \"paragraph_block\", \"value\": {\"text\": \"<p>test</p>\"}, \"id\": \"a630f03d-d01d-44a8-b71e-ae63fd1dbda9\"}]','SUSTAINABLE FOOD SYSTEMS','SUSTAINABLE FOOD SYSTEMS',NULL,NULL,'Supporting organizations develop actionable pathways towards sustainable, profitable, and ethical operations.',NULL);
/*!40000 ALTER TABLE `services_subservicepage` ENABLE KEYS */;
UNLOCK TABLES;

--
-- Table structure for table `taggit_tag`
--

DROP TABLE IF EXISTS `taggit_tag`;
/*!40101 SET @saved_cs_client     = @@character_set_client */;
/*!40101 SET character_set_client = utf8 */;
CREATE TABLE `taggit_tag` (
  `id` int(11) NOT NULL AUTO_INCREMENT,
  `name` varchar(100) NOT NULL,
  `slug` varchar(100) NOT NULL,
  PRIMARY KEY (`id`),
  UNIQUE KEY `name` (`name`),
  UNIQUE KEY `slug` (`slug`)
) ENGINE=InnoDB AUTO_INCREMENT=2 DEFAULT CHARSET=latin1;
/*!40101 SET character_set_client = @saved_cs_client */;

--
-- Dumping data for table `taggit_tag`
--

LOCK TABLES `taggit_tag` WRITE;
/*!40000 ALTER TABLE `taggit_tag` DISABLE KEYS */;
INSERT INTO `taggit_tag` VALUES (1,'Sid training methodology consulting','sid-training-methodology-consulting');
/*!40000 ALTER TABLE `taggit_tag` ENABLE KEYS */;
UNLOCK TABLES;

--
-- Table structure for table `taggit_taggeditem`
--

DROP TABLE IF EXISTS `taggit_taggeditem`;
/*!40101 SET @saved_cs_client     = @@character_set_client */;
/*!40101 SET character_set_client = utf8 */;
CREATE TABLE `taggit_taggeditem` (
  `id` int(11) NOT NULL AUTO_INCREMENT,
  `object_id` int(11) NOT NULL,
  `content_type_id` int(11) NOT NULL,
  `tag_id` int(11) NOT NULL,
  PRIMARY KEY (`id`),
  KEY `taggit_taggeditem_tag_id_f4f5b767_fk_taggit_tag_id` (`tag_id`),
  KEY `taggit_taggeditem_object_id_e2d7d1df` (`object_id`),
  KEY `taggit_taggeditem_content_type_id_object_id_196cc965_idx` (`content_type_id`,`object_id`),
  CONSTRAINT `taggit_taggeditem_content_type_id_9957a03c_fk_django_co` FOREIGN KEY (`content_type_id`) REFERENCES `django_content_type` (`id`),
  CONSTRAINT `taggit_taggeditem_tag_id_f4f5b767_fk_taggit_tag_id` FOREIGN KEY (`tag_id`) REFERENCES `taggit_tag` (`id`)
) ENGINE=InnoDB AUTO_INCREMENT=2 DEFAULT CHARSET=latin1;
/*!40101 SET character_set_client = @saved_cs_client */;

--
-- Dumping data for table `taggit_taggeditem`
--

LOCK TABLES `taggit_taggeditem` WRITE;
/*!40000 ALTER TABLE `taggit_taggeditem` DISABLE KEYS */;
INSERT INTO `taggit_taggeditem` VALUES (1,4,2,1);
/*!40000 ALTER TABLE `taggit_taggeditem` ENABLE KEYS */;
UNLOCK TABLES;

--
-- Table structure for table `wagtailcore_collection`
--

DROP TABLE IF EXISTS `wagtailcore_collection`;
/*!40101 SET @saved_cs_client     = @@character_set_client */;
/*!40101 SET character_set_client = utf8 */;
CREATE TABLE `wagtailcore_collection` (
  `id` int(11) NOT NULL AUTO_INCREMENT,
  `path` varchar(255) NOT NULL,
  `depth` int(10) unsigned NOT NULL,
  `numchild` int(10) unsigned NOT NULL,
  `name` varchar(255) NOT NULL,
  PRIMARY KEY (`id`),
  UNIQUE KEY `path` (`path`)
) ENGINE=InnoDB AUTO_INCREMENT=2 DEFAULT CHARSET=latin1;
/*!40101 SET character_set_client = @saved_cs_client */;

--
-- Dumping data for table `wagtailcore_collection`
--

LOCK TABLES `wagtailcore_collection` WRITE;
/*!40000 ALTER TABLE `wagtailcore_collection` DISABLE KEYS */;
INSERT INTO `wagtailcore_collection` VALUES (1,'0001',1,0,'Root');
/*!40000 ALTER TABLE `wagtailcore_collection` ENABLE KEYS */;
UNLOCK TABLES;

--
-- Table structure for table `wagtailcore_collectionviewrestriction`
--

DROP TABLE IF EXISTS `wagtailcore_collectionviewrestriction`;
/*!40101 SET @saved_cs_client     = @@character_set_client */;
/*!40101 SET character_set_client = utf8 */;
CREATE TABLE `wagtailcore_collectionviewrestriction` (
  `id` int(11) NOT NULL AUTO_INCREMENT,
  `restriction_type` varchar(20) NOT NULL,
  `password` varchar(255) NOT NULL,
  `collection_id` int(11) NOT NULL,
  PRIMARY KEY (`id`),
  KEY `wagtailcore_collecti_collection_id_761908ec_fk_wagtailco` (`collection_id`),
  CONSTRAINT `wagtailcore_collecti_collection_id_761908ec_fk_wagtailco` FOREIGN KEY (`collection_id`) REFERENCES `wagtailcore_collection` (`id`)
) ENGINE=InnoDB DEFAULT CHARSET=latin1;
/*!40101 SET character_set_client = @saved_cs_client */;

--
-- Dumping data for table `wagtailcore_collectionviewrestriction`
--

LOCK TABLES `wagtailcore_collectionviewrestriction` WRITE;
/*!40000 ALTER TABLE `wagtailcore_collectionviewrestriction` DISABLE KEYS */;
/*!40000 ALTER TABLE `wagtailcore_collectionviewrestriction` ENABLE KEYS */;
UNLOCK TABLES;

--
-- Table structure for table `wagtailcore_collectionviewrestriction_groups`
--

DROP TABLE IF EXISTS `wagtailcore_collectionviewrestriction_groups`;
/*!40101 SET @saved_cs_client     = @@character_set_client */;
/*!40101 SET character_set_client = utf8 */;
CREATE TABLE `wagtailcore_collectionviewrestriction_groups` (
  `id` int(11) NOT NULL AUTO_INCREMENT,
  `collectionviewrestriction_id` int(11) NOT NULL,
  `group_id` int(11) NOT NULL,
  PRIMARY KEY (`id`),
  UNIQUE KEY `wagtailcore_collectionvi_collectionviewrestrictio_988995ae_uniq` (`collectionviewrestriction_id`,`group_id`),
  KEY `wagtailcore_collecti_group_id_1823f2a3_fk_auth_grou` (`group_id`),
  CONSTRAINT `wagtailcore_collecti_collectionviewrestri_47320efd_fk_wagtailco` FOREIGN KEY (`collectionviewrestriction_id`) REFERENCES `wagtailcore_collectionviewrestriction` (`id`),
  CONSTRAINT `wagtailcore_collecti_group_id_1823f2a3_fk_auth_grou` FOREIGN KEY (`group_id`) REFERENCES `auth_group` (`id`)
) ENGINE=InnoDB DEFAULT CHARSET=latin1;
/*!40101 SET character_set_client = @saved_cs_client */;

--
-- Dumping data for table `wagtailcore_collectionviewrestriction_groups`
--

LOCK TABLES `wagtailcore_collectionviewrestriction_groups` WRITE;
/*!40000 ALTER TABLE `wagtailcore_collectionviewrestriction_groups` DISABLE KEYS */;
/*!40000 ALTER TABLE `wagtailcore_collectionviewrestriction_groups` ENABLE KEYS */;
UNLOCK TABLES;

--
-- Table structure for table `wagtailcore_groupcollectionpermission`
--

DROP TABLE IF EXISTS `wagtailcore_groupcollectionpermission`;
/*!40101 SET @saved_cs_client     = @@character_set_client */;
/*!40101 SET character_set_client = utf8 */;
CREATE TABLE `wagtailcore_groupcollectionpermission` (
  `id` int(11) NOT NULL AUTO_INCREMENT,
  `collection_id` int(11) NOT NULL,
  `group_id` int(11) NOT NULL,
  `permission_id` int(11) NOT NULL,
  PRIMARY KEY (`id`),
  UNIQUE KEY `wagtailcore_groupcollect_group_id_collection_id_p_a21cefe9_uniq` (`group_id`,`collection_id`,`permission_id`),
  KEY `wagtailcore_groupcol_collection_id_5423575a_fk_wagtailco` (`collection_id`),
  KEY `wagtailcore_groupcol_permission_id_1b626275_fk_auth_perm` (`permission_id`),
  CONSTRAINT `wagtailcore_groupcol_collection_id_5423575a_fk_wagtailco` FOREIGN KEY (`collection_id`) REFERENCES `wagtailcore_collection` (`id`),
  CONSTRAINT `wagtailcore_groupcol_group_id_05d61460_fk_auth_grou` FOREIGN KEY (`group_id`) REFERENCES `auth_group` (`id`),
  CONSTRAINT `wagtailcore_groupcol_permission_id_1b626275_fk_auth_perm` FOREIGN KEY (`permission_id`) REFERENCES `auth_permission` (`id`)
) ENGINE=InnoDB AUTO_INCREMENT=9 DEFAULT CHARSET=latin1;
/*!40101 SET character_set_client = @saved_cs_client */;

--
-- Dumping data for table `wagtailcore_groupcollectionpermission`
--

LOCK TABLES `wagtailcore_groupcollectionpermission` WRITE;
/*!40000 ALTER TABLE `wagtailcore_groupcollectionpermission` DISABLE KEYS */;
INSERT INTO `wagtailcore_groupcollectionpermission` VALUES (2,1,1,1),(4,1,1,2),(6,1,1,5),(8,1,1,6),(1,1,2,1),(3,1,2,2),(5,1,2,5),(7,1,2,6);
/*!40000 ALTER TABLE `wagtailcore_groupcollectionpermission` ENABLE KEYS */;
UNLOCK TABLES;

--
-- Table structure for table `wagtailcore_grouppagepermission`
--

DROP TABLE IF EXISTS `wagtailcore_grouppagepermission`;
/*!40101 SET @saved_cs_client     = @@character_set_client */;
/*!40101 SET character_set_client = utf8 */;
CREATE TABLE `wagtailcore_grouppagepermission` (
  `id` int(11) NOT NULL AUTO_INCREMENT,
  `permission_type` varchar(20) NOT NULL,
  `group_id` int(11) NOT NULL,
  `page_id` int(11) NOT NULL,
  PRIMARY KEY (`id`),
  UNIQUE KEY `wagtailcore_grouppageper_group_id_page_id_permiss_0898bdf8_uniq` (`group_id`,`page_id`,`permission_type`),
  KEY `wagtailcore_grouppag_page_id_710b114a_fk_wagtailco` (`page_id`),
  CONSTRAINT `wagtailcore_grouppag_group_id_fc07e671_fk_auth_grou` FOREIGN KEY (`group_id`) REFERENCES `auth_group` (`id`),
  CONSTRAINT `wagtailcore_grouppag_page_id_710b114a_fk_wagtailco` FOREIGN KEY (`page_id`) REFERENCES `wagtailcore_page` (`id`)
) ENGINE=InnoDB AUTO_INCREMENT=7 DEFAULT CHARSET=latin1;
/*!40101 SET character_set_client = @saved_cs_client */;

--
-- Dumping data for table `wagtailcore_grouppagepermission`
--

LOCK TABLES `wagtailcore_grouppagepermission` WRITE;
/*!40000 ALTER TABLE `wagtailcore_grouppagepermission` DISABLE KEYS */;
INSERT INTO `wagtailcore_grouppagepermission` VALUES (1,'add',1,1),(2,'edit',1,1),(6,'lock',1,1),(3,'publish',1,1),(4,'add',2,1),(5,'edit',2,1);
/*!40000 ALTER TABLE `wagtailcore_grouppagepermission` ENABLE KEYS */;
UNLOCK TABLES;

--
-- Table structure for table `wagtailcore_page`
--

DROP TABLE IF EXISTS `wagtailcore_page`;
/*!40101 SET @saved_cs_client     = @@character_set_client */;
/*!40101 SET character_set_client = utf8 */;
CREATE TABLE `wagtailcore_page` (
  `id` int(11) NOT NULL AUTO_INCREMENT,
  `path` varchar(255) NOT NULL,
  `depth` int(10) unsigned NOT NULL,
  `numchild` int(10) unsigned NOT NULL,
  `title` varchar(255) NOT NULL,
  `slug` varchar(255) NOT NULL,
  `live` tinyint(1) NOT NULL,
  `has_unpublished_changes` tinyint(1) NOT NULL,
  `url_path` longtext NOT NULL,
  `seo_title` varchar(255) NOT NULL,
  `show_in_menus` tinyint(1) NOT NULL,
  `search_description` longtext NOT NULL,
  `go_live_at` datetime(6) DEFAULT NULL,
  `expire_at` datetime(6) DEFAULT NULL,
  `expired` tinyint(1) NOT NULL,
  `content_type_id` int(11) NOT NULL,
  `owner_id` int(11) DEFAULT NULL,
  `locked` tinyint(1) NOT NULL,
  `latest_revision_created_at` datetime(6) DEFAULT NULL,
  `first_published_at` datetime(6) DEFAULT NULL,
  `live_revision_id` int(11) DEFAULT NULL,
  `last_published_at` datetime(6) DEFAULT NULL,
  `draft_title` varchar(255) NOT NULL,
  `slug_pt` varchar(255) DEFAULT NULL,
  `slug_es` varchar(255) DEFAULT NULL,
  `slug_fr` varchar(255) DEFAULT NULL,
  `url_path_pt` longtext,
  `url_path_es` longtext,
  `url_path_fr` longtext,
  `seo_title_pt` varchar(255) DEFAULT NULL,
  `seo_title_es` varchar(255) DEFAULT NULL,
  `seo_title_fr` varchar(255) DEFAULT NULL,
  `title_pt` varchar(255) DEFAULT NULL,
  `title_es` varchar(255) DEFAULT NULL,
  `title_fr` varchar(255) DEFAULT NULL,
  `search_description_pt` longtext,
  `search_description_es` longtext,
  `search_description_fr` longtext,
  `search_description_nl` longtext,
  `seo_title_nl` varchar(255) DEFAULT NULL,
  `url_path_nl` longtext,
  `title_nl` varchar(255) DEFAULT NULL,
  `slug_nl` varchar(255) DEFAULT NULL,
  `title_en` varchar(255) DEFAULT NULL,
  `search_description_en` longtext,
  `slug_en` varchar(255) DEFAULT NULL,
  `url_path_en` longtext,
  `seo_title_en` varchar(255) DEFAULT NULL,
  PRIMARY KEY (`id`),
  UNIQUE KEY `path` (`path`),
  KEY `wagtailcore_page_slug_e7c11b8f` (`slug`),
  KEY `wagtailcore_page_first_published_at_2b5dd637` (`first_published_at`),
  KEY `wagtailcore_page_content_type_id_c28424df_fk_django_co` (`content_type_id`),
  KEY `wagtailcore_page_live_revision_id_930bd822_fk_wagtailco` (`live_revision_id`),
  KEY `wagtailcore_page_owner_id_fbf7c332_fk_people_people_id` (`owner_id`),
  CONSTRAINT `wagtailcore_page_content_type_id_c28424df_fk_django_co` FOREIGN KEY (`content_type_id`) REFERENCES `django_content_type` (`id`),
  CONSTRAINT `wagtailcore_page_live_revision_id_930bd822_fk_wagtailco` FOREIGN KEY (`live_revision_id`) REFERENCES `wagtailcore_pagerevision` (`id`),
  CONSTRAINT `wagtailcore_page_owner_id_fbf7c332_fk_people_people_id` FOREIGN KEY (`owner_id`) REFERENCES `people_people` (`id`)
) ENGINE=InnoDB AUTO_INCREMENT=49 DEFAULT CHARSET=latin1;
/*!40101 SET character_set_client = @saved_cs_client */;

--
-- Dumping data for table `wagtailcore_page`
--

LOCK TABLES `wagtailcore_page` WRITE;
/*!40000 ALTER TABLE `wagtailcore_page` DISABLE KEYS */;
INSERT INTO `wagtailcore_page` VALUES (1,'0001',1,1,'Root','root',1,0,'/','',0,'',NULL,NULL,0,1,NULL,0,NULL,NULL,NULL,NULL,'Root',NULL,NULL,NULL,NULL,NULL,NULL,NULL,NULL,NULL,NULL,NULL,NULL,NULL,NULL,NULL,'','','/','Root','root','Root','','root','/',''),(6,'00010002',2,4,'Home','except',1,0,'/except/','',1,'',NULL,NULL,0,51,NULL,0,'2019-07-04 12:21:02.027695','2019-06-19 12:34:24.441085',126,'2019-07-04 12:21:02.234007','Home',NULL,NULL,NULL,NULL,NULL,NULL,NULL,NULL,NULL,NULL,NULL,NULL,NULL,NULL,NULL,'',NULL,'/except/','Woning','except','Home','','except','/except/',''),(7,'000100020001',3,4,'Services','services',1,0,'/except/services/','',1,'',NULL,NULL,0,49,NULL,0,'2019-06-27 08:59:24.835115','2019-06-19 12:50:03.949575',93,'2019-06-27 08:59:24.888096','Services',NULL,NULL,NULL,NULL,NULL,NULL,NULL,NULL,NULL,NULL,NULL,NULL,NULL,NULL,NULL,'','','/except/services/','Services','services','Services','','services','/except/services/',''),(8,'0001000200010001',4,4,'Places, Cities & Buildings','places-cities-buildings',1,0,'/except/services/places-cities-buildings/','',1,'',NULL,NULL,0,50,NULL,0,'2019-07-08 10:48:59.638135','2019-06-19 13:06:02.560481',133,'2019-07-08 10:48:59.717625','Places, Cities & Buildings',NULL,NULL,NULL,NULL,NULL,NULL,NULL,NULL,NULL,NULL,NULL,NULL,NULL,NULL,NULL,'',NULL,'/except/services/places-cities-buildings/','Places, Cities & Buildings','places-cities-buildings','Places, Cities & Buildings','','places-cities-buildings','/except/services/places-cities-buildings/',NULL),(9,'0001000200010002',4,2,'Organizations & governance','organizations-governance',1,0,'/except/services/organizations-governance/','',1,'',NULL,NULL,0,50,NULL,0,'2019-07-08 10:49:06.564075','2019-06-19 13:08:10.186607',134,'2019-07-08 10:49:06.609600','Organizations & governance',NULL,NULL,NULL,NULL,NULL,NULL,NULL,NULL,NULL,NULL,NULL,NULL,NULL,NULL,NULL,'',NULL,'/except/services/organizations-governance/','Organizations & governance','organizations-governance','Organizations & governance','','organizations-governance','/except/services/organizations-governance/',NULL),(10,'0001000200010003',4,2,'Industry & sectors','industry-sectors',1,0,'/except/services/industry-sectors/','',1,'',NULL,NULL,0,50,NULL,0,'2019-07-08 10:49:15.334539','2019-06-19 13:08:31.565996',135,'2019-07-08 10:49:15.378016','Industry & sectors',NULL,NULL,NULL,NULL,NULL,NULL,NULL,NULL,NULL,NULL,NULL,NULL,NULL,NULL,NULL,'',NULL,'/except/services/industry-sectors/','Industry & sectors','industry-sectors','Industry & sectors','','industry-sectors','/except/services/industry-sectors/',NULL),(11,'0001000200010004',4,2,'Training','training',1,0,'/except/services/training/','',1,'',NULL,NULL,0,50,NULL,0,'2019-07-08 10:49:35.239266','2019-06-19 13:08:44.014130',137,'2019-07-08 10:49:35.315831','Training',NULL,NULL,NULL,NULL,NULL,NULL,NULL,NULL,NULL,NULL,NULL,NULL,NULL,NULL,NULL,'',NULL,'/except/services/training/','Training','training','Training','','training','/except/services/training/',NULL),(12,'000100020002',3,2,'About','about',1,0,'/except/about/','',1,'',NULL,NULL,0,9,NULL,0,'2019-07-08 10:20:30.978931','2019-06-19 14:31:29.356955',131,'2019-07-08 10:20:31.084218','About',NULL,NULL,NULL,NULL,NULL,NULL,NULL,NULL,NULL,NULL,NULL,NULL,NULL,NULL,NULL,'',NULL,'/except/about/','About','about','About','','about','/except/about/',NULL),(13,'0001000200020002',4,3,'People','people',1,0,'/except/about/people/','',1,'',NULL,NULL,0,13,NULL,0,'2019-07-08 10:21:12.526194','2019-06-19 14:32:39.169592',132,'2019-07-08 10:21:12.664987','People',NULL,NULL,NULL,NULL,NULL,NULL,NULL,NULL,NULL,NULL,NULL,NULL,NULL,NULL,NULL,'',NULL,'/except/about/people/','People','people','People','','people','/except/about/people/',NULL),(14,'000100020004',3,0,'Knowledge','knowledge',1,0,'/except/knowledge/','',1,'',NULL,NULL,0,21,NULL,0,'2019-06-27 08:59:00.566871','2019-06-19 14:33:49.186101',91,'2019-06-27 08:59:00.623061','Knowledge',NULL,NULL,NULL,NULL,NULL,NULL,NULL,NULL,NULL,NULL,NULL,NULL,NULL,NULL,NULL,'','','/except/knowledge/','Knowledge','knowledge','Knowledge','','knowledge','/except/knowledge/',''),(15,'0001000200020001',4,2,'News','news',1,0,'/except/about/news/','',1,'',NULL,NULL,0,15,NULL,0,'2019-06-27 08:58:44.921902','2019-06-19 14:38:20.986678',90,'2019-06-27 08:58:44.966918','News',NULL,NULL,NULL,NULL,NULL,NULL,NULL,NULL,NULL,NULL,NULL,NULL,NULL,NULL,NULL,'','','/except/about/news/','News','news','News','','news','/except/about/news/',''),(16,'00010002000200010001',5,2,'Except Articles Folder','except-articles-folder',1,0,'/except/about/news/except-articles-folder/','',0,'',NULL,NULL,0,17,NULL,0,'2019-06-19 14:49:08.599629','2019-06-19 14:49:08.635065',34,'2019-06-19 14:49:08.635065','Except Articles Folder',NULL,NULL,NULL,NULL,NULL,NULL,NULL,NULL,NULL,NULL,NULL,NULL,NULL,NULL,NULL,'','','/except/about/news/except-articles-folder/','Except Articles Folder','except-articles-folder','Except Articles Folder','','except-articles-folder','/except/about/news/except-articles-folder/',''),(17,'00010002000200010002',5,12,'Newspaper Articles Folder','newspaper-articles-folder',1,0,'/except/about/news/newspaper-articles-folder/','',0,'',NULL,NULL,0,18,NULL,0,'2019-06-19 14:49:30.781330','2019-06-19 14:49:23.498853',36,'2019-06-19 14:49:30.812996','Newspaper Articles Folder',NULL,NULL,NULL,NULL,NULL,NULL,NULL,NULL,NULL,NULL,NULL,NULL,NULL,NULL,NULL,'','','/except/about/news/newspaper-articles-folder/','Newspaper Articles Folder','newspaper-articles-folder','Newspaper Articles Folder','','newspaper-articles-folder','/except/about/news/newspaper-articles-folder/',''),(18,'000100020002000100020001',6,0,'Except is awesome.','except-awesome',1,0,'/except/about/news/newspaper-articles-folder/except-awesome/','',0,'',NULL,NULL,0,19,NULL,0,'2019-06-19 14:50:25.346418','2019-06-19 14:50:25.397673',37,'2019-06-19 14:50:25.397673','Except is awesome.',NULL,NULL,NULL,NULL,NULL,NULL,NULL,NULL,NULL,NULL,NULL,NULL,NULL,NULL,NULL,'','','/except/about/news/newspaper-articles-folder/except-awesome/','Except is awesome.','except-awesome','Except is awesome.','','except-awesome','/except/about/news/newspaper-articles-folder/except-awesome/',''),(19,'000100020002000100010001',6,0,'Except | Catalytic Buildings White Paper','except-catalytic-buildings-white-paper',1,0,'/except/about/news/except-articles-folder/except-catalytic-buildings-white-paper/','',0,'',NULL,NULL,0,14,NULL,0,'2019-07-09 13:53:40.805881','2019-06-19 14:51:27.495128',139,'2019-07-09 13:53:40.858871','Except | Catalytic Buildings White Paper',NULL,NULL,NULL,NULL,NULL,NULL,NULL,NULL,NULL,NULL,NULL,NULL,NULL,NULL,NULL,'',NULL,'/except/about/news/except-articles-folder/except-catalytic-buildings-white-paper/','Except | Catalytic Buildings White Paper','except-catalytic-buildings-white-paper','Except | Catalytic Buildings White Paper','','except-catalytic-buildings-white-paper','/except/about/news/except-articles-folder/except-catalytic-buildings-white-paper/',NULL),(20,'000100020002000100020002',6,0,'test1','test1',1,0,'/except/about/news/newspaper-articles-folder/test1/','',0,'',NULL,NULL,0,19,NULL,0,'2019-06-19 15:24:53.768239','2019-06-19 15:24:53.822525',42,'2019-06-19 15:24:53.822525','test1',NULL,NULL,NULL,NULL,NULL,NULL,NULL,NULL,NULL,NULL,NULL,NULL,NULL,NULL,NULL,'','','/except/about/news/newspaper-articles-folder/test1/','test1','test1','test1','','test1','/except/about/news/newspaper-articles-folder/test1/',''),(21,'000100020002000100020003',6,0,'test2','test2',1,0,'/except/about/news/newspaper-articles-folder/test2/','',0,'',NULL,NULL,0,19,NULL,0,'2019-06-19 15:25:12.420830','2019-06-19 15:25:12.461479',43,'2019-06-19 15:25:12.461479','test2',NULL,NULL,NULL,NULL,NULL,NULL,NULL,NULL,NULL,NULL,NULL,NULL,NULL,NULL,NULL,'','','/except/about/news/newspaper-articles-folder/test2/','test2','test2','test2','','test2','/except/about/news/newspaper-articles-folder/test2/',''),(22,'000100020002000100020004',6,0,'test3','test3',1,0,'/except/about/news/newspaper-articles-folder/test3/','',0,'',NULL,NULL,0,19,NULL,0,'2019-06-19 15:25:31.186032','2019-06-19 15:25:31.243183',44,'2019-06-19 15:25:31.243183','test3',NULL,NULL,NULL,NULL,NULL,NULL,NULL,NULL,NULL,NULL,NULL,NULL,NULL,NULL,NULL,'','','/except/about/news/newspaper-articles-folder/test3/','test3','test3','test3','','test3','/except/about/news/newspaper-articles-folder/test3/',''),(23,'000100020002000100020005',6,0,'test4','test4',1,0,'/except/about/news/newspaper-articles-folder/test4/','',0,'',NULL,NULL,0,19,NULL,0,'2019-06-19 15:25:56.632438','2019-06-19 15:25:56.653184',45,'2019-06-19 15:25:56.653184','test4',NULL,NULL,NULL,NULL,NULL,NULL,NULL,NULL,NULL,NULL,NULL,NULL,NULL,NULL,NULL,'','','/except/about/news/newspaper-articles-folder/test4/','test4','test4','test4','','test4','/except/about/news/newspaper-articles-folder/test4/',''),(24,'000100020002000100020006',6,0,'test5','test5',1,0,'/except/about/news/newspaper-articles-folder/test5/','',0,'',NULL,NULL,0,19,NULL,0,'2019-06-19 15:26:50.480797','2019-06-19 15:26:50.504993',46,'2019-06-19 15:26:50.504993','test5',NULL,NULL,NULL,NULL,NULL,NULL,NULL,NULL,NULL,NULL,NULL,NULL,NULL,NULL,NULL,'','','/except/about/news/newspaper-articles-folder/test5/','test5','test5','test5','','test5','/except/about/news/newspaper-articles-folder/test5/',''),(25,'000100020002000100020007',6,0,'test6','test6',1,0,'/except/about/news/newspaper-articles-folder/test6/','',0,'',NULL,NULL,0,19,NULL,0,'2019-06-19 15:27:11.195153','2019-06-19 15:27:11.235199',47,'2019-06-19 15:27:11.235199','test6',NULL,NULL,NULL,NULL,NULL,NULL,NULL,NULL,NULL,NULL,NULL,NULL,NULL,NULL,NULL,'','','/except/about/news/newspaper-articles-folder/test6/','test6','test6','test6','','test6','/except/about/news/newspaper-articles-folder/test6/',''),(26,'000100020002000100020008',6,0,'test7','test7',1,0,'/except/about/news/newspaper-articles-folder/test7/','',0,'',NULL,NULL,0,19,NULL,0,'2019-06-19 15:27:33.386920','2019-06-19 15:27:33.412092',48,'2019-06-19 15:27:33.412092','test7',NULL,NULL,NULL,NULL,NULL,NULL,NULL,NULL,NULL,NULL,NULL,NULL,NULL,NULL,NULL,'','','/except/about/news/newspaper-articles-folder/test7/','test7','test7','test7','','test7','/except/about/news/newspaper-articles-folder/test7/',''),(27,'000100020002000100020009',6,0,'test8','test8',1,0,'/except/about/news/newspaper-articles-folder/test8/','',0,'',NULL,NULL,0,19,NULL,0,'2019-06-19 15:27:48.962369','2019-06-19 15:27:48.989610',49,'2019-06-19 15:27:48.989610','test8',NULL,NULL,NULL,NULL,NULL,NULL,NULL,NULL,NULL,NULL,NULL,NULL,NULL,NULL,NULL,'','','/except/about/news/newspaper-articles-folder/test8/','test8','test8','test8','','test8','/except/about/news/newspaper-articles-folder/test8/',''),(28,'00010002000200010002000A',6,0,'test9','test9',1,0,'/except/about/news/newspaper-articles-folder/test9/','',0,'',NULL,NULL,0,19,NULL,0,'2019-06-19 15:28:06.821920','2019-06-19 15:28:06.847701',50,'2019-06-19 15:28:06.847701','test9',NULL,NULL,NULL,NULL,NULL,NULL,NULL,NULL,NULL,NULL,NULL,NULL,NULL,NULL,NULL,'','','/except/about/news/newspaper-articles-folder/test9/','test9','test9','test9','','test9','/except/about/news/newspaper-articles-folder/test9/',''),(29,'00010002000200010002000B',6,0,'test10','test10',1,0,'/except/about/news/newspaper-articles-folder/test10/','',0,'',NULL,NULL,0,19,NULL,0,'2019-06-19 15:28:33.600442','2019-06-19 15:28:33.637649',52,'2019-06-19 15:28:33.637649','test10',NULL,NULL,NULL,NULL,NULL,NULL,NULL,NULL,NULL,NULL,NULL,NULL,NULL,NULL,NULL,'','','/except/about/news/newspaper-articles-folder/test10/','test10','test10','test10','','test10','/except/about/news/newspaper-articles-folder/test10/',''),(30,'00010002000200010002000C',6,0,'test11','test11',1,0,'/except/about/news/newspaper-articles-folder/test11/','',0,'',NULL,NULL,0,19,NULL,0,'2019-06-19 15:28:52.123522','2019-06-19 15:28:52.148249',53,'2019-06-19 15:28:52.148249','test11',NULL,NULL,NULL,NULL,NULL,NULL,NULL,NULL,NULL,NULL,NULL,NULL,NULL,NULL,NULL,'','','/except/about/news/newspaper-articles-folder/test11/','test11','test11','test11','','test11','/except/about/news/newspaper-articles-folder/test11/',''),(31,'000100020002000100010002',6,0,'Except | Natural Capital & new innovation strategies','except-natural-capital-new-innovation-strategies',1,0,'/except/about/news/except-articles-folder/except-natural-capital-new-innovation-strategies/','',0,'',NULL,NULL,0,14,NULL,0,'2019-07-09 13:53:31.303961','2019-06-19 16:04:34.345088',138,'2019-07-09 13:53:31.442689','Except | Natural Capital & new innovation strategies',NULL,NULL,NULL,NULL,NULL,NULL,NULL,NULL,NULL,NULL,NULL,NULL,NULL,NULL,NULL,'',NULL,'/except/about/news/except-articles-folder/except-natural-capital-new-innovation-strategies/','Except | Natural Capital & new innovation strategies','except-natural-capital-new-innovation-strategies','Except | Natural Capital & new innovation strategies','','except-natural-capital-new-innovation-strategies','/except/about/news/except-articles-folder/except-natural-capital-new-innovation-strategies/',NULL),(32,'00010002000100040001',5,0,'IN-COMPANY TRAINING & WORKSHOPS','-company-training-workshops',1,0,'/except/services/training/-company-training-workshops/','',0,'',NULL,NULL,0,53,NULL,0,'2019-06-23 17:54:52.598244','2019-06-23 17:54:52.638008',57,'2019-06-23 17:54:52.638008','IN-COMPANY TRAINING & WORKSHOPS',NULL,NULL,NULL,NULL,NULL,NULL,NULL,NULL,NULL,NULL,NULL,NULL,NULL,NULL,NULL,'','','/except/services/training/-company-training-workshops/','IN-COMPANY TRAINING & WORKSHOPS','-company-training-workshops','IN-COMPANY TRAINING & WORKSHOPS','','-company-training-workshops','/except/services/training/-company-training-workshops/',''),(33,'00010002000100040002',5,0,'OPEN REGISTRATION TRAINING & WORKSHOPS','open-registration-training-workshops',1,0,'/except/services/training/open-registration-training-workshops/','',0,'',NULL,NULL,0,53,NULL,0,'2019-06-23 17:55:25.613660','2019-06-23 17:55:25.658179',58,'2019-06-23 17:55:25.658179','OPEN REGISTRATION TRAINING & WORKSHOPS',NULL,NULL,NULL,NULL,NULL,NULL,NULL,NULL,NULL,NULL,NULL,NULL,NULL,NULL,NULL,'','','/except/services/training/open-registration-training-workshops/','OPEN REGISTRATION TRAINING & WORKSHOPS','open-registration-training-workshops','OPEN REGISTRATION TRAINING & WORKSHOPS','','open-registration-training-workshops','/except/services/training/open-registration-training-workshops/',''),(34,'000100020006',3,3,'Projects','projects',1,0,'/except/projects/','',1,'',NULL,NULL,0,54,NULL,0,'2019-06-27 08:58:18.515091','2019-06-24 15:05:03.610324',88,'2019-06-27 08:58:18.570104','Projects',NULL,NULL,NULL,NULL,NULL,NULL,NULL,NULL,NULL,NULL,NULL,NULL,NULL,NULL,NULL,'','','/except/projects/','Projects','projects','Projects','','projects','/except/projects/',''),(35,'0001000200060001',4,0,'Project title even if it\'s long','project-title-even-if-its-long',1,0,'/except/projects/project-title-even-if-its-long/','',0,'',NULL,NULL,0,55,NULL,0,'2019-06-27 08:47:56.656525','2019-06-24 15:07:35.296130',83,'2019-06-27 08:47:56.751138','Project title even if it\'s long',NULL,NULL,NULL,NULL,NULL,NULL,NULL,NULL,NULL,NULL,NULL,NULL,NULL,NULL,NULL,'','','/except/projects/project-title-even-if-its-long/','Project title even if it\'s long','project-title-even-if-its-long','Project title even if it\'s long','','project-title-even-if-its-long','/except/projects/project-title-even-if-its-long/',''),(36,'0001000200060002',4,0,'Except | Catalytic Buildings White Paper','except-catalytic-buildings-white-paper',1,0,'/except/projects/except-catalytic-buildings-white-paper/','',0,'',NULL,NULL,0,55,NULL,0,'2019-07-02 14:02:41.049504','2019-06-25 12:22:56.661963',111,'2019-07-02 14:02:41.147599','Except | Catalytic Buildings White Paper',NULL,NULL,NULL,NULL,NULL,NULL,NULL,NULL,NULL,NULL,NULL,NULL,NULL,NULL,NULL,'','','/except/projects/except-catalytic-buildings-white-paper/','Except | Catalytic Buildings White Paper','except-catalytic-buildings-white-paper','Except | Catalytic Buildings White Paper','','except-catalytic-buildings-white-paper','/except/projects/except-catalytic-buildings-white-paper/',''),(37,'00010002000200020001',5,0,'Alexandre Fradet','alexandre-fradet',1,0,'/except/about/people/alexandre-fradet/','',0,'',NULL,NULL,0,61,2,0,'2019-06-26 15:17:07.552940','2019-06-26 15:17:07.580410',75,'2019-06-26 15:17:07.580410','Alexandre Fradet',NULL,NULL,NULL,NULL,NULL,NULL,NULL,NULL,NULL,NULL,NULL,NULL,NULL,NULL,NULL,'','','/except/about/people/alexandre-fradet/','Alexandre Fradet','alexandre-fradet','Alexandre Fradet','','alexandre-fradet','/except/about/people/alexandre-fradet/',''),(38,'00010002000200020002',5,0,'Joseph Simpson','josephn-simpson',1,0,'/except/about/people/josephn-simpson/','',0,'',NULL,NULL,0,61,2,0,'2019-06-26 15:17:57.295656','2019-06-26 15:17:32.465249',79,'2019-06-26 15:17:57.343161','Joseph Simpson',NULL,NULL,NULL,NULL,NULL,NULL,NULL,NULL,NULL,NULL,NULL,NULL,NULL,NULL,NULL,'','','/except/about/people/josephn-simpson/','Joseph Simpson','josephn-simpson','Joseph Simpson','','josephn-simpson','/except/about/people/josephn-simpson/',''),(39,'00010002000200020003',5,0,'Mattia Micciche','mattia-micciche',1,0,'/except/about/people/mattia-micciche/','',0,'',NULL,NULL,0,61,2,0,'2019-06-26 15:17:49.400313','2019-06-26 15:17:49.426333',78,'2019-06-26 15:17:49.426333','Mattia Micciche',NULL,NULL,NULL,NULL,NULL,NULL,NULL,NULL,NULL,NULL,NULL,NULL,NULL,NULL,NULL,'','','/except/about/people/mattia-micciche/','Mattia Micciche','mattia-micciche','Mattia Micciche','','mattia-micciche','/except/about/people/mattia-micciche/',''),(40,'0001000200060003',4,0,'Except | Awesome project','except-awesome-project',1,0,'/except/projects/except-awesome-project/','',0,'',NULL,NULL,0,55,2,0,'2019-07-02 14:02:28.702586','2019-06-27 15:12:53.880613',110,'2019-07-02 14:02:28.796577','Except | Awesome project',NULL,NULL,NULL,NULL,NULL,NULL,NULL,NULL,NULL,NULL,NULL,NULL,NULL,NULL,NULL,'','','/except/projects/except-awesome-project/','Except | Awesome project','except-awesome-project','Except | Awesome project','','except-awesome-project','/except/projects/except-awesome-project/',''),(41,'00010002000100010001',5,0,'URBAN RENAISSANCE','urban-renaissance',1,0,'/except/services/places-cities-buildings/urban-renaissance/','',0,'',NULL,NULL,0,53,2,0,'2019-07-01 08:49:52.642455','2019-07-01 08:49:52.689169',95,'2019-07-01 08:49:52.689169','URBAN RENAISSANCE',NULL,NULL,NULL,NULL,NULL,NULL,NULL,NULL,NULL,NULL,NULL,NULL,NULL,NULL,NULL,'','','/except/services/places-cities-buildings/urban-renaissance/','URBAN RENAISSANCE','urban-renaissance','URBAN RENAISSANCE','','urban-renaissance','/except/services/places-cities-buildings/urban-renaissance/',''),(42,'00010002000100010002',5,0,'ISLAND RENAISSANCE','island-renaissance',1,0,'/except/services/places-cities-buildings/island-renaissance/','',0,'',NULL,NULL,0,53,2,0,'2019-07-01 08:50:26.912875','2019-07-01 08:50:26.949267',96,'2019-07-01 08:50:26.949267','ISLAND RENAISSANCE',NULL,NULL,NULL,NULL,NULL,NULL,NULL,NULL,NULL,NULL,NULL,NULL,NULL,NULL,NULL,'','','/except/services/places-cities-buildings/island-renaissance/','ISLAND RENAISSANCE','island-renaissance','ISLAND RENAISSANCE','','island-renaissance','/except/services/places-cities-buildings/island-renaissance/',''),(43,'00010002000100010003',5,0,'SUSTAINABLE ESTATES','sustainable-estates',1,0,'/except/services/places-cities-buildings/sustainable-estates/','',0,'',NULL,NULL,0,53,2,0,'2019-07-01 08:50:45.842436','2019-07-01 08:50:45.887977',97,'2019-07-01 08:50:45.887977','SUSTAINABLE ESTATES',NULL,NULL,NULL,NULL,NULL,NULL,NULL,NULL,NULL,NULL,NULL,NULL,NULL,NULL,NULL,'','','/except/services/places-cities-buildings/sustainable-estates/','SUSTAINABLE ESTATES','sustainable-estates','SUSTAINABLE ESTATES','','sustainable-estates','/except/services/places-cities-buildings/sustainable-estates/',''),(44,'00010002000100010004',5,0,'INNOVATION COMMUNITIES','innovation-communities',1,0,'/except/services/places-cities-buildings/innovation-communities/','',0,'',NULL,NULL,0,53,2,0,'2019-07-01 08:51:03.131528','2019-07-01 08:51:03.169569',98,'2019-07-01 08:51:03.169569','INNOVATION COMMUNITIES',NULL,NULL,NULL,NULL,NULL,NULL,NULL,NULL,NULL,NULL,NULL,NULL,NULL,NULL,NULL,'','','/except/services/places-cities-buildings/innovation-communities/','INNOVATION COMMUNITIES','innovation-communities','INNOVATION COMMUNITIES','','innovation-communities','/except/services/places-cities-buildings/innovation-communities/',''),(45,'00010002000100020001',5,0,'ROUTEMAPS TO SUSTAINABILITY','routemaps-sustainability',1,0,'/except/services/organizations-governance/routemaps-sustainability/','',0,'',NULL,NULL,0,53,2,0,'2019-07-01 08:51:41.949430','2019-07-01 08:51:41.984918',99,'2019-07-01 08:51:41.984918','ROUTEMAPS TO SUSTAINABILITY',NULL,NULL,NULL,NULL,NULL,NULL,NULL,NULL,NULL,NULL,NULL,NULL,NULL,NULL,NULL,'','','/except/services/organizations-governance/routemaps-sustainability/','ROUTEMAPS TO SUSTAINABILITY','routemaps-sustainability','ROUTEMAPS TO SUSTAINABILITY','','routemaps-sustainability','/except/services/organizations-governance/routemaps-sustainability/',''),(46,'00010002000100020002',5,0,'SUSTAINABLE SUPPLY CHAINS','sustainable-supply-chains',1,0,'/except/services/organizations-governance/sustainable-supply-chains/','',0,'',NULL,NULL,0,53,2,0,'2019-07-01 08:52:05.134326','2019-07-01 08:52:05.178626',100,'2019-07-01 08:52:05.178626','SUSTAINABLE SUPPLY CHAINS',NULL,NULL,NULL,NULL,NULL,NULL,NULL,NULL,NULL,NULL,NULL,NULL,NULL,NULL,NULL,'','','/except/services/organizations-governance/sustainable-supply-chains/','SUSTAINABLE SUPPLY CHAINS','sustainable-supply-chains','SUSTAINABLE SUPPLY CHAINS','','sustainable-supply-chains','/except/services/organizations-governance/sustainable-supply-chains/',''),(47,'00010002000100030001',5,0,'CIRCULAR INDUSTRIES','circular-industries',1,0,'/except/services/industry-sectors/circular-industries/','',0,'',NULL,NULL,0,53,2,0,'2019-07-01 08:52:36.738012','2019-07-01 08:52:36.759217',101,'2019-07-01 08:52:36.759217','CIRCULAR INDUSTRIES',NULL,NULL,NULL,NULL,NULL,NULL,NULL,NULL,NULL,NULL,NULL,NULL,NULL,NULL,NULL,'','','/except/services/industry-sectors/circular-industries/','CIRCULAR INDUSTRIES','circular-industries','CIRCULAR INDUSTRIES','','circular-industries','/except/services/industry-sectors/circular-industries/',''),(48,'00010002000100030002',5,0,'SUSTAINABLE FOOD SYSTEMS','sustainable-food-systems',1,0,'/except/services/industry-sectors/sustainable-food-systems/','',0,'',NULL,NULL,0,53,2,0,'2019-07-01 08:52:58.262484','2019-07-01 08:52:58.289887',102,'2019-07-01 08:52:58.289887','SUSTAINABLE FOOD SYSTEMS',NULL,NULL,NULL,NULL,NULL,NULL,NULL,NULL,NULL,NULL,NULL,NULL,NULL,NULL,NULL,'','','/except/services/industry-sectors/sustainable-food-systems/','SUSTAINABLE FOOD SYSTEMS','sustainable-food-systems','SUSTAINABLE FOOD SYSTEMS','','sustainable-food-systems','/except/services/industry-sectors/sustainable-food-systems/','');
/*!40000 ALTER TABLE `wagtailcore_page` ENABLE KEYS */;
UNLOCK TABLES;

--
-- Table structure for table `wagtailcore_pagerevision`
--

DROP TABLE IF EXISTS `wagtailcore_pagerevision`;
/*!40101 SET @saved_cs_client     = @@character_set_client */;
/*!40101 SET character_set_client = utf8 */;
CREATE TABLE `wagtailcore_pagerevision` (
  `id` int(11) NOT NULL AUTO_INCREMENT,
  `submitted_for_moderation` tinyint(1) NOT NULL,
  `created_at` datetime(6) NOT NULL,
  `content_json` longtext NOT NULL,
  `approved_go_live_at` datetime(6) DEFAULT NULL,
  `page_id` int(11) NOT NULL,
  `user_id` int(11) DEFAULT NULL,
  PRIMARY KEY (`id`),
  KEY `wagtailcore_pagerevision_submitted_for_moderation_c682e44c` (`submitted_for_moderation`),
  KEY `wagtailcore_pagerevision_page_id_d421cc1d_fk_wagtailcore_page_id` (`page_id`),
  KEY `wagtailcore_pagerevision_user_id_2409d2f4_fk_people_people_id` (`user_id`),
  KEY `wagtailcore_pagerevision_created_at_66954e3b` (`created_at`),
  CONSTRAINT `wagtailcore_pagerevision_page_id_d421cc1d_fk_wagtailcore_page_id` FOREIGN KEY (`page_id`) REFERENCES `wagtailcore_page` (`id`),
  CONSTRAINT `wagtailcore_pagerevision_user_id_2409d2f4_fk_people_people_id` FOREIGN KEY (`user_id`) REFERENCES `people_people` (`id`)
) ENGINE=InnoDB AUTO_INCREMENT=140 DEFAULT CHARSET=latin1;
/*!40101 SET character_set_client = @saved_cs_client */;

--
-- Dumping data for table `wagtailcore_pagerevision`
--

LOCK TABLES `wagtailcore_pagerevision` WRITE;
/*!40000 ALTER TABLE `wagtailcore_pagerevision` DISABLE KEYS */;
INSERT INTO `wagtailcore_pagerevision` VALUES (16,0,'2019-06-19 12:34:24.408312','{\"pk\": 6, \"path\": \"000100010001\", \"depth\": 3, \"numchild\": 0, \"title\": \"Except\", \"draft_title\": \"Except\", \"slug\": \"except\", \"content_type\": 51, \"live\": true, \"has_unpublished_changes\": false, \"url_path\": \"/home/except/\", \"owner\": 1, \"seo_title\": \"\", \"show_in_menus\": false, \"search_description\": \"\", \"go_live_at\": null, \"expire_at\": null, \"expired\": false, \"locked\": false, \"first_published_at\": null, \"last_published_at\": null, \"latest_revision_created_at\": null, \"live_revision\": null, \"hero_image\": \"hero-home_U7sCtSb.jpg\", \"navbar_inverted\": true, \"navbar_transparent\": true, \"hero_title\": \"We make new futures possible\", \"hero_subtitle\": \"Leading sustainability consultants & designers\", \"intro\": \"Etiam elementum condimentum massa quis rutrum. Pellentesque sit amet risus imperdiet, vehicula libero tempor, rhoncus augue. Vivamus vulputate aliquet magna vel tempus. Mauris laoreet at justo sit amet feugiat. Cras quis augue nec sapien mollis dapibus. Pellentesque enim mauris, consequat in lorem id, facilisis condimentum libero. Nam ac sapien posuere, ornare dui nec, cursus purus. Fusce sit amet orci massa. Nam lacinia mauris ac auctor eleifend. Cras commodo, nisi mattis vehicula tempus, metus ante finibus orci, in eleifend eros ipsum eu enim. Curabitur et arcu eu velit egestas varius. Aenean molestie varius ultricies. Ut eget dignissim mi, consequat tristique metus. Integer convallis ullamcorper condimentum. In scelerisque nulla eget quam suscipit finibus. In metus libero, suscipit in maximus sit amet, gravida ac dui.\", \"carousel_items\": [{\"pk\": 1, \"sort_order\": 0, \"image\": 4, \"link_page\": null, \"title\": \"Except Sid Methodology\", \"caption\": \"Except Sid Methodology\", \"link_title\": \"Sid website\", \"page\": 6, \"scaling\": \"fit\"}, {\"pk\": 2, \"sort_order\": 1, \"image\": 28, \"link_page\": null, \"title\": \"Achieving global impact\", \"caption\": \"Our team of experts shares their experience and passion since 1999 in more than 500 projects worldwide, for over 200 partners.\", \"link_title\": \"View our projects\", \"page\": 6, \"scaling\": \"fit\"}]}',NULL,6,NULL),(17,0,'2019-06-19 12:35:25.406549','{\"pk\": 6, \"path\": \"000100010001\", \"depth\": 3, \"numchild\": 0, \"title\": \"Except\", \"draft_title\": \"Except\", \"slug\": \"except\", \"content_type\": 51, \"live\": true, \"has_unpublished_changes\": false, \"url_path\": \"/home/except/\", \"owner\": 1, \"seo_title\": \"\", \"show_in_menus\": false, \"search_description\": \"\", \"go_live_at\": null, \"expire_at\": null, \"expired\": false, \"locked\": false, \"first_published_at\": \"2019-06-19T12:34:24.441Z\", \"last_published_at\": \"2019-06-19T12:34:24.441Z\", \"latest_revision_created_at\": \"2019-06-19T12:34:24.408Z\", \"live_revision\": 16, \"hero_image\": \"hero-home_U7sCtSb.jpg\", \"navbar_inverted\": true, \"navbar_transparent\": true, \"hero_title\": \"We make new futures possible\", \"hero_subtitle\": \"Leading sustainability consultants & designers\", \"intro\": \"Etiam elementum condimentum massa quis rutrum. Pellentesque sit amet risus imperdiet, vehicula libero tempor, rhoncus augue. Vivamus vulputate aliquet magna vel tempus. Mauris laoreet at justo sit amet feugiat. Cras quis augue nec sapien mollis dapibus. Pellentesque enim mauris, consequat in lorem id, facilisis condimentum libero. Nam ac sapien posuere, ornare dui nec, cursus purus. Fusce sit amet orci massa. Nam lacinia mauris ac auctor eleifend. Cras commodo, nisi mattis vehicula tempus, metus ante finibus orci, in eleifend eros ipsum eu enim. Curabitur et arcu eu velit egestas varius. Aenean molestie varius ultricies. Ut eget dignissim mi, consequat tristique metus. Integer convallis ullamcorper condimentum. In scelerisque nulla eget quam suscipit finibus. In metus libero, suscipit in maximus sit amet, gravida ac dui.\", \"carousel_items\": [{\"pk\": 1, \"sort_order\": 0, \"image\": 4, \"link_page\": null, \"title\": \"Except Sid Methodology\", \"caption\": \"Except Sid Methodology\", \"link_title\": \"Sid website\", \"page\": 6, \"scaling\": \"fit\"}, {\"pk\": 2, \"sort_order\": 1, \"image\": 28, \"link_page\": null, \"title\": \"Achieving global impact\", \"caption\": \"Our team of experts shares their experience and passion since 1999 in more than 500 projects worldwide, for over 200 partners.\", \"link_title\": \"View our projects\", \"page\": 6, \"scaling\": \"fill\"}]}',NULL,6,NULL),(18,0,'2019-06-19 12:50:03.918818','{\"pk\": 7, \"path\": \"0001000100010001\", \"depth\": 4, \"numchild\": 0, \"title\": \"Services\", \"draft_title\": \"Services\", \"slug\": \"services\", \"content_type\": 49, \"live\": true, \"has_unpublished_changes\": false, \"url_path\": \"/home/except/services/\", \"owner\": 1, \"seo_title\": \"\", \"show_in_menus\": false, \"search_description\": \"\", \"go_live_at\": null, \"expire_at\": null, \"expired\": false, \"locked\": false, \"first_published_at\": null, \"last_published_at\": null, \"latest_revision_created_at\": null, \"live_revision\": null, \"hero_image\": \"hero-services.jpg\", \"navbar_transparent\": true, \"navbar_inverted\": true, \"hero_title\": \"Services\", \"hero_subtitle\": null, \"expertises\": []}',NULL,7,NULL),(19,0,'2019-06-19 12:53:04.572480','{\"pk\": 7, \"path\": \"0001000100010001\", \"depth\": 4, \"numchild\": 0, \"title\": \"Services\", \"draft_title\": \"Services\", \"slug\": \"services\", \"content_type\": 49, \"live\": true, \"has_unpublished_changes\": false, \"url_path\": \"/home/except/services/\", \"owner\": 1, \"seo_title\": \"\", \"show_in_menus\": false, \"search_description\": \"\", \"go_live_at\": null, \"expire_at\": null, \"expired\": false, \"locked\": false, \"first_published_at\": \"2019-06-19T12:50:03.949Z\", \"last_published_at\": \"2019-06-19T12:50:03.949Z\", \"latest_revision_created_at\": \"2019-06-19T12:50:03.918Z\", \"live_revision\": 18, \"hero_image\": \"hero-services.jpg\", \"navbar_transparent\": true, \"navbar_inverted\": true, \"hero_title\": \"Services\", \"hero_subtitle\": null, \"expertises\": []}',NULL,7,NULL),(20,0,'2019-06-19 12:53:20.725939','{\"pk\": 7, \"path\": \"0001000100010001\", \"depth\": 4, \"numchild\": 0, \"title\": \"Services\", \"draft_title\": \"Services\", \"slug\": \"services\", \"content_type\": 49, \"live\": true, \"has_unpublished_changes\": false, \"url_path\": \"/home/except/services/\", \"owner\": 1, \"seo_title\": \"\", \"show_in_menus\": false, \"search_description\": \"\", \"go_live_at\": null, \"expire_at\": null, \"expired\": false, \"locked\": false, \"first_published_at\": \"2019-06-19T12:50:03.949Z\", \"last_published_at\": \"2019-06-19T12:53:04.612Z\", \"latest_revision_created_at\": \"2019-06-19T12:53:04.572Z\", \"live_revision\": 19, \"hero_image\": \"hero-services.jpg\", \"navbar_transparent\": true, \"navbar_inverted\": true, \"hero_title\": \"Services\", \"hero_subtitle\": null, \"expertises\": []}',NULL,7,NULL),(21,0,'2019-06-19 12:53:30.440682','{\"pk\": 7, \"path\": \"0001000100010001\", \"depth\": 4, \"numchild\": 0, \"title\": \"Services\", \"draft_title\": \"Services\", \"slug\": \"services\", \"content_type\": 49, \"live\": true, \"has_unpublished_changes\": false, \"url_path\": \"/home/except/services/\", \"owner\": 1, \"seo_title\": \"\", \"show_in_menus\": false, \"search_description\": \"\", \"go_live_at\": null, \"expire_at\": null, \"expired\": false, \"locked\": false, \"first_published_at\": \"2019-06-19T12:50:03.949Z\", \"last_published_at\": \"2019-06-19T12:53:20.780Z\", \"latest_revision_created_at\": \"2019-06-19T12:53:20.725Z\", \"live_revision\": 20, \"hero_image\": \"hero-services.jpg\", \"navbar_transparent\": false, \"navbar_inverted\": true, \"hero_title\": \"Services\", \"hero_subtitle\": null, \"expertises\": []}',NULL,7,NULL),(22,0,'2019-06-19 12:53:43.588893','{\"pk\": 7, \"path\": \"0001000100010001\", \"depth\": 4, \"numchild\": 0, \"title\": \"Services\", \"draft_title\": \"Services\", \"slug\": \"services\", \"content_type\": 49, \"live\": true, \"has_unpublished_changes\": false, \"url_path\": \"/home/except/services/\", \"owner\": 1, \"seo_title\": \"\", \"show_in_menus\": false, \"search_description\": \"\", \"go_live_at\": null, \"expire_at\": null, \"expired\": false, \"locked\": false, \"first_published_at\": \"2019-06-19T12:50:03.949Z\", \"last_published_at\": \"2019-06-19T12:53:30.492Z\", \"latest_revision_created_at\": \"2019-06-19T12:53:30.440Z\", \"live_revision\": 21, \"hero_image\": \"hero-services.jpg\", \"navbar_transparent\": true, \"navbar_inverted\": true, \"hero_title\": \"Services\", \"hero_subtitle\": null, \"expertises\": []}',NULL,7,NULL),(23,0,'2019-06-19 13:06:02.535841','{\"pk\": 8, \"path\": \"00010001000100010001\", \"depth\": 5, \"numchild\": 0, \"title\": \"Places, Cities & Buildings\", \"draft_title\": \"Places, Cities & Buildings\", \"slug\": \"places-cities-buildings\", \"content_type\": 50, \"live\": true, \"has_unpublished_changes\": false, \"url_path\": \"/home/except/services/places-cities-buildings/\", \"owner\": 1, \"seo_title\": \"\", \"show_in_menus\": false, \"search_description\": \"\", \"go_live_at\": null, \"expire_at\": null, \"expired\": false, \"locked\": false, \"first_published_at\": null, \"last_published_at\": null, \"latest_revision_created_at\": null, \"live_revision\": null, \"hero_title\": \"Places, Cities & Buildings\", \"color\": \"orange\", \"image\": \"industry-icon.png\"}',NULL,8,NULL),(24,0,'2019-06-19 13:07:46.960191','{\"pk\": 8, \"path\": \"00010001000100010001\", \"depth\": 5, \"numchild\": 0, \"title\": \"Places, Cities & Buildings\", \"draft_title\": \"Places, Cities & Buildings\", \"slug\": \"places-cities-buildings\", \"content_type\": 50, \"live\": true, \"has_unpublished_changes\": false, \"url_path\": \"/home/except/services/places-cities-buildings/\", \"owner\": 1, \"seo_title\": \"\", \"show_in_menus\": false, \"search_description\": \"\", \"go_live_at\": null, \"expire_at\": null, \"expired\": false, \"locked\": false, \"first_published_at\": \"2019-06-19T13:06:02.560Z\", \"last_published_at\": \"2019-06-19T13:06:02.560Z\", \"latest_revision_created_at\": \"2019-06-19T13:06:02.535Z\", \"live_revision\": 23, \"hero_title\": \"Places, Cities & Buildings\", \"color\": \"orange\", \"image\": \"places-icon.png\"}',NULL,8,NULL),(25,0,'2019-06-19 13:08:10.159681','{\"pk\": 9, \"path\": \"00010001000100010002\", \"depth\": 5, \"numchild\": 0, \"title\": \"Organizations & governance\", \"draft_title\": \"Organizations & governance\", \"slug\": \"organizations-governance\", \"content_type\": 50, \"live\": true, \"has_unpublished_changes\": false, \"url_path\": \"/home/except/services/organizations-governance/\", \"owner\": 1, \"seo_title\": \"\", \"show_in_menus\": false, \"search_description\": \"\", \"go_live_at\": null, \"expire_at\": null, \"expired\": false, \"locked\": false, \"first_published_at\": null, \"last_published_at\": null, \"latest_revision_created_at\": null, \"live_revision\": null, \"hero_title\": \"Organizations & governance\", \"color\": \"green\", \"image\": \"organizations-icon.png\"}',NULL,9,NULL),(26,0,'2019-06-19 13:08:31.522369','{\"pk\": 10, \"path\": \"00010001000100010003\", \"depth\": 5, \"numchild\": 0, \"title\": \"Industry & sectors\", \"draft_title\": \"Industry & sectors\", \"slug\": \"industry-sectors\", \"content_type\": 50, \"live\": true, \"has_unpublished_changes\": false, \"url_path\": \"/home/except/services/industry-sectors/\", \"owner\": 1, \"seo_title\": \"\", \"show_in_menus\": false, \"search_description\": \"\", \"go_live_at\": null, \"expire_at\": null, \"expired\": false, \"locked\": false, \"first_published_at\": null, \"last_published_at\": null, \"latest_revision_created_at\": null, \"live_revision\": null, \"hero_title\": \"Industry & sectors\", \"color\": \"blue\", \"image\": \"industry-icon_PUQs1MT.png\"}',NULL,10,NULL),(27,0,'2019-06-19 13:08:43.987419','{\"pk\": 11, \"path\": \"00010001000100010004\", \"depth\": 5, \"numchild\": 0, \"title\": \"Training\", \"draft_title\": \"Training\", \"slug\": \"training\", \"content_type\": 50, \"live\": true, \"has_unpublished_changes\": false, \"url_path\": \"/home/except/services/training/\", \"owner\": 1, \"seo_title\": \"\", \"show_in_menus\": false, \"search_description\": \"\", \"go_live_at\": null, \"expire_at\": null, \"expired\": false, \"locked\": false, \"first_published_at\": null, \"last_published_at\": null, \"latest_revision_created_at\": null, \"live_revision\": null, \"hero_title\": \"Training\", \"color\": \"blue\", \"image\": \"training-icon.png\"}',NULL,11,NULL),(28,0,'2019-06-19 13:21:40.760462','{\"pk\": 7, \"path\": \"0001000100010001\", \"depth\": 4, \"numchild\": 4, \"title\": \"Services\", \"draft_title\": \"Services\", \"slug\": \"services\", \"content_type\": 49, \"live\": true, \"has_unpublished_changes\": false, \"url_path\": \"/home/except/services/\", \"owner\": 1, \"seo_title\": \"\", \"show_in_menus\": false, \"search_description\": \"\", \"go_live_at\": null, \"expire_at\": null, \"expired\": false, \"locked\": false, \"first_published_at\": \"2019-06-19T12:50:03.949Z\", \"last_published_at\": \"2019-06-19T12:53:43.652Z\", \"latest_revision_created_at\": \"2019-06-19T12:53:43.588Z\", \"live_revision\": 22, \"hero_image\": \"hero-services.jpg\", \"navbar_transparent\": true, \"navbar_inverted\": true, \"hero_title\": \"Services\", \"hero_subtitle\": null, \"expertise_background\": \"services-bg.jpg\", \"expertises\": [{\"pk\": null, \"sort_order\": 0, \"image\": \"industry-icon_CSavcaF.png\", \"title\": \"test1\", \"page\": 7}, {\"pk\": null, \"sort_order\": 1, \"image\": \"organizations-icon_KujavYa.png\", \"title\": \"test2\", \"page\": 7}, {\"pk\": null, \"sort_order\": 2, \"image\": \"places-icon_YENcFiN.png\", \"title\": \"test3\", \"page\": 7}, {\"pk\": null, \"sort_order\": 3, \"image\": \"training-icon_YwYjybl.png\", \"title\": \"test4\", \"page\": 7}, {\"pk\": null, \"sort_order\": 4, \"image\": \"places-icon_Tzv9UWm.png\", \"title\": \"test5\", \"page\": 7}, {\"pk\": null, \"sort_order\": 5, \"image\": \"industry-icon_QtdnklL.png\", \"title\": \"test6\", \"page\": 7}]}',NULL,7,NULL),(29,0,'2019-06-19 14:31:29.309200','{\"pk\": 12, \"path\": \"0001000100010002\", \"depth\": 4, \"numchild\": 0, \"title\": \"About\", \"draft_title\": \"About\", \"slug\": \"about\", \"content_type\": 9, \"live\": true, \"has_unpublished_changes\": false, \"url_path\": \"/home/except/about/\", \"owner\": 1, \"seo_title\": \"\", \"show_in_menus\": false, \"search_description\": \"\", \"go_live_at\": null, \"expire_at\": null, \"expired\": false, \"locked\": false, \"first_published_at\": null, \"last_published_at\": null, \"latest_revision_created_at\": null, \"live_revision\": null, \"hero_image\": \"hero-about_YDaQjqj.jpg\", \"hero_title\": \"Our Profile\", \"hero_subtitle\": \"Leading sustainability consultants & designers\", \"except_introduction\": \"Maecenas eu nibh dignissim, lobortis enim malesuada, pellentesque ex. Nullam scelerisque placerat nisl, sed fringilla orci accumsan sit amet. Phasellus vitae quam sem. Mauris elementum neque id lacus elementum pulvinar. Curabitur facilisis auctor ligula, vitae malesuada nunc congue sed. Fusce scelerisque euismod elit eget iaculis. Aliquam eu pellentesque tellus. Nullam in turpis vel tortor consectetur imperdiet ac eu dui. Donec pulvinar rutrum ex non ornare. Morbi maximus gravida ullamcorper. Nullam aliquam aliquet mattis. In at urna sagittis libero placerat accumsan. Integer viverra ac metus faucibus hendrerit. Curabitur odio mi, auctor ac sem in, hendrerit lobortis lorem.\", \"team_introduction\": \"<p>Ut est nulla, feugiat a augue at, pretium tempor nunc. Mauris ac lectus  eu augue laoreet commodo. Curabitur vitae mi id massa varius efficitur  at in arcu. Aliquam tempor arcu quis ipsum convallis, id facilisis eros  posuere. Aenean vitae lobortis tortor, non dapibus massa. Morbi viverra,  velit non iaculis ornare, dui nibh varius purus, eget vestibulum urna  nibh quis orci. Praesent quis libero eu libero viverra hendrerit in eget  erat. Praesent a purus non elit blandit hendrerit.</p>\", \"collaboration_introduction\": \"<p>Ut est nulla, feugiat a augue at, pretium tempor nunc. Mauris ac lectus  eu augue laoreet commodo. Curabitur vitae mi id massa varius efficitur  at in arcu. Aliquam tempor arcu quis ipsum convallis, id facilisis eros  posuere. Aenean vitae lobortis tortor, non dapibus massa. Morbi viverra,  velit non iaculis ornare, dui nibh varius purus, eget vestibulum urna  nibh quis orci. Praesent quis libero eu libero viverra hendrerit in eget  erat. Praesent a purus non elit blandit hendrerit.</p>\", \"navbar_transparent\": true, \"navbar_inverted\": true, \"quotes\": [{\"pk\": 1, \"sort_order\": 0, \"company\": \"IUCN Interim manager Leaders for Nature\", \"caption\": \"<p>Ut est nulla, feugiat a augue at, pretium tempor nunc. Mauris ac lectus  eu augue laoreet commodo. Curabitur vitae mi id massa varius efficitur  at in arcu. Aliquam tempor arcu quis ipsum convallis, id facilisis eros  posuere. Aenean vitae lobortis tortor, non dapibus massa.</p>\", \"name\": \"Miriam van Gool\", \"page\": 12}, {\"pk\": 2, \"sort_order\": 1, \"company\": \"IUCN Interim manager Leaders for Nature\", \"caption\": \"<p>Ut est nulla, feugiat a augue at, pretium tempor nunc. Mauris ac lectus  eu augue laoreet commodo. Curabitur vitae mi id massa varius efficitur  at in arcu. Aliquam tempor arcu quis ipsum convallis, id facilisis eros  posuere. Aenean vitae lobortis tortor, non dapibus massa.</p>\", \"name\": \"Miriam van Gool\", \"page\": 12}], \"partners\": [{\"pk\": 1, \"sort_order\": 0, \"image\": \"slice1_LcQp1nh.png\", \"page\": 12}, {\"pk\": 2, \"sort_order\": 1, \"image\": \"slice2_IlLkbHG.png\", \"page\": 12}, {\"pk\": 3, \"sort_order\": 2, \"image\": \"slice3_ymbPvH9.png\", \"page\": 12}, {\"pk\": 4, \"sort_order\": 3, \"image\": \"slice4_5Ik5yFv.png\", \"page\": 12}, {\"pk\": 5, \"sort_order\": 4, \"image\": \"slice5_q3ruHv2.png\", \"page\": 12}, {\"pk\": 6, \"sort_order\": 5, \"image\": \"slice6_44uYSUo.png\", \"page\": 12}]}',NULL,12,NULL),(30,0,'2019-06-19 14:32:39.146274','{\"pk\": 13, \"path\": \"0001000100010003\", \"depth\": 4, \"numchild\": 0, \"title\": \"People\", \"draft_title\": \"People\", \"slug\": \"people\", \"content_type\": 13, \"live\": true, \"has_unpublished_changes\": false, \"url_path\": \"/home/except/people/\", \"owner\": 1, \"seo_title\": \"\", \"show_in_menus\": false, \"search_description\": \"\", \"go_live_at\": null, \"expire_at\": null, \"expired\": false, \"locked\": false, \"first_published_at\": null, \"last_published_at\": null, \"latest_revision_created_at\": null, \"live_revision\": null, \"hero_image\": \"hero-people_B5Vanqe.jpg\", \"hero_title\": \"Our team\", \"hero_subtitle\": \"Leading sustainability consultants & designers\", \"description_title\": \"Meet the team\", \"intro\": \"Ut est nulla, feugiat a augue at, pretium tempor nunc. Mauris ac lectus eu augue laoreet commodo. Curabitur vitae mi id massa varius efficitur at in arcu. Aliquam tempor arcu quis ipsum convallis, id facilisis eros posuere. Aenean vitae lobortis tortor, non dapibus massa. Morbi viverra, velit non iaculis ornare, dui nibh varius purus, eget vestibulum urna nibh quis orci. Praesent quis libero eu libero viverra hendrerit in eget erat. Praesent a purus non elit blandit hendrerit.\", \"description\": \"Maecenas eu nibh dignissim, lobortis enim malesuada, pellentesque ex. Nullam scelerisque placerat nisl, sed fringilla orci accumsan sit amet. Phasellus vitae quam sem. Mauris elementum neque id lacus elementum pulvinar. Curabitur facilisis auctor ligula, vitae malesuada nunc congue sed. Fusce scelerisque euismod elit eget iaculis. Aliquam eu pellentesque tellus. Nullam in turpis vel tortor consectetur imperdiet ac eu dui. Donec pulvinar rutrum ex non ornare. Morbi maximus gravida ullamcorper. Nullam aliquam aliquet mattis. In at urna sagittis libero placerat accumsan. Integer viverra ac metus faucibus hendrerit. Curabitur odio mi, auctor ac sem in, hendrerit lobortis lorem.\", \"navbar_transparent\": true, \"navbar_inverted\": true}',NULL,13,NULL),(31,0,'2019-06-19 14:33:49.149675','{\"pk\": 14, \"path\": \"0001000100010004\", \"depth\": 4, \"numchild\": 0, \"title\": \"Knowledge\", \"draft_title\": \"Knowledge\", \"slug\": \"knowledge\", \"content_type\": 21, \"live\": true, \"has_unpublished_changes\": false, \"url_path\": \"/home/except/knowledge/\", \"owner\": 1, \"seo_title\": \"\", \"show_in_menus\": false, \"search_description\": \"\", \"go_live_at\": null, \"expire_at\": null, \"expired\": false, \"locked\": false, \"first_published_at\": null, \"last_published_at\": null, \"latest_revision_created_at\": null, \"live_revision\": null, \"hero_image\": \"global-graphic_KqDNG21.png\", \"navbar_inverted\": true, \"navbar_transparent\": true, \"hero_title\": \"Knowledge\", \"hero_subtitle\": null, \"intro\": \"Maecenas eu nibh dignissim, lobortis enim malesuada, pellentesque ex. Nullam scelerisque placerat nisl, sed fringilla orci accumsan sit amet. Phasellus vitae quam sem. Mauris elementum neque id lacus elementum pulvinar. Curabitur facilisis auctor ligula, vitae malesuada nunc congue sed. Fusce scelerisque euismod elit eget iaculis. Aliquam eu pellentesque tellus. Nullam in turpis vel tortor consectetur imperdiet ac eu dui. Donec pulvinar rutrum ex non ornare. Morbi maximus gravida ullamcorper. Nullam aliquam aliquet mattis. In at urna sagittis libero placerat accumsan. Integer viverra ac metus faucibus hendrerit. Curabitur odio mi, auctor ac sem in, hendrerit lobortis lorem.\", \"carousel_items\": [{\"pk\": 1, \"sort_order\": 0, \"page\": 14, \"scaling\": \"fit\", \"resource\": 3}, {\"pk\": 2, \"sort_order\": 1, \"page\": 14, \"scaling\": \"fit\", \"resource\": 2}, {\"pk\": 3, \"sort_order\": 2, \"page\": 14, \"scaling\": \"fit\", \"resource\": 1}]}',NULL,14,NULL),(32,0,'2019-06-19 14:34:48.004864','{\"pk\": 14, \"path\": \"0001000100010004\", \"depth\": 4, \"numchild\": 0, \"title\": \"Knowledge\", \"draft_title\": \"Knowledge\", \"slug\": \"knowledge\", \"content_type\": 21, \"live\": true, \"has_unpublished_changes\": false, \"url_path\": \"/home/except/knowledge/\", \"owner\": 1, \"seo_title\": \"\", \"show_in_menus\": false, \"search_description\": \"\", \"go_live_at\": null, \"expire_at\": null, \"expired\": false, \"locked\": false, \"first_published_at\": \"2019-06-19T14:33:49.186Z\", \"last_published_at\": \"2019-06-19T14:33:49.186Z\", \"latest_revision_created_at\": \"2019-06-19T14:33:49.149Z\", \"live_revision\": 31, \"hero_image\": \"global-graphic_KqDNG21.png\", \"navbar_inverted\": true, \"navbar_transparent\": true, \"hero_title\": \"Knowledge\", \"hero_subtitle\": null, \"intro\": \"Maecenas eu nibh dignissim, lobortis enim malesuada, pellentesque ex. Nullam scelerisque placerat nisl, sed fringilla orci accumsan sit amet. Phasellus vitae quam sem. Mauris elementum neque id lacus elementum pulvinar. Curabitur facilisis auctor ligula, vitae malesuada nunc congue sed. Fusce scelerisque euismod elit eget iaculis. Aliquam eu pellentesque tellus. Nullam in turpis vel tortor consectetur imperdiet ac eu dui. Donec pulvinar rutrum ex non ornare. Morbi maximus gravida ullamcorper. Nullam aliquam aliquet mattis. In at urna sagittis libero placerat accumsan. Integer viverra ac metus faucibus hendrerit. Curabitur odio mi, auctor ac sem in, hendrerit lobortis lorem.\", \"carousel_items\": [{\"pk\": 1, \"sort_order\": 0, \"page\": 14, \"scaling\": \"fill\", \"resource\": 3}, {\"pk\": 2, \"sort_order\": 1, \"page\": 14, \"scaling\": \"fill\", \"resource\": 2}, {\"pk\": 3, \"sort_order\": 2, \"page\": 14, \"scaling\": \"fill\", \"resource\": 1}]}',NULL,14,NULL),(33,0,'2019-06-19 14:38:20.958988','{\"pk\": 15, \"path\": \"0001000100010005\", \"depth\": 4, \"numchild\": 0, \"title\": \"News\", \"draft_title\": \"News\", \"slug\": \"news\", \"content_type\": 15, \"live\": true, \"has_unpublished_changes\": false, \"url_path\": \"/home/except/news/\", \"owner\": 1, \"seo_title\": \"\", \"show_in_menus\": false, \"search_description\": \"\", \"go_live_at\": null, \"expire_at\": null, \"expired\": false, \"locked\": false, \"first_published_at\": null, \"last_published_at\": null, \"latest_revision_created_at\": null, \"live_revision\": null, \"hero_image\": \"hero-news_vIkIIGp.jpg\", \"navbar_transparent\": true, \"navbar_inverted\": false, \"hero_title\": \"News\", \"hero_subtitle\": \"An overview of all the news items we have posted over the years\"}',NULL,15,NULL),(34,0,'2019-06-19 14:49:08.599629','{\"pk\": 16, \"path\": \"00010001000100050001\", \"depth\": 5, \"numchild\": 0, \"title\": \"Except Articles Folder\", \"draft_title\": \"Except Articles Folder\", \"slug\": \"except-articles-folder\", \"content_type\": 17, \"live\": true, \"has_unpublished_changes\": false, \"url_path\": \"/home/except/news/except-articles-folder/\", \"owner\": 1, \"seo_title\": \"\", \"show_in_menus\": false, \"search_description\": \"\", \"go_live_at\": null, \"expire_at\": null, \"expired\": false, \"locked\": false, \"first_published_at\": null, \"last_published_at\": null, \"latest_revision_created_at\": null, \"live_revision\": null, \"hero_title\": null}',NULL,16,NULL),(35,0,'2019-06-19 14:49:23.476677','{\"pk\": 17, \"path\": \"00010001000100050002\", \"depth\": 5, \"numchild\": 0, \"title\": \"Newspaper Articles Folder\", \"draft_title\": \"Newspaper Articles Folder\", \"slug\": \"newspaper-articles-folder\", \"content_type\": 18, \"live\": true, \"has_unpublished_changes\": false, \"url_path\": \"/home/except/news/newspaper-articles-folder/\", \"owner\": 1, \"seo_title\": \"\", \"show_in_menus\": false, \"search_description\": \"\", \"go_live_at\": null, \"expire_at\": null, \"expired\": false, \"locked\": false, \"first_published_at\": null, \"last_published_at\": null, \"latest_revision_created_at\": null, \"live_revision\": null, \"hero_title\": \"Newspaper Articles Folder\"}',NULL,17,NULL),(36,0,'2019-06-19 14:49:30.781330','{\"pk\": 17, \"path\": \"00010001000100050002\", \"depth\": 5, \"numchild\": 0, \"title\": \"Newspaper Articles Folder\", \"draft_title\": \"Newspaper Articles Folder\", \"slug\": \"newspaper-articles-folder\", \"content_type\": 18, \"live\": true, \"has_unpublished_changes\": false, \"url_path\": \"/home/except/news/newspaper-articles-folder/\", \"owner\": 1, \"seo_title\": \"\", \"show_in_menus\": false, \"search_description\": \"\", \"go_live_at\": null, \"expire_at\": null, \"expired\": false, \"locked\": false, \"first_published_at\": \"2019-06-19T14:49:23.498Z\", \"last_published_at\": \"2019-06-19T14:49:23.498Z\", \"latest_revision_created_at\": \"2019-06-19T14:49:23.476Z\", \"live_revision\": 35, \"hero_title\": \"Newspaper Articles Folder\"}',NULL,17,NULL),(37,0,'2019-06-19 14:50:25.346418','{\"pk\": 18, \"path\": \"000100010001000500020001\", \"depth\": 6, \"numchild\": 0, \"title\": \"Except is awesome.\", \"draft_title\": \"Except is awesome.\", \"slug\": \"except-awesome\", \"content_type\": 19, \"live\": true, \"has_unpublished_changes\": false, \"url_path\": \"/home/except/news/newspaper-articles-folder/except-awesome/\", \"owner\": 1, \"seo_title\": \"\", \"show_in_menus\": false, \"search_description\": \"\", \"go_live_at\": null, \"expire_at\": null, \"expired\": false, \"locked\": false, \"first_published_at\": null, \"last_published_at\": null, \"latest_revision_created_at\": null, \"live_revision\": null, \"hero_image\": \"hero-news_Ps8KACB.jpg\", \"hero_title\": \"Except is awesome.\", \"date_published\": \"2019-06-17\", \"url_article\": \"https://www.youtube.com/\", \"service\": 8}',NULL,18,NULL),(38,0,'2019-06-19 14:51:27.462605','{\"pk\": 19, \"path\": \"000100010001000500010001\", \"depth\": 6, \"numchild\": 0, \"title\": \"Except | Catalytic Buildings White Paper\", \"draft_title\": \"Except | Catalytic Buildings White Paper\", \"slug\": \"except-catalytic-buildings-white-paper\", \"content_type\": 14, \"live\": true, \"has_unpublished_changes\": false, \"url_path\": \"/home/except/news/except-articles-folder/except-catalytic-buildings-white-paper/\", \"owner\": 1, \"seo_title\": \"\", \"show_in_menus\": false, \"search_description\": \"\", \"go_live_at\": null, \"expire_at\": null, \"expired\": false, \"locked\": false, \"first_published_at\": null, \"last_published_at\": null, \"latest_revision_created_at\": null, \"live_revision\": null, \"hero_image\": \"hero-news_GCFzbxA.jpg\", \"hero_title\": \"Catalytic Buildings White Paper\", \"hero_subtitle\": \"Tuning into the Construction Sector\'s \\\"Music Of Tomorrow\\\"\", \"date_published\": \"2019-06-19\", \"intro\": \"Nullam a eros lobortis, ornare tellus vel, placerat erat. Donec sit amet libero sit amet sapien vulputate porta vel sit amet massa. Cras id magna et erat cursus tincidunt tincidunt cursus tellus. Phasellus non urna eget nibh laoreet ultricies vitae eget turpis. Pellentesque libero turpis, volutpat nec tincidunt in, blandit in sem. Nulla facilisi. Etiam fringilla sagittis nunc. Curabitur posuere mauris orci, a consequat elit dictum vitae.\", \"navbar_transparent\": true, \"navbar_inverted\": false, \"body\": \"[{\\\"type\\\": \\\"paragraph_block\\\", \\\"value\\\": {\\\"text\\\": \\\"<p>Lorem ipsum dolor sit amet, consectetur adipiscing elit. Mauris sem  neque, auctor nec scelerisque ut, vehicula sit amet leo. Proin a  sollicitudin arcu. Nunc tincidunt enim odio, at auctor felis euismod  nec. Vestibulum tellus mauris, commodo ut ex sit amet, volutpat  venenatis turpis. Quisque at tortor nunc. Phasellus eget nisi sit amet  ligula gravida aliquet id id diam. In posuere in dui nec hendrerit.  Fusce congue ante laoreet pharetra sollicitudin. Sed vehicula ipsum nec  turpis faucibus, ut finibus metus feugiat. Vestibulum at augue interdum,  hendrerit felis eu, feugiat ligula. Nam elementum pellentesque mattis.  Aliquam dapibus, quam eget aliquam sollicitudin, risus nisi tempor sem,  in iaculis nulla sapien non diam. Duis ullamcorper aliquet leo, non  faucibus justo dignissim sit amet. Suspendisse id pellentesque lectus.</p>\\\"}, \\\"id\\\": \\\"a0e003f2-628c-4d25-9642-ed4a1f9db6f8\\\"}, {\\\"type\\\": \\\"paragraph_block\\\", \\\"value\\\": {\\\"text\\\": \\\"<p>Vivamus ac magna fermentum, lobortis ligula id, fermentum diam. Nam sed  magna aliquet, sagittis odio ac, consectetur felis. In vulputate leo nec  lectus laoreet, id consequat sapien aliquet. Vivamus malesuada diam vel  ante rutrum efficitur. In sed sapien maximus, auctor eros at, aliquam  nisi. Mauris non felis et justo pellentesque tincidunt. Praesent sodales  condimentum massa, vitae auctor elit rhoncus quis. Nam dignissim, risus  suscipit feugiat commodo, velit magna congue elit, eu vestibulum nibh  nibh sit amet nisi. Vestibulum ante ipsum primis in faucibus orci luctus  et ultrices posuere cubilia Curae; </p>\\\"}, \\\"id\\\": \\\"2cc037df-6f34-4223-a19d-d2ec690e1627\\\"}]\", \"author\": 2, \"service\": 8}',NULL,19,NULL),(39,0,'2019-06-19 15:09:54.475541','{\"pk\": 6, \"path\": \"000100010001\", \"depth\": 3, \"numchild\": 5, \"title\": \"Except\", \"draft_title\": \"Except\", \"slug\": \"except\", \"content_type\": 51, \"live\": true, \"has_unpublished_changes\": false, \"url_path\": \"/home/except/\", \"owner\": 1, \"seo_title\": \"\", \"show_in_menus\": false, \"search_description\": \"\", \"go_live_at\": null, \"expire_at\": null, \"expired\": false, \"locked\": false, \"first_published_at\": \"2019-06-19T12:34:24.441Z\", \"last_published_at\": \"2019-06-19T12:35:25.613Z\", \"latest_revision_created_at\": \"2019-06-19T12:35:25.406Z\", \"live_revision\": 17, \"hero_image\": \"hero-home_U7sCtSb.jpg\", \"navbar_inverted\": true, \"navbar_transparent\": true, \"hero_title\": \"We make new futures possible\", \"hero_subtitle\": \"Leading sustainability consultants & designers\", \"intro\": \"Etiam elementum condimentum massa quis rutrum. Pellentesque sit amet risus imperdiet, vehicula libero tempor, rhoncus augue. Vivamus vulputate aliquet magna vel tempus. Mauris laoreet at justo sit amet feugiat. Cras quis augue nec sapien mollis dapibus. Pellentesque enim mauris, consequat in lorem id, facilisis condimentum libero. Nam ac sapien posuere, ornare dui nec, cursus purus. Fusce sit amet orci massa. Nam lacinia mauris ac auctor eleifend. Cras commodo, nisi mattis vehicula tempus, metus ante finibus orci, in eleifend eros ipsum eu enim. Curabitur et arcu eu velit egestas varius. Aenean molestie varius ultricies. Ut eget dignissim mi, consequat tristique metus. Integer convallis ullamcorper condimentum. In scelerisque nulla eget quam suscipit finibus. In metus libero, suscipit in maximus sit amet, gravida ac dui.\", \"carousel_items\": [{\"pk\": 1, \"sort_order\": 0, \"image\": 4, \"link_page\": null, \"title\": \"Except Sid Methodology\", \"caption\": \"Except Sid Methodology\", \"link_title\": \"Sid website\", \"page\": 6, \"scaling\": \"fit\"}, {\"pk\": 2, \"sort_order\": 1, \"image\": 28, \"link_page\": null, \"title\": \"Achieving global impact\", \"caption\": \"Our team of experts shares their experience and passion since 1999 in more than 500 projects worldwide, for over 200 partners.\", \"link_title\": \"View our projects\", \"page\": 6, \"scaling\": \"fill\"}, {\"pk\": null, \"sort_order\": 2, \"image\": 3, \"link_page\": 19, \"title\": \"Catalytic building\", \"caption\": \"Catalytic building\", \"link_title\": \"Catalytic building\", \"page\": 6, \"scaling\": \"fill\"}]}',NULL,6,NULL),(40,0,'2019-06-19 15:09:58.470281','{\"pk\": 6, \"path\": \"000100010001\", \"depth\": 3, \"numchild\": 5, \"title\": \"Except\", \"draft_title\": \"Except\", \"slug\": \"except\", \"content_type\": 51, \"live\": true, \"has_unpublished_changes\": true, \"url_path\": \"/home/except/\", \"owner\": 1, \"seo_title\": \"\", \"show_in_menus\": false, \"search_description\": \"\", \"go_live_at\": null, \"expire_at\": null, \"expired\": false, \"locked\": false, \"first_published_at\": \"2019-06-19T12:34:24.441Z\", \"last_published_at\": \"2019-06-19T12:35:25.613Z\", \"latest_revision_created_at\": \"2019-06-19T15:09:54.475Z\", \"live_revision\": 17, \"hero_image\": \"hero-home_U7sCtSb.jpg\", \"navbar_inverted\": true, \"navbar_transparent\": true, \"hero_title\": \"We make new futures possible\", \"hero_subtitle\": \"Leading sustainability consultants & designers\", \"intro\": \"Etiam elementum condimentum massa quis rutrum. Pellentesque sit amet risus imperdiet, vehicula libero tempor, rhoncus augue. Vivamus vulputate aliquet magna vel tempus. Mauris laoreet at justo sit amet feugiat. Cras quis augue nec sapien mollis dapibus. Pellentesque enim mauris, consequat in lorem id, facilisis condimentum libero. Nam ac sapien posuere, ornare dui nec, cursus purus. Fusce sit amet orci massa. Nam lacinia mauris ac auctor eleifend. Cras commodo, nisi mattis vehicula tempus, metus ante finibus orci, in eleifend eros ipsum eu enim. Curabitur et arcu eu velit egestas varius. Aenean molestie varius ultricies. Ut eget dignissim mi, consequat tristique metus. Integer convallis ullamcorper condimentum. In scelerisque nulla eget quam suscipit finibus. In metus libero, suscipit in maximus sit amet, gravida ac dui.\", \"carousel_items\": [{\"pk\": 1, \"sort_order\": 0, \"image\": 4, \"link_page\": null, \"title\": \"Except Sid Methodology\", \"caption\": \"Except Sid Methodology\", \"link_title\": \"Sid website\", \"page\": null, \"scaling\": \"fit\"}, {\"pk\": 2, \"sort_order\": 1, \"image\": 28, \"link_page\": null, \"title\": \"Achieving global impact\", \"caption\": \"Our team of experts shares their experience and passion since 1999 in more than 500 projects worldwide, for over 200 partners.\", \"link_title\": \"View our projects\", \"page\": null, \"scaling\": \"fill\"}, {\"pk\": null, \"sort_order\": 2, \"image\": 3, \"link_page\": 19, \"title\": \"Catalytic building\", \"caption\": \"Catalytic building\", \"link_title\": \"Catalytic building\", \"page\": 6, \"scaling\": \"fill\"}]}',NULL,6,NULL),(41,0,'2019-06-19 15:11:55.504174','{\"pk\": 6, \"path\": \"000100010001\", \"depth\": 3, \"numchild\": 5, \"title\": \"Except\", \"draft_title\": \"Except\", \"slug\": \"except\", \"content_type\": 51, \"live\": true, \"has_unpublished_changes\": false, \"url_path\": \"/home/except/\", \"owner\": 1, \"seo_title\": \"\", \"show_in_menus\": false, \"search_description\": \"\", \"go_live_at\": null, \"expire_at\": null, \"expired\": false, \"locked\": false, \"first_published_at\": \"2019-06-19T12:34:24.441Z\", \"last_published_at\": \"2019-06-19T15:09:58.514Z\", \"latest_revision_created_at\": \"2019-06-19T15:09:58.470Z\", \"live_revision\": 40, \"hero_image\": \"hero-home_U7sCtSb.jpg\", \"navbar_inverted\": true, \"navbar_transparent\": true, \"hero_title\": \"We make new futures possible\", \"hero_subtitle\": \"Leading sustainability consultants & designers\", \"intro\": \"Etiam elementum condimentum massa quis rutrum. Pellentesque sit amet risus imperdiet, vehicula libero tempor, rhoncus augue. Vivamus vulputate aliquet magna vel tempus. Mauris laoreet at justo sit amet feugiat. Cras quis augue nec sapien mollis dapibus. Pellentesque enim mauris, consequat in lorem id, facilisis condimentum libero. Nam ac sapien posuere, ornare dui nec, cursus purus. Fusce sit amet orci massa. Nam lacinia mauris ac auctor eleifend. Cras commodo, nisi mattis vehicula tempus, metus ante finibus orci, in eleifend eros ipsum eu enim. Curabitur et arcu eu velit egestas varius. Aenean molestie varius ultricies. Ut eget dignissim mi, consequat tristique metus. Integer convallis ullamcorper condimentum. In scelerisque nulla eget quam suscipit finibus. In metus libero, suscipit in maximus sit amet, gravida ac dui.\", \"services_image\": \"working-area-photo_vccwrKC.png\", \"carousel_items\": [{\"pk\": 1, \"sort_order\": 0, \"image\": 4, \"link_page\": null, \"title\": \"Except Sid Methodology\", \"caption\": \"Except Sid Methodology\", \"link_title\": \"Sid website\", \"page\": 6, \"scaling\": \"fit\"}, {\"pk\": 2, \"sort_order\": 1, \"image\": 28, \"link_page\": null, \"title\": \"Achieving global impact\", \"caption\": \"Our team of experts shares their experience and passion since 1999 in more than 500 projects worldwide, for over 200 partners.\", \"link_title\": \"View our projects\", \"page\": 6, \"scaling\": \"fill\"}, {\"pk\": 3, \"sort_order\": 2, \"image\": 3, \"link_page\": 19, \"title\": \"Catalytic building\", \"caption\": \"Catalytic building\", \"link_title\": \"Catalytic building\", \"page\": 6, \"scaling\": \"fill\"}]}',NULL,6,NULL),(42,0,'2019-06-19 15:24:53.768239','{\"pk\": 20, \"path\": \"000100010001000500020002\", \"depth\": 6, \"numchild\": 0, \"title\": \"test1\", \"draft_title\": \"test1\", \"slug\": \"test1\", \"content_type\": 19, \"live\": true, \"has_unpublished_changes\": false, \"url_path\": \"/home/except/news/newspaper-articles-folder/test1/\", \"owner\": 1, \"seo_title\": \"\", \"show_in_menus\": false, \"search_description\": \"\", \"go_live_at\": null, \"expire_at\": null, \"expired\": false, \"locked\": false, \"first_published_at\": null, \"last_published_at\": null, \"latest_revision_created_at\": null, \"live_revision\": null, \"hero_image\": \"hero-news_EETCSqQ.jpg\", \"hero_title\": \"test1\", \"date_published\": \"2019-06-22\", \"url_article\": \"https://www.youtube.com/\", \"service\": 9}',NULL,20,NULL),(43,0,'2019-06-19 15:25:12.420830','{\"pk\": 21, \"path\": \"000100010001000500020003\", \"depth\": 6, \"numchild\": 0, \"title\": \"test2\", \"draft_title\": \"test2\", \"slug\": \"test2\", \"content_type\": 19, \"live\": true, \"has_unpublished_changes\": false, \"url_path\": \"/home/except/news/newspaper-articles-folder/test2/\", \"owner\": 1, \"seo_title\": \"\", \"show_in_menus\": false, \"search_description\": \"\", \"go_live_at\": null, \"expire_at\": null, \"expired\": false, \"locked\": false, \"first_published_at\": null, \"last_published_at\": null, \"latest_revision_created_at\": null, \"live_revision\": null, \"hero_image\": \"hero-people_TNzCfjq.jpg\", \"hero_title\": \"test2\", \"date_published\": \"2019-06-10\", \"url_article\": \"https://www.youtube.com/\", \"service\": 10}',NULL,21,NULL),(44,0,'2019-06-19 15:25:31.186032','{\"pk\": 22, \"path\": \"000100010001000500020004\", \"depth\": 6, \"numchild\": 0, \"title\": \"test3\", \"draft_title\": \"test3\", \"slug\": \"test3\", \"content_type\": 19, \"live\": true, \"has_unpublished_changes\": false, \"url_path\": \"/home/except/news/newspaper-articles-folder/test3/\", \"owner\": 1, \"seo_title\": \"\", \"show_in_menus\": false, \"search_description\": \"\", \"go_live_at\": null, \"expire_at\": null, \"expired\": false, \"locked\": false, \"first_published_at\": null, \"last_published_at\": null, \"latest_revision_created_at\": null, \"live_revision\": null, \"hero_image\": \"portrait.jpg\", \"hero_title\": \"test3\", \"date_published\": \"2019-06-11\", \"url_article\": \"https://www.youtube.com/\", \"service\": 9}',NULL,22,NULL),(45,0,'2019-06-19 15:25:56.632438','{\"pk\": 23, \"path\": \"000100010001000500020005\", \"depth\": 6, \"numchild\": 0, \"title\": \"test4\", \"draft_title\": \"test4\", \"slug\": \"test4\", \"content_type\": 19, \"live\": true, \"has_unpublished_changes\": false, \"url_path\": \"/home/except/news/newspaper-articles-folder/test4/\", \"owner\": 1, \"seo_title\": \"\", \"show_in_menus\": false, \"search_description\": \"\", \"go_live_at\": null, \"expire_at\": null, \"expired\": false, \"locked\": false, \"first_published_at\": null, \"last_published_at\": null, \"latest_revision_created_at\": null, \"live_revision\": null, \"hero_image\": \"\", \"hero_title\": \"test4\", \"date_published\": \"2019-06-09\", \"url_article\": \"https://www.youtube.com/\", \"service\": 11}',NULL,23,NULL),(46,0,'2019-06-19 15:26:50.480797','{\"pk\": 24, \"path\": \"000100010001000500020006\", \"depth\": 6, \"numchild\": 0, \"title\": \"test5\", \"draft_title\": \"test5\", \"slug\": \"test5\", \"content_type\": 19, \"live\": true, \"has_unpublished_changes\": false, \"url_path\": \"/home/except/news/newspaper-articles-folder/test5/\", \"owner\": 1, \"seo_title\": \"\", \"show_in_menus\": false, \"search_description\": \"\", \"go_live_at\": null, \"expire_at\": null, \"expired\": false, \"locked\": false, \"first_published_at\": null, \"last_published_at\": null, \"latest_revision_created_at\": null, \"live_revision\": null, \"hero_image\": \"hero-home_xPJxojT.jpg\", \"hero_title\": \"test5\", \"date_published\": \"2019-06-03\", \"url_article\": \"https://www.youtube.com/\", \"service\": 8}',NULL,24,NULL),(47,0,'2019-06-19 15:27:11.195153','{\"pk\": 25, \"path\": \"000100010001000500020007\", \"depth\": 6, \"numchild\": 0, \"title\": \"test6\", \"draft_title\": \"test6\", \"slug\": \"test6\", \"content_type\": 19, \"live\": true, \"has_unpublished_changes\": false, \"url_path\": \"/home/except/news/newspaper-articles-folder/test6/\", \"owner\": 1, \"seo_title\": \"\", \"show_in_menus\": false, \"search_description\": \"\", \"go_live_at\": null, \"expire_at\": null, \"expired\": false, \"locked\": false, \"first_published_at\": null, \"last_published_at\": null, \"latest_revision_created_at\": null, \"live_revision\": null, \"hero_image\": \"global-graphic_rClLf12.png\", \"hero_title\": \"test6\", \"date_published\": \"2019-06-02\", \"url_article\": \"https://www.youtube.com/\", \"service\": 8}',NULL,25,NULL),(48,0,'2019-06-19 15:27:33.386920','{\"pk\": 26, \"path\": \"000100010001000500020008\", \"depth\": 6, \"numchild\": 0, \"title\": \"test7\", \"draft_title\": \"test7\", \"slug\": \"test7\", \"content_type\": 19, \"live\": true, \"has_unpublished_changes\": false, \"url_path\": \"/home/except/news/newspaper-articles-folder/test7/\", \"owner\": 1, \"seo_title\": \"\", \"show_in_menus\": false, \"search_description\": \"\", \"go_live_at\": null, \"expire_at\": null, \"expired\": false, \"locked\": false, \"first_published_at\": null, \"last_published_at\": null, \"latest_revision_created_at\": null, \"live_revision\": null, \"hero_image\": \"global-graphic_5ol5iHK.png\", \"hero_title\": \"test7\", \"date_published\": \"2019-06-02\", \"url_article\": \"https://www.youtube.com/\", \"service\": 8}',NULL,26,NULL),(49,0,'2019-06-19 15:27:48.962369','{\"pk\": 27, \"path\": \"000100010001000500020009\", \"depth\": 6, \"numchild\": 0, \"title\": \"test8\", \"draft_title\": \"test8\", \"slug\": \"test8\", \"content_type\": 19, \"live\": true, \"has_unpublished_changes\": false, \"url_path\": \"/home/except/news/newspaper-articles-folder/test8/\", \"owner\": 1, \"seo_title\": \"\", \"show_in_menus\": false, \"search_description\": \"\", \"go_live_at\": null, \"expire_at\": null, \"expired\": false, \"locked\": false, \"first_published_at\": null, \"last_published_at\": null, \"latest_revision_created_at\": null, \"live_revision\": null, \"hero_image\": \"ikea.jpg\", \"hero_title\": \"test8\", \"date_published\": \"2019-06-29\", \"url_article\": \"https://www.youtube.com/\", \"service\": 8}',NULL,27,NULL),(50,0,'2019-06-19 15:28:06.821920','{\"pk\": 28, \"path\": \"00010001000100050002000A\", \"depth\": 6, \"numchild\": 0, \"title\": \"test9\", \"draft_title\": \"test9\", \"slug\": \"test9\", \"content_type\": 19, \"live\": true, \"has_unpublished_changes\": false, \"url_path\": \"/home/except/news/newspaper-articles-folder/test9/\", \"owner\": 1, \"seo_title\": \"\", \"show_in_menus\": false, \"search_description\": \"\", \"go_live_at\": null, \"expire_at\": null, \"expired\": false, \"locked\": false, \"first_published_at\": null, \"last_published_at\": null, \"latest_revision_created_at\": null, \"live_revision\": null, \"hero_image\": \"hero-news_N0BImid.jpg\", \"hero_title\": \"test9\", \"date_published\": \"2019-06-09\", \"url_article\": \"https://www.youtube.com/\", \"service\": 8}',NULL,28,NULL),(51,0,'2019-06-19 15:28:25.681635','{\"pk\": 29, \"path\": \"00010001000100050002000B\", \"depth\": 6, \"numchild\": 0, \"title\": \"test10\", \"draft_title\": \"test10\", \"slug\": \"test10\", \"content_type\": 19, \"live\": false, \"has_unpublished_changes\": false, \"url_path\": \"/home/except/news/newspaper-articles-folder/test10/\", \"owner\": 1, \"seo_title\": \"\", \"show_in_menus\": false, \"search_description\": \"\", \"go_live_at\": null, \"expire_at\": null, \"expired\": false, \"locked\": false, \"first_published_at\": null, \"last_published_at\": null, \"latest_revision_created_at\": null, \"live_revision\": null, \"hero_image\": \"innovation-graphic.png\", \"hero_title\": \"test10\", \"date_published\": \"2019-06-16\", \"url_article\": \"https://www.youtube.com/\", \"service\": 8}',NULL,29,NULL),(52,0,'2019-06-19 15:28:33.600442','{\"pk\": 29, \"path\": \"00010001000100050002000B\", \"depth\": 6, \"numchild\": 0, \"title\": \"test10\", \"draft_title\": \"test10\", \"slug\": \"test10\", \"content_type\": 19, \"live\": false, \"has_unpublished_changes\": true, \"url_path\": \"/home/except/news/newspaper-articles-folder/test10/\", \"owner\": 1, \"seo_title\": \"\", \"show_in_menus\": false, \"search_description\": \"\", \"go_live_at\": null, \"expire_at\": null, \"expired\": false, \"locked\": false, \"first_published_at\": null, \"last_published_at\": null, \"latest_revision_created_at\": \"2019-06-19T15:28:25.681Z\", \"live_revision\": null, \"hero_image\": \"innovation-graphic.png\", \"hero_title\": \"test10\", \"date_published\": \"2019-06-16\", \"url_article\": \"https://www.youtube.com/\", \"service\": 8}',NULL,29,NULL),(53,0,'2019-06-19 15:28:52.123522','{\"pk\": 30, \"path\": \"00010001000100050002000C\", \"depth\": 6, \"numchild\": 0, \"title\": \"test11\", \"draft_title\": \"test11\", \"slug\": \"test11\", \"content_type\": 19, \"live\": true, \"has_unpublished_changes\": false, \"url_path\": \"/home/except/news/newspaper-articles-folder/test11/\", \"owner\": 1, \"seo_title\": \"\", \"show_in_menus\": false, \"search_description\": \"\", \"go_live_at\": null, \"expire_at\": null, \"expired\": false, \"locked\": false, \"first_published_at\": null, \"last_published_at\": null, \"latest_revision_created_at\": null, \"live_revision\": null, \"hero_image\": \"project-office.jpg\", \"hero_title\": \"test11\", \"date_published\": \"2019-06-21\", \"url_article\": \"https://www.youtube.com/\", \"service\": 8}',NULL,30,NULL),(54,0,'2019-06-19 16:04:34.314511','{\"pk\": 31, \"path\": \"000100010001000500010002\", \"depth\": 6, \"numchild\": 0, \"title\": \"Except | Natural Capital & new innovation strategies\", \"draft_title\": \"Except | Natural Capital & new innovation strategies\", \"slug\": \"except-natural-capital-new-innovation-strategies\", \"content_type\": 14, \"live\": true, \"has_unpublished_changes\": false, \"url_path\": \"/home/except/news/except-articles-folder/except-natural-capital-new-innovation-strategies/\", \"owner\": 1, \"seo_title\": \"\", \"show_in_menus\": false, \"search_description\": \"\", \"go_live_at\": null, \"expire_at\": null, \"expired\": false, \"locked\": false, \"first_published_at\": null, \"last_published_at\": null, \"latest_revision_created_at\": null, \"live_revision\": null, \"hero_image\": \"hero-news_97sLv79.jpg\", \"hero_title\": \"Natural Capital & new innovation strategies\", \"hero_subtitle\": \"Tuning into the Construction Sector\'s \\\"Music Of Tomorrow\\\"\", \"date_published\": \"2019-06-19\", \"intro\": \"Nullam a eros lobortis, ornare tellus vel, placerat erat. Donec sit amet libero sit amet sapien vulputate porta vel sit amet massa. Cras id magna et erat cursus tincidunt tincidunt cursus tellus. Phasellus non urna eget nibh laoreet ultricies vitae eget turpis. Pellentesque libero turpis, volutpat nec tincidunt in, blandit in sem. Nulla facilisi. Etiam fringilla sagittis nunc. Curabitur posuere mauris orci, a consequat elit dictum vitae.\", \"navbar_transparent\": true, \"navbar_inverted\": false, \"body\": \"[{\\\"type\\\": \\\"paragraph_block\\\", \\\"value\\\": {\\\"text\\\": \\\"<p>Lorem ipsum dolor sit amet, consectetur adipiscing elit. Mauris sem  neque, auctor nec scelerisque ut, vehicula sit amet leo. Proin a  sollicitudin arcu. Nunc tincidunt enim odio, at auctor felis euismod  nec. Vestibulum tellus mauris, commodo ut ex sit amet, volutpat  venenatis turpis. Quisque at tortor nunc. Phasellus eget nisi sit amet  ligula gravida aliquet id id diam. In posuere in dui nec hendrerit.  Fusce congue ante laoreet pharetra sollicitudin. Sed vehicula ipsum nec  turpis faucibus, ut finibus metus feugiat. Vestibulum at augue interdum,  hendrerit felis eu, feugiat ligula. Nam elementum pellentesque mattis.  Aliquam dapibus, quam eget aliquam sollicitudin, risus nisi tempor sem,  in iaculis nulla sapien non diam. Duis ullamcorper aliquet leo, non  faucibus justo dignissim sit amet. Suspendisse id pellentesque lectus.</p>\\\"}, \\\"id\\\": \\\"646f4fcd-5deb-4f48-8418-5231251bba6e\\\"}, {\\\"type\\\": \\\"paragraph_block\\\", \\\"value\\\": {\\\"text\\\": \\\"<p>Vivamus ac magna fermentum, lobortis ligula id, fermentum diam. Nam sed  magna aliquet, sagittis odio ac, consectetur felis. In vulputate leo nec  lectus laoreet, id consequat sapien aliquet. Vivamus malesuada diam vel  ante rutrum efficitur. In sed sapien maximus, auctor eros at, aliquam  nisi. Mauris non felis et justo pellentesque tincidunt. Praesent sodales  condimentum massa, vitae auctor elit rhoncus quis. Nam dignissim, risus  suscipit feugiat commodo, velit magna congue elit, eu vestibulum nibh  nibh sit amet nisi. Vestibulum ante ipsum primis in faucibus orci luctus  et ultrices posuere cubilia Curae;</p>\\\"}, \\\"id\\\": \\\"9d64005c-8163-4a72-ac0e-f967d3d92878\\\"}, {\\\"type\\\": \\\"paragraph_block\\\", \\\"value\\\": {\\\"text\\\": \\\"<p>Donec sem lacus, luctus ac risus vitae, posuere pretium nisl. Sed congue  pellentesque urna vitae sodales. Suspendisse pretium sagittis felis,  non varius lorem egestas id. Proin a tellus sagittis, congue ligula non,  condimentum justo. Vestibulum volutpat mollis quam, at lacinia lorem  facilisis in. Cras lobortis imperdiet sodales. Aenean a quam elementum,  varius eros a, vulputate quam. Nulla feugiat dui quis sollicitudin  sollicitudin. Proin ut vulputate ipsum. Nullam posuere commodo velit, a  tincidunt enim convallis sed. Fusce ut maximus tellus, in vulputate  mauris. Maecenas commodo velit mi, quis faucibus mi cursus et.</p>\\\"}, \\\"id\\\": \\\"b2b05406-6d38-4e40-b63b-ffe252a9e8c0\\\"}]\", \"author\": 1, \"service\": 8}',NULL,31,NULL),(55,0,'2019-06-20 10:52:23.196630','{\"pk\": 11, \"path\": \"00010001000100010004\", \"depth\": 5, \"numchild\": 0, \"title\": \"Training\", \"draft_title\": \"Training\", \"slug\": \"training\", \"content_type\": 50, \"live\": true, \"has_unpublished_changes\": false, \"url_path\": \"/home/except/services/training/\", \"owner\": 1, \"seo_title\": \"\", \"show_in_menus\": false, \"search_description\": \"\", \"go_live_at\": null, \"expire_at\": null, \"expired\": false, \"locked\": false, \"first_published_at\": \"2019-06-19T13:08:44.014Z\", \"last_published_at\": \"2019-06-19T13:08:44.014Z\", \"latest_revision_created_at\": \"2019-06-19T13:08:43.987Z\", \"live_revision\": 27, \"hero_title\": \"Training\", \"color\": \"purple\", \"image\": \"training-icon.png\"}',NULL,11,NULL),(56,0,'2019-06-20 10:53:29.434286','{\"pk\": 11, \"path\": \"00010001000100010004\", \"depth\": 5, \"numchild\": 0, \"title\": \"Training\", \"draft_title\": \"Training\", \"slug\": \"training\", \"content_type\": 50, \"live\": true, \"has_unpublished_changes\": true, \"url_path\": \"/home/except/services/training/\", \"owner\": 1, \"seo_title\": \"\", \"show_in_menus\": false, \"search_description\": \"\", \"go_live_at\": null, \"expire_at\": null, \"expired\": false, \"locked\": false, \"first_published_at\": \"2019-06-19T13:08:44.014Z\", \"last_published_at\": \"2019-06-19T13:08:44.014Z\", \"latest_revision_created_at\": \"2019-06-20T10:52:23.196Z\", \"live_revision\": 27, \"hero_title\": \"Training\", \"color\": \"purple\", \"image\": \"training-icon.png\"}',NULL,11,NULL),(57,0,'2019-06-23 17:54:52.598244','{\"pk\": 32, \"path\": \"000100010001000100040001\", \"depth\": 6, \"numchild\": 0, \"title\": \"IN-COMPANY TRAINING & WORKSHOPS\", \"draft_title\": \"IN-COMPANY TRAINING & WORKSHOPS\", \"slug\": \"-company-training-workshops\", \"content_type\": 53, \"live\": true, \"has_unpublished_changes\": false, \"url_path\": \"/home/except/services/training/-company-training-workshops/\", \"owner\": 1, \"seo_title\": \"\", \"show_in_menus\": false, \"search_description\": \"\", \"go_live_at\": null, \"expire_at\": null, \"expired\": false, \"locked\": false, \"first_published_at\": null, \"last_published_at\": null, \"latest_revision_created_at\": null, \"live_revision\": null, \"hero_title\": \"IN-COMPANY TRAINING & WORKSHOPS\", \"description\": \"Supporting organizations develop action- able pathways towards sustainable, profitable, and ethical operations.\", \"body\": \"[{\\\"type\\\": \\\"paragraph_block\\\", \\\"value\\\": {\\\"text\\\": \\\"<p>test</p>\\\"}, \\\"id\\\": \\\"49b4517c-4bdc-406a-852f-ac601818df37\\\"}]\"}',NULL,32,NULL),(58,0,'2019-06-23 17:55:25.613660','{\"pk\": 33, \"path\": \"000100010001000100040002\", \"depth\": 6, \"numchild\": 0, \"title\": \"OPEN REGISTRATION TRAINING & WORKSHOPS\", \"draft_title\": \"OPEN REGISTRATION TRAINING & WORKSHOPS\", \"slug\": \"open-registration-training-workshops\", \"content_type\": 53, \"live\": true, \"has_unpublished_changes\": false, \"url_path\": \"/home/except/services/training/open-registration-training-workshops/\", \"owner\": 1, \"seo_title\": \"\", \"show_in_menus\": false, \"search_description\": \"\", \"go_live_at\": null, \"expire_at\": null, \"expired\": false, \"locked\": false, \"first_published_at\": null, \"last_published_at\": null, \"latest_revision_created_at\": null, \"live_revision\": null, \"hero_title\": \"OPEN REGISTRATION TRAINING & WORKSHOPS\", \"description\": \"Supporting organizations develop action- able pathways towards sustainable, profitable, and ethical operations.\", \"body\": \"[{\\\"type\\\": \\\"paragraph_block\\\", \\\"value\\\": {\\\"text\\\": \\\"<p>test</p>\\\"}, \\\"id\\\": \\\"87a46615-092e-41c4-afd2-c687219fc49a\\\"}]\"}',NULL,33,NULL),(59,0,'2019-06-24 14:53:26.861305','{\"pk\": 12, \"path\": \"0001000100010002\", \"depth\": 4, \"numchild\": 0, \"title\": \"About\", \"draft_title\": \"About\", \"slug\": \"about\", \"content_type\": 9, \"live\": true, \"has_unpublished_changes\": false, \"url_path\": \"/home/except/about/\", \"owner\": 1, \"seo_title\": \"\", \"show_in_menus\": false, \"search_description\": \"\", \"go_live_at\": null, \"expire_at\": null, \"expired\": false, \"locked\": false, \"first_published_at\": \"2019-06-19T14:31:29.356Z\", \"last_published_at\": \"2019-06-19T14:31:29.356Z\", \"latest_revision_created_at\": \"2019-06-19T14:31:29.309Z\", \"live_revision\": 29, \"hero_image\": \"hero-about_YDaQjqj.jpg\", \"hero_title\": \"Our Profile\", \"hero_subtitle\": \"Leading sustainability consultants & designers\", \"except_introduction\": \"Maecenas eu nibh dignissim, lobortis enim malesuada, pellentesque ex. Nullam scelerisque placerat nisl, sed fringilla orci accumsan sit amet. Phasellus vitae quam sem. Mauris elementum neque id lacus elementum pulvinar. Curabitur facilisis auctor ligula, vitae malesuada nunc congue sed. Fusce scelerisque euismod elit eget iaculis. Aliquam eu pellentesque tellus. Nullam in turpis vel tortor consectetur imperdiet ac eu dui. Donec pulvinar rutrum ex non ornare. Morbi maximus gravida ullamcorper. Nullam aliquam aliquet mattis. In at urna sagittis libero placerat accumsan. Integer viverra ac metus faucibus hendrerit. Curabitur odio mi, auctor ac sem in, hendrerit lobortis lorem.\", \"team_introduction\": \"<p>Ut est nulla, feugiat a augue at, pretium tempor nunc. Mauris ac lectus eu augue laoreet commodo. Curabitur vitae mi id massa varius efficitur at in arcu. Aliquam tempor arcu quis ipsum convallis, id facilisis eros posuere. Aenean vitae lobortis tortor, non dapibus massa. Morbi viverra, velit non iaculis ornare, dui nibh varius purus, eget vestibulum urna nibh quis orci. Praesent quis libero eu libero viverra hendrerit in eget erat. Praesent a purus non elit blandit hendrerit.</p>\", \"collaboration_introduction\": \"<p>Ut est nulla, feugiat a augue at, pretium tempor nunc. Mauris ac lectus eu augue laoreet commodo. Curabitur vitae mi id massa varius efficitur at in arcu. Aliquam tempor arcu quis ipsum convallis, id facilisis eros posuere. Aenean vitae lobortis tortor, non dapibus massa. Morbi viverra, velit non iaculis ornare, dui nibh varius purus, eget vestibulum urna nibh quis orci. Praesent quis libero eu libero viverra hendrerit in eget erat. Praesent a purus non elit blandit hendrerit.</p>\", \"navbar_transparent\": true, \"navbar_inverted\": true, \"quotes\": [{\"pk\": 1, \"sort_order\": 0, \"company\": \"IUCN Interim manager Leaders for Nature\", \"caption\": \"<p>Ut est nulla, feugiat a augue at, pretium tempor nunc. Mauris ac lectus eu augue laoreet commodo. Curabitur vitae mi id massa varius efficitur at in arcu. Aliquam tempor arcu quis ipsum convallis, id facilisis eros posuere. Aenean vitae lobortis tortor, non dapibus massa.</p>\", \"name\": \"Miriam van Gool\", \"page\": 12}, {\"pk\": 2, \"sort_order\": 1, \"company\": \"IUCN Interim manager Leaders for Nature\", \"caption\": \"<p>Ut est nulla, feugiat a augue at, pretium tempor nunc. Mauris ac lectus eu augue laoreet commodo. Curabitur vitae mi id massa varius efficitur at in arcu. Aliquam tempor arcu quis ipsum convallis, id facilisis eros posuere. Aenean vitae lobortis tortor, non dapibus massa.</p>\", \"name\": \"Miriam van Gool\", \"page\": 12}], \"partners\": [{\"pk\": 1, \"sort_order\": 0, \"company\": null, \"image\": \"slice1_LcQp1nh.png\", \"page\": 12}, {\"pk\": 2, \"sort_order\": 1, \"company\": null, \"image\": \"slice2_IlLkbHG.png\", \"page\": 12}, {\"pk\": 3, \"sort_order\": 2, \"company\": null, \"image\": \"slice3_ymbPvH9.png\", \"page\": 12}, {\"pk\": 4, \"sort_order\": 3, \"company\": null, \"image\": \"slice4_5Ik5yFv.png\", \"page\": 12}, {\"pk\": 5, \"sort_order\": 4, \"company\": null, \"image\": \"slice5_q3ruHv2.png\", \"page\": 12}, {\"pk\": 6, \"sort_order\": 5, \"company\": null, \"image\": \"slice6_44uYSUo.png\", \"page\": 12}]}',NULL,12,NULL),(60,0,'2019-06-24 15:00:03.588755','{\"pk\": 12, \"path\": \"0001000100010002\", \"depth\": 4, \"numchild\": 0, \"title\": \"About\", \"draft_title\": \"About\", \"slug\": \"about\", \"content_type\": 9, \"live\": true, \"has_unpublished_changes\": false, \"url_path\": \"/home/except/about/\", \"owner\": 1, \"seo_title\": \"\", \"show_in_menus\": false, \"search_description\": \"\", \"go_live_at\": null, \"expire_at\": null, \"expired\": false, \"locked\": false, \"first_published_at\": \"2019-06-19T14:31:29.356Z\", \"last_published_at\": \"2019-06-24T14:53:27.028Z\", \"latest_revision_created_at\": \"2019-06-24T14:53:26.861Z\", \"live_revision\": 59, \"hero_image\": \"hero-about_YDaQjqj.jpg\", \"hero_title\": \"Our Profile\", \"hero_subtitle\": \"Leading sustainability consultants & designers\", \"except_introduction\": \"Maecenas eu nibh dignissim, lobortis enim malesuada, pellentesque ex. Nullam scelerisque placerat nisl, sed fringilla orci accumsan sit amet. Phasellus vitae quam sem. Mauris elementum neque id lacus elementum pulvinar. Curabitur facilisis auctor ligula, vitae malesuada nunc congue sed. Fusce scelerisque euismod elit eget iaculis. Aliquam eu pellentesque tellus. Nullam in turpis vel tortor consectetur imperdiet ac eu dui. Donec pulvinar rutrum ex non ornare. Morbi maximus gravida ullamcorper. Nullam aliquam aliquet mattis. In at urna sagittis libero placerat accumsan. Integer viverra ac metus faucibus hendrerit. Curabitur odio mi, auctor ac sem in, hendrerit lobortis lorem.\", \"team_introduction\": \"<p>Ut est nulla, feugiat a augue at, pretium tempor nunc. Mauris ac lectus eu augue laoreet commodo. Curabitur vitae mi id massa varius efficitur at in arcu. Aliquam tempor arcu quis ipsum convallis, id facilisis eros posuere. Aenean vitae lobortis tortor, non dapibus massa. Morbi viverra, velit non iaculis ornare, dui nibh varius purus, eget vestibulum urna nibh quis orci. Praesent quis libero eu libero viverra hendrerit in eget erat. Praesent a purus non elit blandit hendrerit.</p>\", \"collaboration_introduction\": \"<p>Ut est nulla, feugiat a augue at, pretium tempor nunc. Mauris ac lectus eu augue laoreet commodo. Curabitur vitae mi id massa varius efficitur at in arcu. Aliquam tempor arcu quis ipsum convallis, id facilisis eros posuere. Aenean vitae lobortis tortor, non dapibus massa. Morbi viverra, velit non iaculis ornare, dui nibh varius purus, eget vestibulum urna nibh quis orci. Praesent quis libero eu libero viverra hendrerit in eget erat. Praesent a purus non elit blandit hendrerit.</p>\", \"navbar_transparent\": true, \"navbar_inverted\": true, \"quotes\": [{\"pk\": 1, \"sort_order\": 0, \"company\": \"IUCN Interim manager Leaders for Nature\", \"caption\": \"<p>Ut est nulla, feugiat a augue at, pretium tempor nunc. Mauris ac lectus eu augue laoreet commodo. Curabitur vitae mi id massa varius efficitur at in arcu. Aliquam tempor arcu quis ipsum convallis, id facilisis eros posuere. Aenean vitae lobortis tortor, non dapibus massa.</p>\", \"name\": \"Miriam van Gool\", \"page\": 12}, {\"pk\": 2, \"sort_order\": 1, \"company\": \"IUCN Interim manager Leaders for Nature\", \"caption\": \"<p>Ut est nulla, feugiat a augue at, pretium tempor nunc. Mauris ac lectus eu augue laoreet commodo. Curabitur vitae mi id massa varius efficitur at in arcu. Aliquam tempor arcu quis ipsum convallis, id facilisis eros posuere. Aenean vitae lobortis tortor, non dapibus massa.</p>\", \"name\": \"Miriam van Gool\", \"page\": 12}], \"partners\": []}',NULL,12,NULL),(61,0,'2019-06-24 15:05:03.561685','{\"pk\": 34, \"path\": \"0001000100010006\", \"depth\": 4, \"numchild\": 0, \"title\": \"Projects\", \"draft_title\": \"Projects\", \"slug\": \"projects\", \"content_type\": 54, \"live\": true, \"has_unpublished_changes\": false, \"url_path\": \"/home/except/projects/\", \"owner\": 1, \"seo_title\": \"\", \"show_in_menus\": false, \"search_description\": \"\", \"go_live_at\": null, \"expire_at\": null, \"expired\": false, \"locked\": false, \"first_published_at\": null, \"last_published_at\": null, \"latest_revision_created_at\": null, \"live_revision\": null, \"hero_image\": \"hero-projects.jpg\", \"navbar_transparent\": true, \"navbar_inverted\": false, \"hero_title\": \"Projects\", \"hero_subtitle\": null}',NULL,34,NULL),(62,0,'2019-06-24 15:07:35.223999','{\"pk\": 35, \"path\": \"00010001000100060001\", \"depth\": 5, \"numchild\": 0, \"title\": \"Project title even if it\'s long\", \"draft_title\": \"Project title even if it\'s long\", \"slug\": \"project-title-even-if-its-long\", \"content_type\": 55, \"live\": true, \"has_unpublished_changes\": false, \"url_path\": \"/home/except/projects/project-title-even-if-its-long/\", \"owner\": 1, \"seo_title\": \"\", \"show_in_menus\": false, \"search_description\": \"\", \"go_live_at\": null, \"expire_at\": null, \"expired\": false, \"locked\": false, \"first_published_at\": null, \"last_published_at\": null, \"latest_revision_created_at\": null, \"live_revision\": null, \"hero_image\": \"hero-project_DVFQAbO.jpg\", \"hero_title\": \"Project title even if it\'s long\", \"hero_subtitle\": \"Project subtitle\", \"date_published\": \"2019-06-24\", \"intro\": \"Quisque pulvinar enim id tincidunt scelerisque. Vestibulum venenatis facilisis urna a placerat. Integer facilisis neque ut augue viverra porttitor. Sed eleifend tincidunt congue. In vestibulum consequat neque. Nam finibus turpis non diam blandit, sit amet facilisis enim imperdiet. Sed ut purus vitae arcu suscipit pharetra. Etiam pretium lorem ac aliquet lobortis. Nunc dui arcu, posuere eget lorem sed, dignissim sagittis urna. Nullam non tellus eros.\", \"navbar_transparent\": true, \"navbar_inverted\": false, \"body\": \"[{\\\"type\\\": \\\"paragraph_block\\\", \\\"value\\\": {\\\"text\\\": \\\"<p>test</p>\\\"}, \\\"id\\\": \\\"31d7ccd9-8edd-4144-9f7a-a07ed0dc04bc\\\"}]\", \"author\": 2, \"service\": 8, \"team_members\": [{\"pk\": 1, \"sort_order\": 0, \"page\": 35, \"member\": 1}, {\"pk\": 2, \"sort_order\": 1, \"page\": 35, \"member\": 2}], \"project_partners\": [{\"pk\": 1, \"sort_order\": 0, \"page\": 35, \"partner\": 7}, {\"pk\": 2, \"sort_order\": 1, \"page\": 35, \"partner\": 8}]}',NULL,35,NULL),(63,0,'2019-06-25 08:23:52.874751','{\"pk\": 35, \"path\": \"00010001000100060001\", \"depth\": 5, \"numchild\": 0, \"title\": \"Project title even if it\'s long\", \"draft_title\": \"Project title even if it\'s long\", \"slug\": \"project-title-even-if-its-long\", \"content_type\": 55, \"live\": true, \"has_unpublished_changes\": false, \"url_path\": \"/home/except/projects/project-title-even-if-its-long/\", \"owner\": 1, \"seo_title\": \"\", \"show_in_menus\": false, \"search_description\": \"\", \"go_live_at\": null, \"expire_at\": null, \"expired\": false, \"locked\": false, \"first_published_at\": \"2019-06-24T15:07:35.296Z\", \"last_published_at\": \"2019-06-24T15:07:35.296Z\", \"latest_revision_created_at\": \"2019-06-24T15:07:35.223Z\", \"live_revision\": 62, \"hero_image\": \"hero-project_DVFQAbO.jpg\", \"hero_title\": \"Project title even if it\'s long\", \"hero_subtitle\": \"Project subtitle\", \"date_published\": \"2019-06-24\", \"intro\": \"Quisque pulvinar enim id tincidunt scelerisque. Vestibulum venenatis facilisis urna a placerat. Integer facilisis neque ut augue viverra porttitor. Sed eleifend tincidunt congue. In vestibulum consequat neque. Nam finibus turpis non diam blandit, sit amet facilisis enim imperdiet. Sed ut purus vitae arcu suscipit pharetra. Etiam pretium lorem ac aliquet lobortis. Nunc dui arcu, posuere eget lorem sed, dignissim sagittis urna. Nullam non tellus eros.\", \"navbar_transparent\": true, \"navbar_inverted\": false, \"body\": \"[{\\\"type\\\": \\\"paragraph_block\\\", \\\"value\\\": {\\\"text\\\": \\\"<p>test</p>\\\"}, \\\"id\\\": \\\"31d7ccd9-8edd-4144-9f7a-a07ed0dc04bc\\\"}]\", \"author\": 2, \"service\": 8, \"team_members\": [{\"pk\": 1, \"sort_order\": 0, \"page\": 35, \"member\": 1}, {\"pk\": 2, \"sort_order\": 1, \"page\": 35, \"member\": 2}], \"project_partners\": [{\"pk\": 1, \"sort_order\": 0, \"page\": 35, \"partner\": 7}, {\"pk\": 2, \"sort_order\": 1, \"page\": 35, \"partner\": 8}], \"carousel_items\": [{\"pk\": null, \"sort_order\": 0, \"image\": 27, \"description\": \"This is a test, here is an image of wwf\", \"page\": 35}, {\"pk\": null, \"sort_order\": 1, \"image\": 28, \"description\": \"Big projects have global impact\", \"page\": 35}], \"project_resources\": [{\"pk\": null, \"sort_order\": 0, \"page\": 35, \"resource\": 3}]}',NULL,35,NULL),(64,0,'2019-06-25 11:47:02.098742','{\"pk\": 35, \"path\": \"00010001000100060001\", \"depth\": 5, \"numchild\": 0, \"title\": \"Project title even if it\'s long\", \"draft_title\": \"Project title even if it\'s long\", \"slug\": \"project-title-even-if-its-long\", \"content_type\": 55, \"live\": true, \"has_unpublished_changes\": false, \"url_path\": \"/home/except/projects/project-title-even-if-its-long/\", \"owner\": 1, \"seo_title\": \"\", \"show_in_menus\": false, \"search_description\": \"\", \"go_live_at\": null, \"expire_at\": null, \"expired\": false, \"locked\": false, \"first_published_at\": \"2019-06-24T15:07:35.296Z\", \"last_published_at\": \"2019-06-25T08:23:52.970Z\", \"latest_revision_created_at\": \"2019-06-25T08:23:52.874Z\", \"live_revision\": 63, \"hero_image\": \"hero-project_DVFQAbO.jpg\", \"hero_title\": \"Project title even if it\'s long\", \"hero_subtitle\": \"Project subtitle\", \"date_published\": \"2019-06-24\", \"intro\": \"Quisque pulvinar enim id tincidunt scelerisque. Vestibulum venenatis facilisis urna a placerat. Integer facilisis neque ut augue viverra porttitor. Sed eleifend tincidunt congue. In vestibulum consequat neque. Nam finibus turpis non diam blandit, sit amet facilisis enim imperdiet. Sed ut purus vitae arcu suscipit pharetra. Etiam pretium lorem ac aliquet lobortis. Nunc dui arcu, posuere eget lorem sed, dignissim sagittis urna. Nullam non tellus eros.\", \"navbar_transparent\": true, \"navbar_inverted\": false, \"body\": \"[{\\\"type\\\": \\\"paragraph_block\\\", \\\"value\\\": {\\\"text\\\": \\\"<p>test</p>\\\"}, \\\"id\\\": \\\"31d7ccd9-8edd-4144-9f7a-a07ed0dc04bc\\\"}]\", \"author\": 2, \"service\": 8, \"team_members\": [{\"pk\": 1, \"sort_order\": 0, \"page\": 35, \"member\": 1}, {\"pk\": 2, \"sort_order\": 1, \"page\": 35, \"member\": 2}], \"project_partners\": [{\"pk\": 1, \"sort_order\": 0, \"page\": 35, \"partner\": 7}, {\"pk\": 2, \"sort_order\": 1, \"page\": 35, \"partner\": 8}], \"carousel_items\": [{\"pk\": 1, \"sort_order\": 0, \"image\": 27, \"description\": \"This is a test, here is an image of wwf\", \"page\": 35}, {\"pk\": 2, \"sort_order\": 1, \"image\": 28, \"description\": \"Big projects have global impact\", \"page\": 35}], \"project_resources\": [{\"pk\": 1, \"sort_order\": 0, \"page\": 35, \"resource\": 3}]}',NULL,35,NULL),(65,0,'2019-06-25 12:02:25.502053','{\"pk\": 35, \"path\": \"00010001000100060001\", \"depth\": 5, \"numchild\": 0, \"title\": \"Project title even if it\'s long\", \"draft_title\": \"Project title even if it\'s long\", \"slug\": \"project-title-even-if-its-long\", \"content_type\": 55, \"live\": true, \"has_unpublished_changes\": false, \"url_path\": \"/home/except/projects/project-title-even-if-its-long/\", \"owner\": 1, \"seo_title\": \"\", \"show_in_menus\": false, \"search_description\": \"\", \"go_live_at\": null, \"expire_at\": null, \"expired\": false, \"locked\": false, \"first_published_at\": \"2019-06-24T15:07:35.296Z\", \"last_published_at\": \"2019-06-25T11:47:02.199Z\", \"latest_revision_created_at\": \"2019-06-25T11:47:02.098Z\", \"live_revision\": 64, \"hero_image\": \"hero-project_DVFQAbO.jpg\", \"hero_title\": \"Project title even if it\'s long\", \"hero_subtitle\": \"Project subtitle\", \"date_published\": \"2019-06-24\", \"intro\": \"Quisque pulvinar enim id tincidunt scelerisque. Vestibulum venenatis facilisis urna a placerat. Integer facilisis neque ut augue viverra porttitor. Sed eleifend tincidunt congue. In vestibulum consequat neque. Nam finibus turpis non diam blandit, sit amet facilisis enim imperdiet. Sed ut purus vitae arcu suscipit pharetra. Etiam pretium lorem ac aliquet lobortis. Nunc dui arcu, posuere eget lorem sed, dignissim sagittis urna. Nullam non tellus eros.\", \"navbar_transparent\": true, \"navbar_inverted\": false, \"body\": \"[{\\\"type\\\": \\\"paragraph_block\\\", \\\"value\\\": {\\\"text\\\": \\\"<p>test</p>\\\"}, \\\"id\\\": \\\"31d7ccd9-8edd-4144-9f7a-a07ed0dc04bc\\\"}]\", \"author\": 2, \"service\": 8, \"team_members\": [{\"pk\": 1, \"sort_order\": 0, \"page\": 35, \"member\": 1}, {\"pk\": 2, \"sort_order\": 1, \"page\": 35, \"member\": 2}], \"project_partners\": [{\"pk\": 1, \"sort_order\": 0, \"page\": 35, \"partner\": 7}, {\"pk\": 2, \"sort_order\": 1, \"page\": 35, \"partner\": 8}], \"carousel_items\": [{\"pk\": 1, \"sort_order\": 0, \"image\": 27, \"description\": \"This is a test, here is an image of wwf\", \"page\": 35}, {\"pk\": 2, \"sort_order\": 1, \"image\": 28, \"description\": \"Big projects have global impact\", \"page\": 35}], \"project_resources\": [{\"pk\": 1, \"sort_order\": 0, \"page\": 35, \"resource\": 3}, {\"pk\": null, \"sort_order\": 1, \"page\": 35, \"resource\": 2}, {\"pk\": null, \"sort_order\": 2, \"page\": 35, \"resource\": 2}]}',NULL,35,NULL),(66,0,'2019-06-25 12:22:56.597748','{\"pk\": 36, \"path\": \"00010001000100060002\", \"depth\": 5, \"numchild\": 0, \"title\": \"Except | Catalytic Buildings White Paper\", \"draft_title\": \"Except | Catalytic Buildings White Paper\", \"slug\": \"except-catalytic-buildings-white-paper\", \"content_type\": 55, \"live\": true, \"has_unpublished_changes\": false, \"url_path\": \"/home/except/projects/except-catalytic-buildings-white-paper/\", \"owner\": 1, \"seo_title\": \"\", \"show_in_menus\": false, \"search_description\": \"\", \"go_live_at\": null, \"expire_at\": null, \"expired\": false, \"locked\": false, \"first_published_at\": null, \"last_published_at\": null, \"latest_revision_created_at\": null, \"live_revision\": null, \"hero_image\": \"hero-news_u2MW62R.jpg\", \"hero_title\": \"Catalytic Buildings White Paper\", \"hero_subtitle\": \"Tuning into the Construction Sector\'s \\\"Music Of Tomorrow\\\"\", \"date_published\": \"2019-06-25\", \"intro\": \"Duis eu dolor ac sapien malesuada ultricies at eu purus. Nulla facilisi. Class aptent taciti sociosqu ad litora torquent per conubia nostra, per inceptos himenaeos. In sed lorem semper, elementum magna eget, tempus nunc. Nam ornare aliquet odio, a commodo ante cursus sed. Pellentesque in quam a libero elementum hendrerit. Duis varius rhoncus est, vel cursus lacus volutpat at.\", \"navbar_transparent\": true, \"navbar_inverted\": false, \"body\": \"[{\\\"type\\\": \\\"heading_block\\\", \\\"value\\\": {\\\"heading_text\\\": \\\"Its Journey towards Sustainability\\\", \\\"size\\\": \\\"h3\\\"}, \\\"id\\\": \\\"6cae25dd-f164-464c-9f47-1c035b3ec95d\\\"}, {\\\"type\\\": \\\"paragraph_block\\\", \\\"value\\\": {\\\"text\\\": \\\"<p>Lorem ipsum dolor sit amet, consectetur adipiscing elit. Nullam accumsan  vitae tellus a eleifend. Quisque risus urna, commodo nec pulvinar eu,  bibendum consequat lacus. Pellentesque quis ante eget risus dictum  laoreet. Aliquam convallis metus eget facilisis commodo. Nunc eu mauris  dapibus, tempus augue in, posuere metus. Vivamus a sapien lectus. In  auctor, magna in luctus convallis, dolor ex imperdiet arcu, at suscipit  risus dolor vel purus. Aliquam eu felis eu justo bibendum semper.  Integer eget dignissim justo. Duis sodales ullamcorper ante, id iaculis  diam pharetra in. Quisque ornare justo lorem, sit amet porttitor elit  porta nec. Cras in sapien eu massa maximus bibendum. Mauris tincidunt  augue vel nibh congue, id placerat lacus tristique. Vestibulum tempor,  orci nec interdum dignissim, ipsum sapien tempor est, et varius orci  erat non erat. Class aptent taciti sociosqu ad litora torquent per  conubia nostra, per inceptos himenaeos. Ut eu magna quam.</p>\\\"}, \\\"id\\\": \\\"e5f20e64-6ab3-4a6e-bb96-367eff08ddeb\\\"}, {\\\"type\\\": \\\"image_block\\\", \\\"value\\\": {\\\"image\\\": 28, \\\"caption\\\": \\\"Big projects have global impact\\\", \\\"attribution\\\": \\\"\\\"}, \\\"id\\\": \\\"ea86c213-7361-42f4-a946-55930b5eec69\\\"}]\", \"author\": 2, \"service\": 8, \"team_members\": [{\"pk\": 3, \"sort_order\": 0, \"page\": 36, \"member\": 1}, {\"pk\": 4, \"sort_order\": 1, \"page\": 36, \"member\": 2}], \"project_partners\": [{\"pk\": 3, \"sort_order\": 0, \"page\": 36, \"partner\": 7}, {\"pk\": 4, \"sort_order\": 1, \"page\": 36, \"partner\": 8}], \"carousel_items\": [{\"pk\": 3, \"sort_order\": 0, \"image\": 28, \"description\": \"This is a test, here is an image of wwf\", \"page\": 36}, {\"pk\": 4, \"sort_order\": 1, \"image\": 3, \"description\": \"Big projects have global impact\", \"page\": 36}], \"project_resources\": [{\"pk\": 4, \"sort_order\": 0, \"page\": 36, \"resource\": 11}, {\"pk\": 5, \"sort_order\": 1, \"page\": 36, \"resource\": 1}, {\"pk\": 6, \"sort_order\": 2, \"page\": 36, \"resource\": 25}]}',NULL,36,NULL),(67,0,'2019-06-26 08:06:21.257862','{\"pk\": 36, \"path\": \"00010001000100060002\", \"depth\": 5, \"numchild\": 0, \"title\": \"Except | Catalytic Buildings White Paper\", \"draft_title\": \"Except | Catalytic Buildings White Paper\", \"slug\": \"except-catalytic-buildings-white-paper\", \"content_type\": 55, \"live\": true, \"has_unpublished_changes\": false, \"url_path\": \"/home/except/projects/except-catalytic-buildings-white-paper/\", \"owner\": 1, \"seo_title\": \"\", \"show_in_menus\": false, \"search_description\": \"\", \"go_live_at\": null, \"expire_at\": null, \"expired\": false, \"locked\": false, \"first_published_at\": \"2019-06-25T12:22:56.661Z\", \"last_published_at\": \"2019-06-25T12:22:56.661Z\", \"latest_revision_created_at\": \"2019-06-25T12:22:56.597Z\", \"live_revision\": 66, \"hero_image\": \"hero-news_u2MW62R.jpg\", \"hero_title\": \"Catalytic Buildings White Paper\", \"hero_subtitle\": \"Tuning into the Construction Sector\'s \\\"Music Of Tomorrow\\\"\", \"date_published\": \"2019-06-25\", \"intro\": \"Duis eu dolor ac sapien malesuada ultricies at eu purus. Nulla facilisi. Class aptent taciti sociosqu ad litora torquent per conubia nostra, per inceptos himenaeos. In sed lorem semper, elementum magna eget, tempus nunc. Nam ornare aliquet odio, a commodo ante cursus sed. Pellentesque in quam a libero elementum hendrerit. Duis varius rhoncus est, vel cursus lacus volutpat at.\", \"navbar_transparent\": true, \"navbar_inverted\": false, \"body\": \"[{\\\"type\\\": \\\"heading_block\\\", \\\"value\\\": {\\\"heading_text\\\": \\\"Its Journey towards Sustainability\\\", \\\"size\\\": \\\"h3\\\"}, \\\"id\\\": \\\"6cae25dd-f164-464c-9f47-1c035b3ec95d\\\"}, {\\\"type\\\": \\\"paragraph_block\\\", \\\"value\\\": {\\\"text\\\": \\\"<p>Lorem ipsum dolor sit amet, consectetur adipiscing elit. Nullam accumsan vitae tellus a eleifend. Quisque risus urna, commodo nec pulvinar eu, bibendum consequat lacus. Pellentesque quis ante eget risus dictum laoreet. Aliquam convallis metus eget facilisis commodo. Nunc eu mauris dapibus, tempus augue in, posuere metus. Vivamus a sapien lectus. In auctor, magna in luctus convallis, dolor ex imperdiet arcu, at suscipit risus dolor vel purus. Aliquam eu felis eu justo bibendum semper. Integer eget dignissim justo. Duis sodales ullamcorper ante, id iaculis diam pharetra in. Quisque ornare justo lorem, sit amet porttitor elit porta nec. Cras in sapien eu massa maximus bibendum. Mauris tincidunt augue vel nibh congue, id placerat lacus tristique. Vestibulum tempor, orci nec interdum dignissim, ipsum sapien tempor est, et varius orci erat non erat. Class aptent taciti sociosqu ad litora torquent per conubia nostra, per inceptos himenaeos. Ut eu magna quam.</p>\\\"}, \\\"id\\\": \\\"e5f20e64-6ab3-4a6e-bb96-367eff08ddeb\\\"}, {\\\"type\\\": \\\"image_block\\\", \\\"value\\\": {\\\"image\\\": 28, \\\"caption\\\": \\\"Big projects have global impact\\\", \\\"attribution\\\": \\\"\\\"}, \\\"id\\\": \\\"ea86c213-7361-42f4-a946-55930b5eec69\\\"}, {\\\"type\\\": \\\"paragraph_block\\\", \\\"value\\\": {\\\"text\\\": \\\"<p>Proin vel tempus nulla. Fusce vitae nunc felis. Pellentesque eu elit eu  libero dignissim aliquam. Suspendisse venenatis lectus vitae dui  ultricies eleifend vel in ante. Nullam dolor justo, laoreet vel vehicula  eget, viverra vel risus. Quisque faucibus arcu eget blandit elementum.  Fusce congue finibus ligula, vel vehicula lacus efficitur vel.</p>\\\"}, \\\"id\\\": \\\"6a242d99-2cea-4d99-9a20-0b8adbc08dcd\\\"}, {\\\"type\\\": \\\"paragraph_block\\\", \\\"value\\\": {\\\"text\\\": \\\"<p>Proin vel tempus nulla. Fusce vitae nunc felis. Pellentesque eu elit eu  libero dignissim aliquam. Suspendisse venenatis lectus vitae dui  ultricies eleifend vel in ante. Nullam dolor justo, laoreet vel vehicula  eget, viverra vel risus. Quisque faucibus arcu eget blandit elementum.  Fusce congue finibus ligula, vel vehicula lacus efficitur vel.</p>\\\"}, \\\"id\\\": \\\"f561f7ca-92ec-4ddb-9a76-87cea7f8d292\\\"}]\", \"author\": 2, \"service\": 8, \"team_members\": [{\"pk\": 3, \"sort_order\": 0, \"page\": 36, \"member\": 1}, {\"pk\": 4, \"sort_order\": 1, \"page\": 36, \"member\": 2}], \"project_partners\": [{\"pk\": 3, \"sort_order\": 0, \"page\": 36, \"partner\": 7}, {\"pk\": 4, \"sort_order\": 1, \"page\": 36, \"partner\": 8}], \"carousel_items\": [{\"pk\": 3, \"sort_order\": 0, \"image\": 28, \"description\": \"This is a test, here is an image of wwf\", \"page\": 36}, {\"pk\": 4, \"sort_order\": 1, \"image\": 3, \"description\": \"Big projects have global impact\", \"page\": 36}], \"project_resources\": [{\"pk\": 4, \"sort_order\": 0, \"page\": 36, \"resource\": 11}, {\"pk\": 5, \"sort_order\": 1, \"page\": 36, \"resource\": 1}, {\"pk\": 6, \"sort_order\": 2, \"page\": 36, \"resource\": 25}]}',NULL,36,NULL),(68,0,'2019-06-26 10:11:32.179510','{\"pk\": 36, \"path\": \"00010001000100060002\", \"depth\": 5, \"numchild\": 0, \"title\": \"Except | Catalytic Buildings White Paper\", \"draft_title\": \"Except | Catalytic Buildings White Paper\", \"slug\": \"except-catalytic-buildings-white-paper\", \"content_type\": 55, \"live\": true, \"has_unpublished_changes\": false, \"url_path\": \"/home/except/projects/except-catalytic-buildings-white-paper/\", \"owner\": 1, \"seo_title\": \"\", \"show_in_menus\": false, \"search_description\": \"\", \"go_live_at\": null, \"expire_at\": null, \"expired\": false, \"locked\": false, \"first_published_at\": \"2019-06-25T12:22:56.661Z\", \"last_published_at\": \"2019-06-26T08:06:21.384Z\", \"latest_revision_created_at\": \"2019-06-26T08:06:21.257Z\", \"live_revision\": 67, \"hero_image\": \"hero-news_u2MW62R.jpg\", \"hero_title\": \"Catalytic Buildings White Paper\", \"hero_subtitle\": \"Tuning into the Construction Sector\'s \\\"Music Of Tomorrow\\\"\", \"date_published\": \"2019-06-25\", \"intro\": \"Duis eu dolor ac sapien malesuada ultricies at eu purus. Nulla facilisi. Class aptent taciti sociosqu ad litora torquent per conubia nostra, per inceptos himenaeos. In sed lorem semper, elementum magna eget, tempus nunc. Nam ornare aliquet odio, a commodo ante cursus sed. Pellentesque in quam a libero elementum hendrerit. Duis varius rhoncus est, vel cursus lacus volutpat at.\", \"navbar_transparent\": true, \"navbar_inverted\": false, \"body\": \"[{\\\"type\\\": \\\"heading_block\\\", \\\"value\\\": {\\\"heading_text\\\": \\\"Its Journey towards Sustainability\\\", \\\"size\\\": \\\"h3\\\"}, \\\"id\\\": \\\"6cae25dd-f164-464c-9f47-1c035b3ec95d\\\"}, {\\\"type\\\": \\\"paragraph_block\\\", \\\"value\\\": {\\\"text\\\": \\\"<p>Lorem ipsum dolor sit amet, consectetur adipiscing elit. Nullam accumsan vitae tellus a eleifend. Quisque risus urna, commodo nec pulvinar eu, bibendum consequat lacus. Pellentesque quis ante eget risus dictum laoreet. Aliquam convallis metus eget facilisis commodo. Nunc eu mauris dapibus, tempus augue in, posuere metus. Vivamus a sapien lectus. In auctor, magna in luctus convallis, dolor ex imperdiet arcu, at suscipit risus dolor vel purus. Aliquam eu felis eu justo bibendum semper. Integer eget dignissim justo. Duis sodales ullamcorper ante, id iaculis diam pharetra in. Quisque ornare justo lorem, sit amet porttitor elit porta nec. Cras in sapien eu massa maximus bibendum. Mauris tincidunt augue vel nibh congue, id placerat lacus tristique. Vestibulum tempor, orci nec interdum dignissim, ipsum sapien tempor est, et varius orci erat non erat. Class aptent taciti sociosqu ad litora torquent per conubia nostra, per inceptos himenaeos. Ut eu magna quam.</p>\\\"}, \\\"id\\\": \\\"e5f20e64-6ab3-4a6e-bb96-367eff08ddeb\\\"}, {\\\"type\\\": \\\"image_block\\\", \\\"value\\\": {\\\"image\\\": 28, \\\"caption\\\": \\\"Big projects have global impact\\\", \\\"attribution\\\": \\\"\\\"}, \\\"id\\\": \\\"ea86c213-7361-42f4-a946-55930b5eec69\\\"}, {\\\"type\\\": \\\"paragraph_block\\\", \\\"value\\\": {\\\"text\\\": \\\"<p>Proin vel tempus nulla. Fusce vitae nunc felis. Pellentesque eu elit eu libero dignissim aliquam. Suspendisse venenatis lectus vitae dui ultricies eleifend vel in ante. Nullam dolor justo, laoreet vel vehicula eget, viverra vel risus. Quisque faucibus arcu eget blandit elementum. Fusce congue finibus ligula, vel vehicula lacus efficitur vel.</p>\\\"}, \\\"id\\\": \\\"6a242d99-2cea-4d99-9a20-0b8adbc08dcd\\\"}, {\\\"type\\\": \\\"paragraph_block\\\", \\\"value\\\": {\\\"text\\\": \\\"<p>Proin vel tempus nulla. Fusce vitae nunc felis. Pellentesque eu elit eu libero dignissim aliquam. Suspendisse venenatis lectus vitae dui ultricies eleifend vel in ante. Nullam dolor justo, laoreet vel vehicula eget, viverra vel risus. Quisque faucibus arcu eget blandit elementum. Fusce congue finibus ligula, vel vehicula lacus efficitur vel.</p>\\\"}, \\\"id\\\": \\\"f561f7ca-92ec-4ddb-9a76-87cea7f8d292\\\"}]\", \"author\": 2, \"service\": 8, \"team_members\": [{\"pk\": 3, \"sort_order\": 0, \"page\": 36, \"member\": 1}, {\"pk\": 4, \"sort_order\": 1, \"page\": 36, \"member\": 2}], \"project_partners\": [{\"pk\": 3, \"sort_order\": 0, \"page\": 36, \"partner\": 7}, {\"pk\": 4, \"sort_order\": 1, \"page\": 36, \"partner\": 8}], \"carousel_items\": [{\"pk\": 3, \"sort_order\": 0, \"image\": 27, \"description\": \"This is a test, here is an image of wwf\", \"page\": 36}, {\"pk\": 4, \"sort_order\": 1, \"image\": 3, \"description\": \"Big projects have global impact\", \"page\": 36}], \"project_resources\": [{\"pk\": 4, \"sort_order\": 0, \"page\": 36, \"resource\": 11}, {\"pk\": 5, \"sort_order\": 1, \"page\": 36, \"resource\": 1}, {\"pk\": 6, \"sort_order\": 2, \"page\": 36, \"resource\": 25}]}',NULL,36,NULL),(69,0,'2019-06-26 10:11:58.411760','{\"pk\": 36, \"path\": \"00010001000100060002\", \"depth\": 5, \"numchild\": 0, \"title\": \"Except | Catalytic Buildings White Paper\", \"draft_title\": \"Except | Catalytic Buildings White Paper\", \"slug\": \"except-catalytic-buildings-white-paper\", \"content_type\": 55, \"live\": true, \"has_unpublished_changes\": false, \"url_path\": \"/home/except/projects/except-catalytic-buildings-white-paper/\", \"owner\": 1, \"seo_title\": \"\", \"show_in_menus\": false, \"search_description\": \"\", \"go_live_at\": null, \"expire_at\": null, \"expired\": false, \"locked\": false, \"first_published_at\": \"2019-06-25T12:22:56.661Z\", \"last_published_at\": \"2019-06-26T10:11:32.600Z\", \"latest_revision_created_at\": \"2019-06-26T10:11:32.179Z\", \"live_revision\": 68, \"hero_image\": \"hero-news_u2MW62R.jpg\", \"hero_title\": \"Catalytic Buildings White Paper\", \"hero_subtitle\": \"Tuning into the Construction Sector\'s \\\"Music Of Tomorrow\\\"\", \"date_published\": \"2019-06-25\", \"intro\": \"Duis eu dolor ac sapien malesuada ultricies at eu purus. Nulla facilisi. Class aptent taciti sociosqu ad litora torquent per conubia nostra, per inceptos himenaeos. In sed lorem semper, elementum magna eget, tempus nunc. Nam ornare aliquet odio, a commodo ante cursus sed. Pellentesque in quam a libero elementum hendrerit. Duis varius rhoncus est, vel cursus lacus volutpat at.\", \"navbar_transparent\": true, \"navbar_inverted\": false, \"body\": \"[{\\\"type\\\": \\\"heading_block\\\", \\\"value\\\": {\\\"heading_text\\\": \\\"Its Journey towards Sustainability\\\", \\\"size\\\": \\\"h3\\\"}, \\\"id\\\": \\\"6cae25dd-f164-464c-9f47-1c035b3ec95d\\\"}, {\\\"type\\\": \\\"paragraph_block\\\", \\\"value\\\": {\\\"text\\\": \\\"<p>Lorem ipsum dolor sit amet, consectetur adipiscing elit. Nullam accumsan vitae tellus a eleifend. Quisque risus urna, commodo nec pulvinar eu, bibendum consequat lacus. Pellentesque quis ante eget risus dictum laoreet. Aliquam convallis metus eget facilisis commodo. Nunc eu mauris dapibus, tempus augue in, posuere metus. Vivamus a sapien lectus. In auctor, magna in luctus convallis, dolor ex imperdiet arcu, at suscipit risus dolor vel purus. Aliquam eu felis eu justo bibendum semper. Integer eget dignissim justo. Duis sodales ullamcorper ante, id iaculis diam pharetra in. Quisque ornare justo lorem, sit amet porttitor elit porta nec. Cras in sapien eu massa maximus bibendum. Mauris tincidunt augue vel nibh congue, id placerat lacus tristique. Vestibulum tempor, orci nec interdum dignissim, ipsum sapien tempor est, et varius orci erat non erat. Class aptent taciti sociosqu ad litora torquent per conubia nostra, per inceptos himenaeos. Ut eu magna quam.</p>\\\"}, \\\"id\\\": \\\"e5f20e64-6ab3-4a6e-bb96-367eff08ddeb\\\"}, {\\\"type\\\": \\\"image_block\\\", \\\"value\\\": {\\\"image\\\": 28, \\\"caption\\\": \\\"Big projects have global impact\\\", \\\"attribution\\\": \\\"\\\"}, \\\"id\\\": \\\"ea86c213-7361-42f4-a946-55930b5eec69\\\"}, {\\\"type\\\": \\\"paragraph_block\\\", \\\"value\\\": {\\\"text\\\": \\\"<p>Proin vel tempus nulla. Fusce vitae nunc felis. Pellentesque eu elit eu libero dignissim aliquam. Suspendisse venenatis lectus vitae dui ultricies eleifend vel in ante. Nullam dolor justo, laoreet vel vehicula eget, viverra vel risus. Quisque faucibus arcu eget blandit elementum. Fusce congue finibus ligula, vel vehicula lacus efficitur vel.</p>\\\"}, \\\"id\\\": \\\"6a242d99-2cea-4d99-9a20-0b8adbc08dcd\\\"}, {\\\"type\\\": \\\"paragraph_block\\\", \\\"value\\\": {\\\"text\\\": \\\"<p>Proin vel tempus nulla. Fusce vitae nunc felis. Pellentesque eu elit eu libero dignissim aliquam. Suspendisse venenatis lectus vitae dui ultricies eleifend vel in ante. Nullam dolor justo, laoreet vel vehicula eget, viverra vel risus. Quisque faucibus arcu eget blandit elementum. Fusce congue finibus ligula, vel vehicula lacus efficitur vel.</p>\\\"}, \\\"id\\\": \\\"f561f7ca-92ec-4ddb-9a76-87cea7f8d292\\\"}]\", \"author\": 2, \"service\": 8, \"team_members\": [{\"pk\": 3, \"sort_order\": 0, \"page\": 36, \"member\": 1}, {\"pk\": 4, \"sort_order\": 1, \"page\": 36, \"member\": 2}], \"project_partners\": [{\"pk\": 3, \"sort_order\": 0, \"page\": 36, \"partner\": 7}, {\"pk\": 4, \"sort_order\": 1, \"page\": 36, \"partner\": 8}], \"carousel_items\": [{\"pk\": 3, \"sort_order\": 0, \"image\": 28, \"description\": \"This is a test, here is an image of wwf\", \"page\": 36}, {\"pk\": 4, \"sort_order\": 1, \"image\": 3, \"description\": \"Big projects have global impact\", \"page\": 36}], \"project_resources\": [{\"pk\": 4, \"sort_order\": 0, \"page\": 36, \"resource\": 11}, {\"pk\": 5, \"sort_order\": 1, \"page\": 36, \"resource\": 1}, {\"pk\": 6, \"sort_order\": 2, \"page\": 36, \"resource\": 25}]}',NULL,36,NULL),(70,0,'2019-06-26 10:44:19.402474','{\"pk\": 36, \"path\": \"00010001000100060002\", \"depth\": 5, \"numchild\": 0, \"title\": \"Except | Catalytic Buildings White Paper\", \"draft_title\": \"Except | Catalytic Buildings White Paper\", \"slug\": \"except-catalytic-buildings-white-paper\", \"content_type\": 55, \"live\": true, \"has_unpublished_changes\": false, \"url_path\": \"/home/except/projects/except-catalytic-buildings-white-paper/\", \"owner\": 1, \"seo_title\": \"\", \"show_in_menus\": false, \"search_description\": \"\", \"go_live_at\": null, \"expire_at\": null, \"expired\": false, \"locked\": false, \"first_published_at\": \"2019-06-25T12:22:56.661Z\", \"last_published_at\": \"2019-06-26T10:11:58.594Z\", \"latest_revision_created_at\": \"2019-06-26T10:11:58.411Z\", \"live_revision\": 69, \"hero_image\": \"hero-news_u2MW62R.jpg\", \"hero_title\": \"Catalytic Buildings White Paper\", \"hero_subtitle\": \"Tuning into the Construction Sector\'s \\\"Music Of Tomorrow\\\"\", \"date_published\": \"2019-06-25\", \"intro\": \"Duis eu dolor ac sapien malesuada ultricies at eu purus. Nulla facilisi. Class aptent taciti sociosqu ad litora torquent per conubia nostra, per inceptos himenaeos. In sed lorem semper, elementum magna eget, tempus nunc. Nam ornare aliquet odio, a commodo ante cursus sed. Pellentesque in quam a libero elementum hendrerit. Duis varius rhoncus est, vel cursus lacus volutpat at.\", \"navbar_transparent\": true, \"navbar_inverted\": false, \"body\": \"[{\\\"type\\\": \\\"heading_block\\\", \\\"value\\\": {\\\"heading_text\\\": \\\"Its Journey towards Sustainability\\\", \\\"size\\\": \\\"h3\\\"}, \\\"id\\\": \\\"6cae25dd-f164-464c-9f47-1c035b3ec95d\\\"}, {\\\"type\\\": \\\"paragraph_block\\\", \\\"value\\\": {\\\"text\\\": \\\"<p>Lorem ipsum dolor sit amet, consectetur adipiscing elit. Nullam accumsan vitae tellus a eleifend. Quisque risus urna, commodo nec pulvinar eu, bibendum consequat lacus. Pellentesque quis ante eget risus dictum laoreet. Aliquam convallis metus eget facilisis commodo. Nunc eu mauris dapibus, tempus augue in, posuere metus. Vivamus a sapien lectus. In auctor, magna in luctus convallis, dolor ex imperdiet arcu, at suscipit risus dolor vel purus. Aliquam eu felis eu justo bibendum semper. Integer eget dignissim justo. Duis sodales ullamcorper ante, id iaculis diam pharetra in. Quisque ornare justo lorem, sit amet porttitor elit porta nec. Cras in sapien eu massa maximus bibendum. Mauris tincidunt augue vel nibh congue, id placerat lacus tristique. Vestibulum tempor, orci nec interdum dignissim, ipsum sapien tempor est, et varius orci erat non erat. Class aptent taciti sociosqu ad litora torquent per conubia nostra, per inceptos himenaeos. Ut eu magna quam.</p>\\\"}, \\\"id\\\": \\\"e5f20e64-6ab3-4a6e-bb96-367eff08ddeb\\\"}, {\\\"type\\\": \\\"image_block\\\", \\\"value\\\": {\\\"image\\\": 28, \\\"caption\\\": \\\"Big projects have global impact\\\", \\\"attribution\\\": \\\"\\\"}, \\\"id\\\": \\\"ea86c213-7361-42f4-a946-55930b5eec69\\\"}, {\\\"type\\\": \\\"paragraph_block\\\", \\\"value\\\": {\\\"text\\\": \\\"<p>Proin vel tempus nulla. Fusce vitae nunc felis. Pellentesque eu elit eu libero dignissim aliquam. Suspendisse venenatis lectus vitae dui ultricies eleifend vel in ante. Nullam dolor justo, laoreet vel vehicula eget, viverra vel risus. Quisque faucibus arcu eget blandit elementum. Fusce congue finibus ligula, vel vehicula lacus efficitur vel.</p>\\\"}, \\\"id\\\": \\\"6a242d99-2cea-4d99-9a20-0b8adbc08dcd\\\"}, {\\\"type\\\": \\\"paragraph_block\\\", \\\"value\\\": {\\\"text\\\": \\\"<p>Proin vel tempus nulla. Fusce vitae nunc felis. Pellentesque eu elit eu libero dignissim aliquam. Suspendisse venenatis lectus vitae dui ultricies eleifend vel in ante. Nullam dolor justo, laoreet vel vehicula eget, viverra vel risus. Quisque faucibus arcu eget blandit elementum. Fusce congue finibus ligula, vel vehicula lacus efficitur vel.</p>\\\"}, \\\"id\\\": \\\"f561f7ca-92ec-4ddb-9a76-87cea7f8d292\\\"}]\", \"author\": 2, \"service\": 8, \"team_members\": [{\"pk\": 3, \"sort_order\": 0, \"page\": 36, \"member\": 1}, {\"pk\": 4, \"sort_order\": 1, \"page\": 36, \"member\": 2}], \"project_partners\": [{\"pk\": 3, \"sort_order\": 0, \"page\": 36, \"partner\": 7}, {\"pk\": 4, \"sort_order\": 1, \"page\": 36, \"partner\": 8}], \"carousel_items\": [{\"pk\": 3, \"sort_order\": 0, \"image\": 28, \"description\": \"This is a test, here is an image of wwf\", \"page\": 36}, {\"pk\": 4, \"sort_order\": 1, \"image\": 3, \"description\": \"Big projects have global impact\", \"page\": 36}, {\"pk\": null, \"sort_order\": 2, \"image\": 2, \"description\": \"Nice vegetables to talk about agriculture\", \"page\": 36}], \"project_resources\": [{\"pk\": 4, \"sort_order\": 0, \"page\": 36, \"resource\": 11}, {\"pk\": 5, \"sort_order\": 1, \"page\": 36, \"resource\": 1}, {\"pk\": 6, \"sort_order\": 2, \"page\": 36, \"resource\": 25}]}',NULL,36,NULL),(71,0,'2019-06-26 12:47:23.746705','{\"pk\": 34, \"path\": \"0001000100010006\", \"depth\": 4, \"numchild\": 2, \"title\": \"Projects\", \"draft_title\": \"Projects\", \"slug\": \"projects\", \"content_type\": 54, \"live\": true, \"has_unpublished_changes\": false, \"url_path\": \"/home/except/projects/\", \"owner\": 1, \"seo_title\": \"\", \"show_in_menus\": false, \"search_description\": \"\", \"go_live_at\": null, \"expire_at\": null, \"expired\": false, \"locked\": false, \"first_published_at\": \"2019-06-24T15:05:03.610Z\", \"last_published_at\": \"2019-06-24T15:05:03.610Z\", \"latest_revision_created_at\": \"2019-06-24T15:05:03.561Z\", \"live_revision\": 61, \"hero_image\": \"hero-projects.jpg\", \"navbar_transparent\": true, \"navbar_inverted\": false, \"hero_title\": \"Projects\", \"hero_subtitle\": null, \"intro\": \"\", \"carousel_items\": [{\"pk\": null, \"sort_order\": 0, \"page\": 34, \"project\": 35}, {\"pk\": null, \"sort_order\": 1, \"page\": 34, \"project\": 36}]}',NULL,34,NULL),(72,0,'2019-06-26 12:56:48.611459','{\"pk\": 36, \"path\": \"00010001000100060002\", \"depth\": 5, \"numchild\": 0, \"title\": \"Except | Catalytic Buildings White Paper\", \"draft_title\": \"Except | Catalytic Buildings White Paper\", \"slug\": \"except-catalytic-buildings-white-paper\", \"content_type\": 55, \"live\": true, \"has_unpublished_changes\": false, \"url_path\": \"/home/except/projects/except-catalytic-buildings-white-paper/\", \"owner\": 1, \"seo_title\": \"\", \"show_in_menus\": false, \"search_description\": \"\", \"go_live_at\": null, \"expire_at\": null, \"expired\": false, \"locked\": false, \"first_published_at\": \"2019-06-25T12:22:56.661Z\", \"last_published_at\": \"2019-06-26T10:44:19.533Z\", \"latest_revision_created_at\": \"2019-06-26T10:44:19.402Z\", \"live_revision\": 70, \"hero_image\": \"hero-news_u2MW62R.jpg\", \"hero_title\": \"Catalytic Buildings White Paper\", \"hero_subtitle\": \"Tuning into the Construction Sector\'s \\\"Music Of Tomorrow\\\"\", \"date_published\": \"2019-06-25\", \"summary\": \"This is an awesome project.\", \"intro\": \"Duis eu dolor ac sapien malesuada ultricies at eu purus. Nulla facilisi. Class aptent taciti sociosqu ad litora torquent per conubia nostra, per inceptos himenaeos. In sed lorem semper, elementum magna eget, tempus nunc. Nam ornare aliquet odio, a commodo ante cursus sed. Pellentesque in quam a libero elementum hendrerit. Duis varius rhoncus est, vel cursus lacus volutpat at.\", \"navbar_transparent\": true, \"navbar_inverted\": false, \"body\": \"[{\\\"type\\\": \\\"heading_block\\\", \\\"value\\\": {\\\"heading_text\\\": \\\"Its Journey towards Sustainability\\\", \\\"size\\\": \\\"h3\\\"}, \\\"id\\\": \\\"6cae25dd-f164-464c-9f47-1c035b3ec95d\\\"}, {\\\"type\\\": \\\"paragraph_block\\\", \\\"value\\\": {\\\"text\\\": \\\"<p>Lorem ipsum dolor sit amet, consectetur adipiscing elit. Nullam accumsan vitae tellus a eleifend. Quisque risus urna, commodo nec pulvinar eu, bibendum consequat lacus. Pellentesque quis ante eget risus dictum laoreet. Aliquam convallis metus eget facilisis commodo. Nunc eu mauris dapibus, tempus augue in, posuere metus. Vivamus a sapien lectus. In auctor, magna in luctus convallis, dolor ex imperdiet arcu, at suscipit risus dolor vel purus. Aliquam eu felis eu justo bibendum semper. Integer eget dignissim justo. Duis sodales ullamcorper ante, id iaculis diam pharetra in. Quisque ornare justo lorem, sit amet porttitor elit porta nec. Cras in sapien eu massa maximus bibendum. Mauris tincidunt augue vel nibh congue, id placerat lacus tristique. Vestibulum tempor, orci nec interdum dignissim, ipsum sapien tempor est, et varius orci erat non erat. Class aptent taciti sociosqu ad litora torquent per conubia nostra, per inceptos himenaeos. Ut eu magna quam.</p>\\\"}, \\\"id\\\": \\\"e5f20e64-6ab3-4a6e-bb96-367eff08ddeb\\\"}, {\\\"type\\\": \\\"image_block\\\", \\\"value\\\": {\\\"image\\\": 28, \\\"caption\\\": \\\"Big projects have global impact\\\", \\\"attribution\\\": \\\"\\\"}, \\\"id\\\": \\\"ea86c213-7361-42f4-a946-55930b5eec69\\\"}, {\\\"type\\\": \\\"paragraph_block\\\", \\\"value\\\": {\\\"text\\\": \\\"<p>Proin vel tempus nulla. Fusce vitae nunc felis. Pellentesque eu elit eu libero dignissim aliquam. Suspendisse venenatis lectus vitae dui ultricies eleifend vel in ante. Nullam dolor justo, laoreet vel vehicula eget, viverra vel risus. Quisque faucibus arcu eget blandit elementum. Fusce congue finibus ligula, vel vehicula lacus efficitur vel.</p>\\\"}, \\\"id\\\": \\\"6a242d99-2cea-4d99-9a20-0b8adbc08dcd\\\"}, {\\\"type\\\": \\\"paragraph_block\\\", \\\"value\\\": {\\\"text\\\": \\\"<p>Proin vel tempus nulla. Fusce vitae nunc felis. Pellentesque eu elit eu libero dignissim aliquam. Suspendisse venenatis lectus vitae dui ultricies eleifend vel in ante. Nullam dolor justo, laoreet vel vehicula eget, viverra vel risus. Quisque faucibus arcu eget blandit elementum. Fusce congue finibus ligula, vel vehicula lacus efficitur vel.</p>\\\"}, \\\"id\\\": \\\"f561f7ca-92ec-4ddb-9a76-87cea7f8d292\\\"}]\", \"author\": 2, \"service\": 8, \"team_members\": [{\"pk\": 3, \"sort_order\": 0, \"page\": 36, \"member\": 1}, {\"pk\": 4, \"sort_order\": 1, \"page\": 36, \"member\": 2}], \"project_partners\": [{\"pk\": 3, \"sort_order\": 0, \"page\": 36, \"partner\": 7}, {\"pk\": 4, \"sort_order\": 1, \"page\": 36, \"partner\": 8}], \"carousel_items\": [{\"pk\": 3, \"sort_order\": 0, \"image\": 28, \"description\": \"This is a test, here is an image of wwf\", \"page\": 36}, {\"pk\": 4, \"sort_order\": 1, \"image\": 3, \"description\": \"Big projects have global impact\", \"page\": 36}, {\"pk\": 5, \"sort_order\": 2, \"image\": 2, \"description\": \"Nice vegetables to talk about agriculture\", \"page\": 36}], \"project_resources\": [{\"pk\": 4, \"sort_order\": 0, \"page\": 36, \"resource\": 11}, {\"pk\": 5, \"sort_order\": 1, \"page\": 36, \"resource\": 1}, {\"pk\": 6, \"sort_order\": 2, \"page\": 36, \"resource\": 25}]}',NULL,36,NULL),(73,0,'2019-06-26 12:57:13.009597','{\"pk\": 35, \"path\": \"00010001000100060001\", \"depth\": 5, \"numchild\": 0, \"title\": \"Project title even if it\'s long\", \"draft_title\": \"Project title even if it\'s long\", \"slug\": \"project-title-even-if-its-long\", \"content_type\": 55, \"live\": true, \"has_unpublished_changes\": false, \"url_path\": \"/home/except/projects/project-title-even-if-its-long/\", \"owner\": 1, \"seo_title\": \"\", \"show_in_menus\": false, \"search_description\": \"\", \"go_live_at\": null, \"expire_at\": null, \"expired\": false, \"locked\": false, \"first_published_at\": \"2019-06-24T15:07:35.296Z\", \"last_published_at\": \"2019-06-25T12:02:25.583Z\", \"latest_revision_created_at\": \"2019-06-25T12:02:25.502Z\", \"live_revision\": 65, \"hero_image\": \"hero-project_DVFQAbO.jpg\", \"hero_title\": \"Project title even if it\'s long\", \"hero_subtitle\": \"Project subtitle\", \"date_published\": \"2019-06-24\", \"summary\": \"This project has a global impact.\", \"intro\": \"Quisque pulvinar enim id tincidunt scelerisque. Vestibulum venenatis facilisis urna a placerat. Integer facilisis neque ut augue viverra porttitor. Sed eleifend tincidunt congue. In vestibulum consequat neque. Nam finibus turpis non diam blandit, sit amet facilisis enim imperdiet. Sed ut purus vitae arcu suscipit pharetra. Etiam pretium lorem ac aliquet lobortis. Nunc dui arcu, posuere eget lorem sed, dignissim sagittis urna. Nullam non tellus eros.\", \"navbar_transparent\": true, \"navbar_inverted\": false, \"body\": \"[{\\\"type\\\": \\\"paragraph_block\\\", \\\"value\\\": {\\\"text\\\": \\\"<p>test</p>\\\"}, \\\"id\\\": \\\"31d7ccd9-8edd-4144-9f7a-a07ed0dc04bc\\\"}]\", \"author\": 2, \"service\": 8, \"team_members\": [{\"pk\": 1, \"sort_order\": 0, \"page\": 35, \"member\": 1}, {\"pk\": 2, \"sort_order\": 1, \"page\": 35, \"member\": 2}], \"project_partners\": [{\"pk\": 1, \"sort_order\": 0, \"page\": 35, \"partner\": 7}, {\"pk\": 2, \"sort_order\": 1, \"page\": 35, \"partner\": 8}], \"carousel_items\": [{\"pk\": 1, \"sort_order\": 0, \"image\": 27, \"description\": \"This is a test, here is an image of wwf\", \"page\": 35}, {\"pk\": 2, \"sort_order\": 1, \"image\": 28, \"description\": \"Big projects have global impact\", \"page\": 35}], \"project_resources\": [{\"pk\": 1, \"sort_order\": 0, \"page\": 35, \"resource\": 3}, {\"pk\": 2, \"sort_order\": 1, \"page\": 35, \"resource\": 2}, {\"pk\": 3, \"sort_order\": 2, \"page\": 35, \"resource\": 2}]}',NULL,35,NULL),(74,0,'2019-06-26 13:15:17.417696','{\"pk\": 35, \"path\": \"00010001000100060001\", \"depth\": 5, \"numchild\": 0, \"title\": \"Project title even if it\'s long\", \"draft_title\": \"Project title even if it\'s long\", \"slug\": \"project-title-even-if-its-long\", \"content_type\": 55, \"live\": true, \"has_unpublished_changes\": false, \"url_path\": \"/home/except/projects/project-title-even-if-its-long/\", \"owner\": 1, \"seo_title\": \"\", \"show_in_menus\": false, \"search_description\": \"\", \"go_live_at\": null, \"expire_at\": null, \"expired\": false, \"locked\": false, \"first_published_at\": \"2019-06-24T15:07:35.296Z\", \"last_published_at\": \"2019-06-26T12:57:13.092Z\", \"latest_revision_created_at\": \"2019-06-26T12:57:13.009Z\", \"live_revision\": 73, \"hero_image\": \"hero-project_DVFQAbO.jpg\", \"hero_title\": \"Project title even if it\'s long\", \"hero_subtitle\": \"Project subtitle\", \"date_published\": \"2019-06-24\", \"summary\": \"This project has a global impact. This project has a global impact. This project has a global impact. This project has a global impact. This project has a global impact.\", \"intro\": \"Quisque pulvinar enim id tincidunt scelerisque. Vestibulum venenatis facilisis urna a placerat. Integer facilisis neque ut augue viverra porttitor. Sed eleifend tincidunt congue. In vestibulum consequat neque. Nam finibus turpis non diam blandit, sit amet facilisis enim imperdiet. Sed ut purus vitae arcu suscipit pharetra. Etiam pretium lorem ac aliquet lobortis. Nunc dui arcu, posuere eget lorem sed, dignissim sagittis urna. Nullam non tellus eros.\", \"navbar_transparent\": true, \"navbar_inverted\": false, \"body\": \"[{\\\"type\\\": \\\"paragraph_block\\\", \\\"value\\\": {\\\"text\\\": \\\"<p>test</p>\\\"}, \\\"id\\\": \\\"31d7ccd9-8edd-4144-9f7a-a07ed0dc04bc\\\"}]\", \"author\": 2, \"service\": 8, \"team_members\": [{\"pk\": 1, \"sort_order\": 0, \"page\": 35, \"member\": 1}, {\"pk\": 2, \"sort_order\": 1, \"page\": 35, \"member\": 2}], \"project_partners\": [{\"pk\": 1, \"sort_order\": 0, \"page\": 35, \"partner\": 7}, {\"pk\": 2, \"sort_order\": 1, \"page\": 35, \"partner\": 8}], \"carousel_items\": [{\"pk\": 1, \"sort_order\": 0, \"image\": 27, \"description\": \"This is a test, here is an image of wwf\", \"page\": 35}, {\"pk\": 2, \"sort_order\": 1, \"image\": 28, \"description\": \"Big projects have global impact\", \"page\": 35}], \"project_resources\": [{\"pk\": 1, \"sort_order\": 0, \"page\": 35, \"resource\": 3}, {\"pk\": 2, \"sort_order\": 1, \"page\": 35, \"resource\": 2}, {\"pk\": 3, \"sort_order\": 2, \"page\": 35, \"resource\": 2}]}',NULL,35,NULL),(75,0,'2019-06-26 15:17:07.552940','{\"pk\": 37, \"path\": \"00010001000100030001\", \"depth\": 5, \"numchild\": 0, \"title\": \"Alexandre Fradet\", \"draft_title\": \"Alexandre Fradet\", \"slug\": \"alexandre-fradet\", \"content_type\": 61, \"live\": true, \"has_unpublished_changes\": false, \"url_path\": \"/home/except/people/alexandre-fradet/\", \"owner\": 2, \"seo_title\": \"\", \"show_in_menus\": false, \"search_description\": \"\", \"go_live_at\": null, \"expire_at\": null, \"expired\": false, \"locked\": false, \"first_published_at\": null, \"last_published_at\": null, \"latest_revision_created_at\": null, \"live_revision\": null, \"person\": 2}',NULL,37,2),(76,0,'2019-06-26 15:17:27.414553','{\"pk\": 38, \"path\": \"00010001000100030002\", \"depth\": 5, \"numchild\": 0, \"title\": \"Josephn Simpson\", \"draft_title\": \"Josephn Simpson\", \"slug\": \"josephn-simpson\", \"content_type\": 61, \"live\": false, \"has_unpublished_changes\": false, \"url_path\": \"/home/except/people/josephn-simpson/\", \"owner\": 2, \"seo_title\": \"\", \"show_in_menus\": false, \"search_description\": \"\", \"go_live_at\": null, \"expire_at\": null, \"expired\": false, \"locked\": false, \"first_published_at\": null, \"last_published_at\": null, \"latest_revision_created_at\": null, \"live_revision\": null, \"person\": 3}',NULL,38,2),(77,0,'2019-06-26 15:17:32.420467','{\"pk\": 38, \"path\": \"00010001000100030002\", \"depth\": 5, \"numchild\": 0, \"title\": \"Josephn Simpson\", \"draft_title\": \"Josephn Simpson\", \"slug\": \"josephn-simpson\", \"content_type\": 61, \"live\": false, \"has_unpublished_changes\": true, \"url_path\": \"/home/except/people/josephn-simpson/\", \"owner\": 2, \"seo_title\": \"\", \"show_in_menus\": false, \"search_description\": \"\", \"go_live_at\": null, \"expire_at\": null, \"expired\": false, \"locked\": false, \"first_published_at\": null, \"last_published_at\": null, \"latest_revision_created_at\": \"2019-06-26T15:17:27.414Z\", \"live_revision\": null, \"person\": 3}',NULL,38,2),(78,0,'2019-06-26 15:17:49.400313','{\"pk\": 39, \"path\": \"00010001000100030003\", \"depth\": 5, \"numchild\": 0, \"title\": \"Mattia Micciche\", \"draft_title\": \"Mattia Micciche\", \"slug\": \"mattia-micciche\", \"content_type\": 61, \"live\": true, \"has_unpublished_changes\": false, \"url_path\": \"/home/except/people/mattia-micciche/\", \"owner\": 2, \"seo_title\": \"\", \"show_in_menus\": false, \"search_description\": \"\", \"go_live_at\": null, \"expire_at\": null, \"expired\": false, \"locked\": false, \"first_published_at\": null, \"last_published_at\": null, \"latest_revision_created_at\": null, \"live_revision\": null, \"person\": 4}',NULL,39,2),(79,0,'2019-06-26 15:17:57.295656','{\"pk\": 38, \"path\": \"00010001000100030002\", \"depth\": 5, \"numchild\": 0, \"title\": \"Joseph Simpson\", \"draft_title\": \"Josephn Simpson\", \"slug\": \"josephn-simpson\", \"content_type\": 61, \"live\": true, \"has_unpublished_changes\": false, \"url_path\": \"/home/except/people/josephn-simpson/\", \"owner\": 2, \"seo_title\": \"\", \"show_in_menus\": false, \"search_description\": \"\", \"go_live_at\": null, \"expire_at\": null, \"expired\": false, \"locked\": false, \"first_published_at\": \"2019-06-26T15:17:32.465Z\", \"last_published_at\": \"2019-06-26T15:17:32.465Z\", \"latest_revision_created_at\": \"2019-06-26T15:17:32.420Z\", \"live_revision\": 77, \"person\": 3}',NULL,38,2),(80,0,'2019-06-27 08:43:00.701855','{\"pk\": 31, \"path\": \"000100010001000500010002\", \"depth\": 6, \"numchild\": 0, \"title\": \"Except | Natural Capital & new innovation strategies\", \"draft_title\": \"Except | Natural Capital & new innovation strategies\", \"slug\": \"except-natural-capital-new-innovation-strategies\", \"content_type\": 14, \"live\": true, \"has_unpublished_changes\": false, \"url_path\": \"/home/except/news/except-articles-folder/except-natural-capital-new-innovation-strategies/\", \"owner\": null, \"seo_title\": \"\", \"show_in_menus\": false, \"search_description\": \"\", \"go_live_at\": null, \"expire_at\": null, \"expired\": false, \"locked\": false, \"first_published_at\": \"2019-06-19T16:04:34.345Z\", \"last_published_at\": \"2019-06-19T16:04:34.345Z\", \"latest_revision_created_at\": \"2019-06-19T16:04:34.314Z\", \"live_revision\": 54, \"hero_image\": \"hero-news_97sLv79.jpg\", \"hero_title\": \"Natural Capital & new innovation strategies\", \"hero_subtitle\": \"Tuning into the Construction Sector\'s \\\"Music Of Tomorrow\\\"\", \"date_published\": \"2019-06-19\", \"intro\": \"Nullam a eros lobortis, ornare tellus vel, placerat erat. Donec sit amet libero sit amet sapien vulputate porta vel sit amet massa. Cras id magna et erat cursus tincidunt tincidunt cursus tellus. Phasellus non urna eget nibh laoreet ultricies vitae eget turpis. Pellentesque libero turpis, volutpat nec tincidunt in, blandit in sem. Nulla facilisi. Etiam fringilla sagittis nunc. Curabitur posuere mauris orci, a consequat elit dictum vitae.\", \"navbar_transparent\": true, \"navbar_inverted\": false, \"body\": \"[{\\\"type\\\": \\\"paragraph_block\\\", \\\"value\\\": {\\\"text\\\": \\\"<p>Lorem ipsum dolor sit amet, consectetur adipiscing elit. Mauris sem neque, auctor nec scelerisque ut, vehicula sit amet leo. Proin a sollicitudin arcu. Nunc tincidunt enim odio, at auctor felis euismod nec. Vestibulum tellus mauris, commodo ut ex sit amet, volutpat venenatis turpis. Quisque at tortor nunc. Phasellus eget nisi sit amet ligula gravida aliquet id id diam. In posuere in dui nec hendrerit. Fusce congue ante laoreet pharetra sollicitudin. Sed vehicula ipsum nec turpis faucibus, ut finibus metus feugiat. Vestibulum at augue interdum, hendrerit felis eu, feugiat ligula. Nam elementum pellentesque mattis. Aliquam dapibus, quam eget aliquam sollicitudin, risus nisi tempor sem, in iaculis nulla sapien non diam. Duis ullamcorper aliquet leo, non faucibus justo dignissim sit amet. Suspendisse id pellentesque lectus.</p>\\\"}, \\\"id\\\": \\\"646f4fcd-5deb-4f48-8418-5231251bba6e\\\"}, {\\\"type\\\": \\\"paragraph_block\\\", \\\"value\\\": {\\\"text\\\": \\\"<p>Vivamus ac magna fermentum, lobortis ligula id, fermentum diam. Nam sed magna aliquet, sagittis odio ac, consectetur felis. In vulputate leo nec lectus laoreet, id consequat sapien aliquet. Vivamus malesuada diam vel ante rutrum efficitur. In sed sapien maximus, auctor eros at, aliquam nisi. Mauris non felis et justo pellentesque tincidunt. Praesent sodales condimentum massa, vitae auctor elit rhoncus quis. Nam dignissim, risus suscipit feugiat commodo, velit magna congue elit, eu vestibulum nibh nibh sit amet nisi. Vestibulum ante ipsum primis in faucibus orci luctus et ultrices posuere cubilia Curae;</p>\\\"}, \\\"id\\\": \\\"9d64005c-8163-4a72-ac0e-f967d3d92878\\\"}, {\\\"type\\\": \\\"paragraph_block\\\", \\\"value\\\": {\\\"text\\\": \\\"<p>Donec sem lacus, luctus ac risus vitae, posuere pretium nisl. Sed congue pellentesque urna vitae sodales. Suspendisse pretium sagittis felis, non varius lorem egestas id. Proin a tellus sagittis, congue ligula non, condimentum justo. Vestibulum volutpat mollis quam, at lacinia lorem facilisis in. Cras lobortis imperdiet sodales. Aenean a quam elementum, varius eros a, vulputate quam. Nulla feugiat dui quis sollicitudin sollicitudin. Proin ut vulputate ipsum. Nullam posuere commodo velit, a tincidunt enim convallis sed. Fusce ut maximus tellus, in vulputate mauris. Maecenas commodo velit mi, quis faucibus mi cursus et.</p>\\\"}, \\\"id\\\": \\\"b2b05406-6d38-4e40-b63b-ffe252a9e8c0\\\"}]\", \"author\": 2, \"service\": 8}',NULL,31,2),(81,0,'2019-06-27 08:43:11.159955','{\"pk\": 19, \"path\": \"000100010001000500010001\", \"depth\": 6, \"numchild\": 0, \"title\": \"Except | Catalytic Buildings White Paper\", \"draft_title\": \"Except | Catalytic Buildings White Paper\", \"slug\": \"except-catalytic-buildings-white-paper\", \"content_type\": 14, \"live\": true, \"has_unpublished_changes\": false, \"url_path\": \"/home/except/news/except-articles-folder/except-catalytic-buildings-white-paper/\", \"owner\": null, \"seo_title\": \"\", \"show_in_menus\": false, \"search_description\": \"\", \"go_live_at\": null, \"expire_at\": null, \"expired\": false, \"locked\": false, \"first_published_at\": \"2019-06-19T14:51:27.495Z\", \"last_published_at\": \"2019-06-19T14:51:27.495Z\", \"latest_revision_created_at\": \"2019-06-19T14:51:27.462Z\", \"live_revision\": 38, \"hero_image\": \"hero-news_GCFzbxA.jpg\", \"hero_title\": \"Catalytic Buildings White Paper\", \"hero_subtitle\": \"Tuning into the Construction Sector\'s \\\"Music Of Tomorrow\\\"\", \"date_published\": \"2019-06-19\", \"intro\": \"Nullam a eros lobortis, ornare tellus vel, placerat erat. Donec sit amet libero sit amet sapien vulputate porta vel sit amet massa. Cras id magna et erat cursus tincidunt tincidunt cursus tellus. Phasellus non urna eget nibh laoreet ultricies vitae eget turpis. Pellentesque libero turpis, volutpat nec tincidunt in, blandit in sem. Nulla facilisi. Etiam fringilla sagittis nunc. Curabitur posuere mauris orci, a consequat elit dictum vitae.\", \"navbar_transparent\": true, \"navbar_inverted\": false, \"body\": \"[{\\\"type\\\": \\\"paragraph_block\\\", \\\"value\\\": {\\\"text\\\": \\\"<p>Lorem ipsum dolor sit amet, consectetur adipiscing elit. Mauris sem neque, auctor nec scelerisque ut, vehicula sit amet leo. Proin a sollicitudin arcu. Nunc tincidunt enim odio, at auctor felis euismod nec. Vestibulum tellus mauris, commodo ut ex sit amet, volutpat venenatis turpis. Quisque at tortor nunc. Phasellus eget nisi sit amet ligula gravida aliquet id id diam. In posuere in dui nec hendrerit. Fusce congue ante laoreet pharetra sollicitudin. Sed vehicula ipsum nec turpis faucibus, ut finibus metus feugiat. Vestibulum at augue interdum, hendrerit felis eu, feugiat ligula. Nam elementum pellentesque mattis. Aliquam dapibus, quam eget aliquam sollicitudin, risus nisi tempor sem, in iaculis nulla sapien non diam. Duis ullamcorper aliquet leo, non faucibus justo dignissim sit amet. Suspendisse id pellentesque lectus.</p>\\\"}, \\\"id\\\": \\\"a0e003f2-628c-4d25-9642-ed4a1f9db6f8\\\"}, {\\\"type\\\": \\\"paragraph_block\\\", \\\"value\\\": {\\\"text\\\": \\\"<p>Vivamus ac magna fermentum, lobortis ligula id, fermentum diam. Nam sed magna aliquet, sagittis odio ac, consectetur felis. In vulputate leo nec lectus laoreet, id consequat sapien aliquet. Vivamus malesuada diam vel ante rutrum efficitur. In sed sapien maximus, auctor eros at, aliquam nisi. Mauris non felis et justo pellentesque tincidunt. Praesent sodales condimentum massa, vitae auctor elit rhoncus quis. Nam dignissim, risus suscipit feugiat commodo, velit magna congue elit, eu vestibulum nibh nibh sit amet nisi. Vestibulum ante ipsum primis in faucibus orci luctus et ultrices posuere cubilia Curae;</p>\\\"}, \\\"id\\\": \\\"2cc037df-6f34-4223-a19d-d2ec690e1627\\\"}]\", \"author\": 2, \"service\": 8}',NULL,19,2),(82,0,'2019-06-27 08:43:21.986317','{\"pk\": 31, \"path\": \"000100010001000500010002\", \"depth\": 6, \"numchild\": 0, \"title\": \"Except | Natural Capital & new innovation strategies\", \"draft_title\": \"Except | Natural Capital & new innovation strategies\", \"slug\": \"except-natural-capital-new-innovation-strategies\", \"content_type\": 14, \"live\": true, \"has_unpublished_changes\": false, \"url_path\": \"/home/except/news/except-articles-folder/except-natural-capital-new-innovation-strategies/\", \"owner\": null, \"seo_title\": \"\", \"show_in_menus\": false, \"search_description\": \"\", \"go_live_at\": null, \"expire_at\": null, \"expired\": false, \"locked\": false, \"first_published_at\": \"2019-06-19T16:04:34.345Z\", \"last_published_at\": \"2019-06-27T08:43:00.772Z\", \"latest_revision_created_at\": \"2019-06-27T08:43:00.701Z\", \"live_revision\": 80, \"hero_image\": \"hero-news_97sLv79.jpg\", \"hero_title\": \"Natural Capital & new innovation strategies\", \"hero_subtitle\": \"Tuning into the Construction Sector\'s \\\"Music Of Tomorrow\\\"\", \"date_published\": \"2019-06-19\", \"intro\": \"Nullam a eros lobortis, ornare tellus vel, placerat erat. Donec sit amet libero sit amet sapien vulputate porta vel sit amet massa. Cras id magna et erat cursus tincidunt tincidunt cursus tellus. Phasellus non urna eget nibh laoreet ultricies vitae eget turpis. Pellentesque libero turpis, volutpat nec tincidunt in, blandit in sem. Nulla facilisi. Etiam fringilla sagittis nunc. Curabitur posuere mauris orci, a consequat elit dictum vitae.\", \"navbar_transparent\": true, \"navbar_inverted\": false, \"body\": \"[{\\\"type\\\": \\\"paragraph_block\\\", \\\"value\\\": {\\\"text\\\": \\\"<p>Lorem ipsum dolor sit amet, consectetur adipiscing elit. Mauris sem neque, auctor nec scelerisque ut, vehicula sit amet leo. Proin a sollicitudin arcu. Nunc tincidunt enim odio, at auctor felis euismod nec. Vestibulum tellus mauris, commodo ut ex sit amet, volutpat venenatis turpis. Quisque at tortor nunc. Phasellus eget nisi sit amet ligula gravida aliquet id id diam. In posuere in dui nec hendrerit. Fusce congue ante laoreet pharetra sollicitudin. Sed vehicula ipsum nec turpis faucibus, ut finibus metus feugiat. Vestibulum at augue interdum, hendrerit felis eu, feugiat ligula. Nam elementum pellentesque mattis. Aliquam dapibus, quam eget aliquam sollicitudin, risus nisi tempor sem, in iaculis nulla sapien non diam. Duis ullamcorper aliquet leo, non faucibus justo dignissim sit amet. Suspendisse id pellentesque lectus.</p>\\\"}, \\\"id\\\": \\\"646f4fcd-5deb-4f48-8418-5231251bba6e\\\"}, {\\\"type\\\": \\\"paragraph_block\\\", \\\"value\\\": {\\\"text\\\": \\\"<p>Vivamus ac magna fermentum, lobortis ligula id, fermentum diam. Nam sed magna aliquet, sagittis odio ac, consectetur felis. In vulputate leo nec lectus laoreet, id consequat sapien aliquet. Vivamus malesuada diam vel ante rutrum efficitur. In sed sapien maximus, auctor eros at, aliquam nisi. Mauris non felis et justo pellentesque tincidunt. Praesent sodales condimentum massa, vitae auctor elit rhoncus quis. Nam dignissim, risus suscipit feugiat commodo, velit magna congue elit, eu vestibulum nibh nibh sit amet nisi. Vestibulum ante ipsum primis in faucibus orci luctus et ultrices posuere cubilia Curae;</p>\\\"}, \\\"id\\\": \\\"9d64005c-8163-4a72-ac0e-f967d3d92878\\\"}, {\\\"type\\\": \\\"paragraph_block\\\", \\\"value\\\": {\\\"text\\\": \\\"<p>Donec sem lacus, luctus ac risus vitae, posuere pretium nisl. Sed congue pellentesque urna vitae sodales. Suspendisse pretium sagittis felis, non varius lorem egestas id. Proin a tellus sagittis, congue ligula non, condimentum justo. Vestibulum volutpat mollis quam, at lacinia lorem facilisis in. Cras lobortis imperdiet sodales. Aenean a quam elementum, varius eros a, vulputate quam. Nulla feugiat dui quis sollicitudin sollicitudin. Proin ut vulputate ipsum. Nullam posuere commodo velit, a tincidunt enim convallis sed. Fusce ut maximus tellus, in vulputate mauris. Maecenas commodo velit mi, quis faucibus mi cursus et.</p>\\\"}, \\\"id\\\": \\\"b2b05406-6d38-4e40-b63b-ffe252a9e8c0\\\"}]\", \"author\": 2, \"service\": 8}',NULL,31,2),(83,0,'2019-06-27 08:47:56.656525','{\"pk\": 35, \"path\": \"00010001000100060001\", \"depth\": 5, \"numchild\": 0, \"title\": \"Project title even if it\'s long\", \"draft_title\": \"Project title even if it\'s long\", \"slug\": \"project-title-even-if-its-long\", \"content_type\": 55, \"live\": true, \"has_unpublished_changes\": false, \"url_path\": \"/home/except/projects/project-title-even-if-its-long/\", \"owner\": null, \"seo_title\": \"\", \"show_in_menus\": false, \"search_description\": \"\", \"go_live_at\": null, \"expire_at\": null, \"expired\": false, \"locked\": false, \"first_published_at\": \"2019-06-24T15:07:35.296Z\", \"last_published_at\": \"2019-06-26T13:15:17.515Z\", \"latest_revision_created_at\": \"2019-06-26T13:15:17.417Z\", \"live_revision\": 74, \"hero_image\": \"hero-project_DVFQAbO.jpg\", \"hero_title\": \"Project title even if it\'s long\", \"hero_subtitle\": \"Project subtitle\", \"date_published\": \"2019-06-24\", \"summary\": \"This project has a global impact. This project has a global impact. This project has a global impact. This project has a global impact. This project has a global impact.\", \"intro\": \"Quisque pulvinar enim id tincidunt scelerisque. Vestibulum venenatis facilisis urna a placerat. Integer facilisis neque ut augue viverra porttitor. Sed eleifend tincidunt congue. In vestibulum consequat neque. Nam finibus turpis non diam blandit, sit amet facilisis enim imperdiet. Sed ut purus vitae arcu suscipit pharetra. Etiam pretium lorem ac aliquet lobortis. Nunc dui arcu, posuere eget lorem sed, dignissim sagittis urna. Nullam non tellus eros.\", \"navbar_transparent\": true, \"navbar_inverted\": false, \"body\": \"[{\\\"type\\\": \\\"paragraph_block\\\", \\\"value\\\": {\\\"text\\\": \\\"<p>test</p>\\\"}, \\\"id\\\": \\\"31d7ccd9-8edd-4144-9f7a-a07ed0dc04bc\\\"}]\", \"author\": 2, \"service\": 8, \"team_members\": [{\"pk\": 1, \"sort_order\": 0, \"page\": 35, \"member\": 4}, {\"pk\": 2, \"sort_order\": 1, \"page\": 35, \"member\": 2}], \"project_partners\": [{\"pk\": 1, \"sort_order\": 0, \"page\": 35, \"partner\": 7}, {\"pk\": 2, \"sort_order\": 1, \"page\": 35, \"partner\": 8}], \"carousel_items\": [{\"pk\": 1, \"sort_order\": 0, \"image\": 27, \"description\": \"This is a test, here is an image of wwf\", \"page\": 35}, {\"pk\": 2, \"sort_order\": 1, \"image\": 28, \"description\": \"Big projects have global impact\", \"page\": 35}], \"project_resources\": [{\"pk\": 1, \"sort_order\": 0, \"page\": 35, \"resource\": 3}, {\"pk\": 2, \"sort_order\": 1, \"page\": 35, \"resource\": 2}, {\"pk\": 3, \"sort_order\": 2, \"page\": 35, \"resource\": 2}]}',NULL,35,2),(84,0,'2019-06-27 08:48:06.356934','{\"pk\": 36, \"path\": \"00010001000100060002\", \"depth\": 5, \"numchild\": 0, \"title\": \"Except | Catalytic Buildings White Paper\", \"draft_title\": \"Except | Catalytic Buildings White Paper\", \"slug\": \"except-catalytic-buildings-white-paper\", \"content_type\": 55, \"live\": true, \"has_unpublished_changes\": false, \"url_path\": \"/home/except/projects/except-catalytic-buildings-white-paper/\", \"owner\": null, \"seo_title\": \"\", \"show_in_menus\": false, \"search_description\": \"\", \"go_live_at\": null, \"expire_at\": null, \"expired\": false, \"locked\": false, \"first_published_at\": \"2019-06-25T12:22:56.661Z\", \"last_published_at\": \"2019-06-26T12:56:48.728Z\", \"latest_revision_created_at\": \"2019-06-26T12:56:48.611Z\", \"live_revision\": 72, \"hero_image\": \"hero-news_u2MW62R.jpg\", \"hero_title\": \"Catalytic Buildings White Paper\", \"hero_subtitle\": \"Tuning into the Construction Sector\'s \\\"Music Of Tomorrow\\\"\", \"date_published\": \"2019-06-25\", \"summary\": \"This is an awesome project.\", \"intro\": \"Duis eu dolor ac sapien malesuada ultricies at eu purus. Nulla facilisi. Class aptent taciti sociosqu ad litora torquent per conubia nostra, per inceptos himenaeos. In sed lorem semper, elementum magna eget, tempus nunc. Nam ornare aliquet odio, a commodo ante cursus sed. Pellentesque in quam a libero elementum hendrerit. Duis varius rhoncus est, vel cursus lacus volutpat at.\", \"navbar_transparent\": true, \"navbar_inverted\": false, \"body\": \"[{\\\"type\\\": \\\"heading_block\\\", \\\"value\\\": {\\\"heading_text\\\": \\\"Its Journey towards Sustainability\\\", \\\"size\\\": \\\"h3\\\"}, \\\"id\\\": \\\"6cae25dd-f164-464c-9f47-1c035b3ec95d\\\"}, {\\\"type\\\": \\\"paragraph_block\\\", \\\"value\\\": {\\\"text\\\": \\\"<p>Lorem ipsum dolor sit amet, consectetur adipiscing elit. Nullam accumsan vitae tellus a eleifend. Quisque risus urna, commodo nec pulvinar eu, bibendum consequat lacus. Pellentesque quis ante eget risus dictum laoreet. Aliquam convallis metus eget facilisis commodo. Nunc eu mauris dapibus, tempus augue in, posuere metus. Vivamus a sapien lectus. In auctor, magna in luctus convallis, dolor ex imperdiet arcu, at suscipit risus dolor vel purus. Aliquam eu felis eu justo bibendum semper. Integer eget dignissim justo. Duis sodales ullamcorper ante, id iaculis diam pharetra in. Quisque ornare justo lorem, sit amet porttitor elit porta nec. Cras in sapien eu massa maximus bibendum. Mauris tincidunt augue vel nibh congue, id placerat lacus tristique. Vestibulum tempor, orci nec interdum dignissim, ipsum sapien tempor est, et varius orci erat non erat. Class aptent taciti sociosqu ad litora torquent per conubia nostra, per inceptos himenaeos. Ut eu magna quam.</p>\\\"}, \\\"id\\\": \\\"e5f20e64-6ab3-4a6e-bb96-367eff08ddeb\\\"}, {\\\"type\\\": \\\"image_block\\\", \\\"value\\\": {\\\"image\\\": 28, \\\"caption\\\": \\\"Big projects have global impact\\\", \\\"attribution\\\": \\\"\\\"}, \\\"id\\\": \\\"ea86c213-7361-42f4-a946-55930b5eec69\\\"}, {\\\"type\\\": \\\"paragraph_block\\\", \\\"value\\\": {\\\"text\\\": \\\"<p>Proin vel tempus nulla. Fusce vitae nunc felis. Pellentesque eu elit eu libero dignissim aliquam. Suspendisse venenatis lectus vitae dui ultricies eleifend vel in ante. Nullam dolor justo, laoreet vel vehicula eget, viverra vel risus. Quisque faucibus arcu eget blandit elementum. Fusce congue finibus ligula, vel vehicula lacus efficitur vel.</p>\\\"}, \\\"id\\\": \\\"6a242d99-2cea-4d99-9a20-0b8adbc08dcd\\\"}, {\\\"type\\\": \\\"paragraph_block\\\", \\\"value\\\": {\\\"text\\\": \\\"<p>Proin vel tempus nulla. Fusce vitae nunc felis. Pellentesque eu elit eu libero dignissim aliquam. Suspendisse venenatis lectus vitae dui ultricies eleifend vel in ante. Nullam dolor justo, laoreet vel vehicula eget, viverra vel risus. Quisque faucibus arcu eget blandit elementum. Fusce congue finibus ligula, vel vehicula lacus efficitur vel.</p>\\\"}, \\\"id\\\": \\\"f561f7ca-92ec-4ddb-9a76-87cea7f8d292\\\"}]\", \"author\": 2, \"service\": 8, \"team_members\": [{\"pk\": 3, \"sort_order\": 0, \"page\": 36, \"member\": 4}, {\"pk\": 4, \"sort_order\": 1, \"page\": 36, \"member\": 2}], \"project_partners\": [{\"pk\": 3, \"sort_order\": 0, \"page\": 36, \"partner\": 7}, {\"pk\": 4, \"sort_order\": 1, \"page\": 36, \"partner\": 8}], \"carousel_items\": [{\"pk\": 3, \"sort_order\": 0, \"image\": 28, \"description\": \"This is a test, here is an image of wwf\", \"page\": 36}, {\"pk\": 4, \"sort_order\": 1, \"image\": 3, \"description\": \"Big projects have global impact\", \"page\": 36}, {\"pk\": 5, \"sort_order\": 2, \"image\": 2, \"description\": \"Nice vegetables to talk about agriculture\", \"page\": 36}], \"project_resources\": [{\"pk\": 4, \"sort_order\": 0, \"page\": 36, \"resource\": 11}, {\"pk\": 5, \"sort_order\": 1, \"page\": 36, \"resource\": 1}, {\"pk\": 6, \"sort_order\": 2, \"page\": 36, \"resource\": 25}]}',NULL,36,2),(85,0,'2019-06-27 08:48:30.355413','{\"pk\": 31, \"path\": \"000100010001000500010002\", \"depth\": 6, \"numchild\": 0, \"title\": \"Except | Natural Capital & new innovation strategies\", \"draft_title\": \"Except | Natural Capital & new innovation strategies\", \"slug\": \"except-natural-capital-new-innovation-strategies\", \"content_type\": 14, \"live\": true, \"has_unpublished_changes\": false, \"url_path\": \"/home/except/news/except-articles-folder/except-natural-capital-new-innovation-strategies/\", \"owner\": null, \"seo_title\": \"\", \"show_in_menus\": false, \"search_description\": \"\", \"go_live_at\": null, \"expire_at\": null, \"expired\": false, \"locked\": false, \"first_published_at\": \"2019-06-19T16:04:34.345Z\", \"last_published_at\": \"2019-06-27T08:43:22.068Z\", \"latest_revision_created_at\": \"2019-06-27T08:43:21.986Z\", \"live_revision\": 82, \"hero_image\": \"hero-news_97sLv79.jpg\", \"hero_title\": \"Natural Capital & new innovation strategies\", \"hero_subtitle\": \"Tuning into the Construction Sector\'s \\\"Music Of Tomorrow\\\"\", \"date_published\": \"2019-06-19\", \"intro\": \"Nullam a eros lobortis, ornare tellus vel, placerat erat. Donec sit amet libero sit amet sapien vulputate porta vel sit amet massa. Cras id magna et erat cursus tincidunt tincidunt cursus tellus. Phasellus non urna eget nibh laoreet ultricies vitae eget turpis. Pellentesque libero turpis, volutpat nec tincidunt in, blandit in sem. Nulla facilisi. Etiam fringilla sagittis nunc. Curabitur posuere mauris orci, a consequat elit dictum vitae.\", \"navbar_transparent\": true, \"navbar_inverted\": false, \"body\": \"[{\\\"type\\\": \\\"paragraph_block\\\", \\\"value\\\": {\\\"text\\\": \\\"<p>Lorem ipsum dolor sit amet, consectetur adipiscing elit. Mauris sem neque, auctor nec scelerisque ut, vehicula sit amet leo. Proin a sollicitudin arcu. Nunc tincidunt enim odio, at auctor felis euismod nec. Vestibulum tellus mauris, commodo ut ex sit amet, volutpat venenatis turpis. Quisque at tortor nunc. Phasellus eget nisi sit amet ligula gravida aliquet id id diam. In posuere in dui nec hendrerit. Fusce congue ante laoreet pharetra sollicitudin. Sed vehicula ipsum nec turpis faucibus, ut finibus metus feugiat. Vestibulum at augue interdum, hendrerit felis eu, feugiat ligula. Nam elementum pellentesque mattis. Aliquam dapibus, quam eget aliquam sollicitudin, risus nisi tempor sem, in iaculis nulla sapien non diam. Duis ullamcorper aliquet leo, non faucibus justo dignissim sit amet. Suspendisse id pellentesque lectus.</p>\\\"}, \\\"id\\\": \\\"646f4fcd-5deb-4f48-8418-5231251bba6e\\\"}, {\\\"type\\\": \\\"paragraph_block\\\", \\\"value\\\": {\\\"text\\\": \\\"<p>Vivamus ac magna fermentum, lobortis ligula id, fermentum diam. Nam sed magna aliquet, sagittis odio ac, consectetur felis. In vulputate leo nec lectus laoreet, id consequat sapien aliquet. Vivamus malesuada diam vel ante rutrum efficitur. In sed sapien maximus, auctor eros at, aliquam nisi. Mauris non felis et justo pellentesque tincidunt. Praesent sodales condimentum massa, vitae auctor elit rhoncus quis. Nam dignissim, risus suscipit feugiat commodo, velit magna congue elit, eu vestibulum nibh nibh sit amet nisi. Vestibulum ante ipsum primis in faucibus orci luctus et ultrices posuere cubilia Curae;</p>\\\"}, \\\"id\\\": \\\"9d64005c-8163-4a72-ac0e-f967d3d92878\\\"}, {\\\"type\\\": \\\"paragraph_block\\\", \\\"value\\\": {\\\"text\\\": \\\"<p>Donec sem lacus, luctus ac risus vitae, posuere pretium nisl. Sed congue pellentesque urna vitae sodales. Suspendisse pretium sagittis felis, non varius lorem egestas id. Proin a tellus sagittis, congue ligula non, condimentum justo. Vestibulum volutpat mollis quam, at lacinia lorem facilisis in. Cras lobortis imperdiet sodales. Aenean a quam elementum, varius eros a, vulputate quam. Nulla feugiat dui quis sollicitudin sollicitudin. Proin ut vulputate ipsum. Nullam posuere commodo velit, a tincidunt enim convallis sed. Fusce ut maximus tellus, in vulputate mauris. Maecenas commodo velit mi, quis faucibus mi cursus et.</p>\\\"}, \\\"id\\\": \\\"b2b05406-6d38-4e40-b63b-ffe252a9e8c0\\\"}]\", \"author\": 4, \"service\": 8}',NULL,31,2),(86,0,'2019-06-27 08:58:03.275870','{\"pk\": 6, \"path\": \"000100010001\", \"depth\": 3, \"numchild\": 6, \"title\": \"Except\", \"draft_title\": \"Except\", \"slug\": \"except\", \"content_type\": 51, \"live\": true, \"has_unpublished_changes\": false, \"url_path\": \"/home/except/\", \"owner\": null, \"seo_title\": \"\", \"show_in_menus\": true, \"search_description\": \"\", \"go_live_at\": null, \"expire_at\": null, \"expired\": false, \"locked\": false, \"first_published_at\": \"2019-06-19T12:34:24.441Z\", \"last_published_at\": \"2019-06-19T15:11:55.579Z\", \"latest_revision_created_at\": \"2019-06-19T15:11:55.504Z\", \"live_revision\": 41, \"hero_image\": \"hero-home_U7sCtSb.jpg\", \"navbar_inverted\": true, \"navbar_transparent\": true, \"hero_title\": \"We make new futures possible\", \"hero_subtitle\": \"Leading sustainability consultants & designers\", \"intro\": \"Etiam elementum condimentum massa quis rutrum. Pellentesque sit amet risus imperdiet, vehicula libero tempor, rhoncus augue. Vivamus vulputate aliquet magna vel tempus. Mauris laoreet at justo sit amet feugiat. Cras quis augue nec sapien mollis dapibus. Pellentesque enim mauris, consequat in lorem id, facilisis condimentum libero. Nam ac sapien posuere, ornare dui nec, cursus purus. Fusce sit amet orci massa. Nam lacinia mauris ac auctor eleifend. Cras commodo, nisi mattis vehicula tempus, metus ante finibus orci, in eleifend eros ipsum eu enim. Curabitur et arcu eu velit egestas varius. Aenean molestie varius ultricies. Ut eget dignissim mi, consequat tristique metus. Integer convallis ullamcorper condimentum. In scelerisque nulla eget quam suscipit finibus. In metus libero, suscipit in maximus sit amet, gravida ac dui.\", \"services_image\": \"working-area-photo_vccwrKC.png\", \"carousel_items\": [{\"pk\": 1, \"sort_order\": 0, \"image\": 4, \"link_page\": null, \"title\": \"Except Sid Methodology\", \"caption\": \"Except Sid Methodology\", \"link_title\": \"Sid website\", \"page\": 6, \"scaling\": \"fit\"}, {\"pk\": 2, \"sort_order\": 1, \"image\": 28, \"link_page\": null, \"title\": \"Achieving global impact\", \"caption\": \"Our team of experts shares their experience and passion since 1999 in more than 500 projects worldwide, for over 200 partners.\", \"link_title\": \"View our projects\", \"page\": 6, \"scaling\": \"fill\"}, {\"pk\": 3, \"sort_order\": 2, \"image\": 3, \"link_page\": 19, \"title\": \"Catalytic building\", \"caption\": \"Catalytic building\", \"link_title\": \"Catalytic building\", \"page\": 6, \"scaling\": \"fill\"}]}',NULL,6,2),(87,0,'2019-06-27 08:58:06.694995','{\"pk\": 6, \"path\": \"000100010001\", \"depth\": 3, \"numchild\": 6, \"title\": \"Except\", \"draft_title\": \"Except\", \"slug\": \"except\", \"content_type\": 51, \"live\": true, \"has_unpublished_changes\": true, \"url_path\": \"/home/except/\", \"owner\": null, \"seo_title\": \"\", \"show_in_menus\": true, \"search_description\": \"\", \"go_live_at\": null, \"expire_at\": null, \"expired\": false, \"locked\": false, \"first_published_at\": \"2019-06-19T12:34:24.441Z\", \"last_published_at\": \"2019-06-19T15:11:55.579Z\", \"latest_revision_created_at\": \"2019-06-27T08:58:03.275Z\", \"live_revision\": 41, \"hero_image\": \"hero-home_U7sCtSb.jpg\", \"navbar_inverted\": true, \"navbar_transparent\": true, \"hero_title\": \"We make new futures possible\", \"hero_subtitle\": \"Leading sustainability consultants & designers\", \"intro\": \"Etiam elementum condimentum massa quis rutrum. Pellentesque sit amet risus imperdiet, vehicula libero tempor, rhoncus augue. Vivamus vulputate aliquet magna vel tempus. Mauris laoreet at justo sit amet feugiat. Cras quis augue nec sapien mollis dapibus. Pellentesque enim mauris, consequat in lorem id, facilisis condimentum libero. Nam ac sapien posuere, ornare dui nec, cursus purus. Fusce sit amet orci massa. Nam lacinia mauris ac auctor eleifend. Cras commodo, nisi mattis vehicula tempus, metus ante finibus orci, in eleifend eros ipsum eu enim. Curabitur et arcu eu velit egestas varius. Aenean molestie varius ultricies. Ut eget dignissim mi, consequat tristique metus. Integer convallis ullamcorper condimentum. In scelerisque nulla eget quam suscipit finibus. In metus libero, suscipit in maximus sit amet, gravida ac dui.\", \"services_image\": \"working-area-photo_vccwrKC.png\", \"carousel_items\": [{\"pk\": 1, \"sort_order\": 0, \"image\": 4, \"link_page\": null, \"title\": \"Except Sid Methodology\", \"caption\": \"Except Sid Methodology\", \"link_title\": \"Sid website\", \"page\": null, \"scaling\": \"fit\"}, {\"pk\": 2, \"sort_order\": 1, \"image\": 28, \"link_page\": null, \"title\": \"Achieving global impact\", \"caption\": \"Our team of experts shares their experience and passion since 1999 in more than 500 projects worldwide, for over 200 partners.\", \"link_title\": \"View our projects\", \"page\": null, \"scaling\": \"fill\"}, {\"pk\": 3, \"sort_order\": 2, \"image\": 3, \"link_page\": 19, \"title\": \"Catalytic building\", \"caption\": \"Catalytic building\", \"link_title\": \"Catalytic building\", \"page\": null, \"scaling\": \"fill\"}]}',NULL,6,2),(88,0,'2019-06-27 08:58:18.515091','{\"pk\": 34, \"path\": \"0001000100010006\", \"depth\": 4, \"numchild\": 2, \"title\": \"Projects\", \"draft_title\": \"Projects\", \"slug\": \"projects\", \"content_type\": 54, \"live\": true, \"has_unpublished_changes\": false, \"url_path\": \"/home/except/projects/\", \"owner\": null, \"seo_title\": \"\", \"show_in_menus\": true, \"search_description\": \"\", \"go_live_at\": null, \"expire_at\": null, \"expired\": false, \"locked\": false, \"first_published_at\": \"2019-06-24T15:05:03.610Z\", \"last_published_at\": \"2019-06-26T12:47:23.817Z\", \"latest_revision_created_at\": \"2019-06-26T12:47:23.746Z\", \"live_revision\": 71, \"hero_image\": \"hero-projects.jpg\", \"navbar_transparent\": true, \"navbar_inverted\": false, \"hero_title\": \"Projects\", \"hero_subtitle\": null, \"intro\": \"\", \"carousel_items\": [{\"pk\": 1, \"sort_order\": 0, \"page\": 34, \"project\": 35}, {\"pk\": 2, \"sort_order\": 1, \"page\": 34, \"project\": 36}]}',NULL,34,2),(89,0,'2019-06-27 08:58:31.443130','{\"pk\": 12, \"path\": \"0001000100010002\", \"depth\": 4, \"numchild\": 0, \"title\": \"About\", \"draft_title\": \"About\", \"slug\": \"about\", \"content_type\": 9, \"live\": true, \"has_unpublished_changes\": false, \"url_path\": \"/home/except/about/\", \"owner\": null, \"seo_title\": \"\", \"show_in_menus\": true, \"search_description\": \"\", \"go_live_at\": null, \"expire_at\": null, \"expired\": false, \"locked\": false, \"first_published_at\": \"2019-06-19T14:31:29.356Z\", \"last_published_at\": \"2019-06-24T15:00:03.727Z\", \"latest_revision_created_at\": \"2019-06-24T15:00:03.588Z\", \"live_revision\": 60, \"hero_image\": \"hero-about_YDaQjqj.jpg\", \"hero_title\": \"Our Profile\", \"hero_subtitle\": \"Leading sustainability consultants & designers\", \"except_introduction\": \"Maecenas eu nibh dignissim, lobortis enim malesuada, pellentesque ex. Nullam scelerisque placerat nisl, sed fringilla orci accumsan sit amet. Phasellus vitae quam sem. Mauris elementum neque id lacus elementum pulvinar. Curabitur facilisis auctor ligula, vitae malesuada nunc congue sed. Fusce scelerisque euismod elit eget iaculis. Aliquam eu pellentesque tellus. Nullam in turpis vel tortor consectetur imperdiet ac eu dui. Donec pulvinar rutrum ex non ornare. Morbi maximus gravida ullamcorper. Nullam aliquam aliquet mattis. In at urna sagittis libero placerat accumsan. Integer viverra ac metus faucibus hendrerit. Curabitur odio mi, auctor ac sem in, hendrerit lobortis lorem.\", \"team_introduction\": \"<p>Ut est nulla, feugiat a augue at, pretium tempor nunc. Mauris ac lectus eu augue laoreet commodo. Curabitur vitae mi id massa varius efficitur at in arcu. Aliquam tempor arcu quis ipsum convallis, id facilisis eros posuere. Aenean vitae lobortis tortor, non dapibus massa. Morbi viverra, velit non iaculis ornare, dui nibh varius purus, eget vestibulum urna nibh quis orci. Praesent quis libero eu libero viverra hendrerit in eget erat. Praesent a purus non elit blandit hendrerit.</p>\", \"collaboration_introduction\": \"<p>Ut est nulla, feugiat a augue at, pretium tempor nunc. Mauris ac lectus eu augue laoreet commodo. Curabitur vitae mi id massa varius efficitur at in arcu. Aliquam tempor arcu quis ipsum convallis, id facilisis eros posuere. Aenean vitae lobortis tortor, non dapibus massa. Morbi viverra, velit non iaculis ornare, dui nibh varius purus, eget vestibulum urna nibh quis orci. Praesent quis libero eu libero viverra hendrerit in eget erat. Praesent a purus non elit blandit hendrerit.</p>\", \"navbar_transparent\": true, \"navbar_inverted\": true, \"quotes\": [{\"pk\": 1, \"sort_order\": 0, \"company\": \"IUCN Interim manager Leaders for Nature\", \"caption\": \"<p>Ut est nulla, feugiat a augue at, pretium tempor nunc. Mauris ac lectus eu augue laoreet commodo. Curabitur vitae mi id massa varius efficitur at in arcu. Aliquam tempor arcu quis ipsum convallis, id facilisis eros posuere. Aenean vitae lobortis tortor, non dapibus massa.</p>\", \"name\": \"Miriam van Gool\", \"page\": 12}, {\"pk\": 2, \"sort_order\": 1, \"company\": \"IUCN Interim manager Leaders for Nature\", \"caption\": \"<p>Ut est nulla, feugiat a augue at, pretium tempor nunc. Mauris ac lectus eu augue laoreet commodo. Curabitur vitae mi id massa varius efficitur at in arcu. Aliquam tempor arcu quis ipsum convallis, id facilisis eros posuere. Aenean vitae lobortis tortor, non dapibus massa.</p>\", \"name\": \"Miriam van Gool\", \"page\": 12}]}',NULL,12,2),(90,0,'2019-06-27 08:58:44.921902','{\"pk\": 15, \"path\": \"0001000100010005\", \"depth\": 4, \"numchild\": 2, \"title\": \"News\", \"draft_title\": \"News\", \"slug\": \"news\", \"content_type\": 15, \"live\": true, \"has_unpublished_changes\": false, \"url_path\": \"/home/except/news/\", \"owner\": null, \"seo_title\": \"\", \"show_in_menus\": true, \"search_description\": \"\", \"go_live_at\": null, \"expire_at\": null, \"expired\": false, \"locked\": false, \"first_published_at\": \"2019-06-19T14:38:20.986Z\", \"last_published_at\": \"2019-06-19T14:38:20.986Z\", \"latest_revision_created_at\": \"2019-06-19T14:38:20.958Z\", \"live_revision\": 33, \"hero_image\": \"hero-news_vIkIIGp.jpg\", \"navbar_transparent\": true, \"navbar_inverted\": false, \"hero_title\": \"News\", \"hero_subtitle\": \"An overview of all the news items we have posted over the years\"}',NULL,15,2),(91,0,'2019-06-27 08:59:00.566871','{\"pk\": 14, \"path\": \"0001000100010004\", \"depth\": 4, \"numchild\": 0, \"title\": \"Knowledge\", \"draft_title\": \"Knowledge\", \"slug\": \"knowledge\", \"content_type\": 21, \"live\": true, \"has_unpublished_changes\": false, \"url_path\": \"/home/except/knowledge/\", \"owner\": null, \"seo_title\": \"\", \"show_in_menus\": true, \"search_description\": \"\", \"go_live_at\": null, \"expire_at\": null, \"expired\": false, \"locked\": false, \"first_published_at\": \"2019-06-19T14:33:49.186Z\", \"last_published_at\": \"2019-06-19T14:34:48.043Z\", \"latest_revision_created_at\": \"2019-06-19T14:34:48.004Z\", \"live_revision\": 32, \"hero_image\": \"global-graphic_KqDNG21.png\", \"navbar_inverted\": true, \"navbar_transparent\": true, \"hero_title\": \"Knowledge\", \"hero_subtitle\": null, \"intro\": \"Maecenas eu nibh dignissim, lobortis enim malesuada, pellentesque ex. Nullam scelerisque placerat nisl, sed fringilla orci accumsan sit amet. Phasellus vitae quam sem. Mauris elementum neque id lacus elementum pulvinar. Curabitur facilisis auctor ligula, vitae malesuada nunc congue sed. Fusce scelerisque euismod elit eget iaculis. Aliquam eu pellentesque tellus. Nullam in turpis vel tortor consectetur imperdiet ac eu dui. Donec pulvinar rutrum ex non ornare. Morbi maximus gravida ullamcorper. Nullam aliquam aliquet mattis. In at urna sagittis libero placerat accumsan. Integer viverra ac metus faucibus hendrerit. Curabitur odio mi, auctor ac sem in, hendrerit lobortis lorem.\", \"carousel_items\": [{\"pk\": 1, \"sort_order\": 0, \"page\": 14, \"scaling\": \"fill\", \"resource\": 3}, {\"pk\": 2, \"sort_order\": 1, \"page\": 14, \"scaling\": \"fill\", \"resource\": 2}, {\"pk\": 3, \"sort_order\": 2, \"page\": 14, \"scaling\": \"fill\", \"resource\": 1}]}',NULL,14,2),(92,0,'2019-06-27 08:59:12.811643','{\"pk\": 13, \"path\": \"0001000100010003\", \"depth\": 4, \"numchild\": 3, \"title\": \"People\", \"draft_title\": \"People\", \"slug\": \"people\", \"content_type\": 13, \"live\": true, \"has_unpublished_changes\": false, \"url_path\": \"/home/except/people/\", \"owner\": null, \"seo_title\": \"\", \"show_in_menus\": true, \"search_description\": \"\", \"go_live_at\": null, \"expire_at\": null, \"expired\": false, \"locked\": false, \"first_published_at\": \"2019-06-19T14:32:39.169Z\", \"last_published_at\": \"2019-06-19T14:32:39.169Z\", \"latest_revision_created_at\": \"2019-06-19T14:32:39.146Z\", \"live_revision\": 30, \"hero_image\": \"hero-people_B5Vanqe.jpg\", \"hero_title\": \"Our team\", \"hero_subtitle\": \"Leading sustainability consultants & designers\", \"description_title\": \"Meet the team\", \"intro\": \"Ut est nulla, feugiat a augue at, pretium tempor nunc. Mauris ac lectus eu augue laoreet commodo. Curabitur vitae mi id massa varius efficitur at in arcu. Aliquam tempor arcu quis ipsum convallis, id facilisis eros posuere. Aenean vitae lobortis tortor, non dapibus massa. Morbi viverra, velit non iaculis ornare, dui nibh varius purus, eget vestibulum urna nibh quis orci. Praesent quis libero eu libero viverra hendrerit in eget erat. Praesent a purus non elit blandit hendrerit.\", \"description\": \"Maecenas eu nibh dignissim, lobortis enim malesuada, pellentesque ex. Nullam scelerisque placerat nisl, sed fringilla orci accumsan sit amet. Phasellus vitae quam sem. Mauris elementum neque id lacus elementum pulvinar. Curabitur facilisis auctor ligula, vitae malesuada nunc congue sed. Fusce scelerisque euismod elit eget iaculis. Aliquam eu pellentesque tellus. Nullam in turpis vel tortor consectetur imperdiet ac eu dui. Donec pulvinar rutrum ex non ornare. Morbi maximus gravida ullamcorper. Nullam aliquam aliquet mattis. In at urna sagittis libero placerat accumsan. Integer viverra ac metus faucibus hendrerit. Curabitur odio mi, auctor ac sem in, hendrerit lobortis lorem.\", \"navbar_transparent\": true, \"navbar_inverted\": true}',NULL,13,2),(93,0,'2019-06-27 08:59:24.835115','{\"pk\": 7, \"path\": \"0001000100010001\", \"depth\": 4, \"numchild\": 4, \"title\": \"Services\", \"draft_title\": \"Services\", \"slug\": \"services\", \"content_type\": 49, \"live\": true, \"has_unpublished_changes\": false, \"url_path\": \"/home/except/services/\", \"owner\": null, \"seo_title\": \"\", \"show_in_menus\": true, \"search_description\": \"\", \"go_live_at\": null, \"expire_at\": null, \"expired\": false, \"locked\": false, \"first_published_at\": \"2019-06-19T12:50:03.949Z\", \"last_published_at\": \"2019-06-19T13:21:40.809Z\", \"latest_revision_created_at\": \"2019-06-19T13:21:40.760Z\", \"live_revision\": 28, \"hero_image\": \"hero-services.jpg\", \"navbar_transparent\": true, \"navbar_inverted\": true, \"hero_title\": \"Services\", \"hero_subtitle\": null, \"expertise_background\": \"services-bg.jpg\", \"expertises\": [{\"pk\": 1, \"sort_order\": 0, \"image\": \"industry-icon_CSavcaF.png\", \"title\": \"test1\", \"page\": 7}, {\"pk\": 2, \"sort_order\": 1, \"image\": \"organizations-icon_KujavYa.png\", \"title\": \"test2\", \"page\": 7}, {\"pk\": 3, \"sort_order\": 2, \"image\": \"places-icon_YENcFiN.png\", \"title\": \"test3\", \"page\": 7}, {\"pk\": 4, \"sort_order\": 3, \"image\": \"training-icon_YwYjybl.png\", \"title\": \"test4\", \"page\": 7}, {\"pk\": 5, \"sort_order\": 4, \"image\": \"places-icon_Tzv9UWm.png\", \"title\": \"test5\", \"page\": 7}, {\"pk\": 6, \"sort_order\": 5, \"image\": \"industry-icon_QtdnklL.png\", \"title\": \"test6\", \"page\": 7}]}',NULL,7,2),(94,0,'2019-06-27 15:12:53.784640','{\"pk\": 40, \"path\": \"00010001000100060003\", \"depth\": 5, \"numchild\": 0, \"title\": \"Except | Awesome project\", \"draft_title\": \"Except | Awesome project\", \"slug\": \"except-awesome-project\", \"content_type\": 55, \"live\": true, \"has_unpublished_changes\": false, \"url_path\": \"/home/except/projects/except-awesome-project/\", \"owner\": 2, \"seo_title\": \"\", \"show_in_menus\": false, \"search_description\": \"\", \"go_live_at\": null, \"expire_at\": null, \"expired\": false, \"locked\": false, \"first_published_at\": null, \"last_published_at\": null, \"latest_revision_created_at\": null, \"live_revision\": null, \"hero_image\": \"global-graphic_Yzlh4Ju.png\", \"hero_title\": \"Awesome project\", \"hero_subtitle\": \"Have a big impact\", \"date_published\": \"2016-06-07\", \"summary\": \"This project has a global impact.\", \"intro\": \"Lorem ipsum dolor sit amet, consectetur adipiscing elit. Etiam in fringilla sapien. Duis vitae dui neque. Mauris et lorem sit amet sapien interdum semper id vitae quam. In hac habitasse platea dictumst. Donec congue in mi non pharetra. Cras est lectus, tincidunt a magna eget, gravida ornare arcu. Phasellus vitae dictum enim, id condimentum nunc. Pellentesque diam diam, semper sed condimentum in, faucibus in eros. Donec velit nunc, viverra nec tellus ac, condimentum aliquam diam. Vestibulum cursus ut orci ac efficitur. Maecenas non neque et magna vulputate malesuada ac nec ex. Suspendisse risus elit, dapibus sit amet dapibus et, iaculis ac lorem. Integer eu dui posuere, cursus nibh ac, convallis mi. Vivamus eu condimentum turpis, et blandit augue. Duis tincidunt dictum dui, in elementum enim auctor et.\", \"navbar_transparent\": true, \"navbar_inverted\": false, \"body\": \"[{\\\"type\\\": \\\"heading_block\\\", \\\"value\\\": {\\\"heading_text\\\": \\\"First section\\\", \\\"size\\\": \\\"h2\\\"}, \\\"id\\\": \\\"2331f024-ede5-4456-a81f-22fc7226b4e5\\\"}, {\\\"type\\\": \\\"paragraph_block\\\", \\\"value\\\": {\\\"text\\\": \\\"<p>Maecenas egestas blandit nisi, eget accumsan enim malesuada vel. Aenean sit amet lobortis mauris. In quis odio et nunc mollis rutrum. Cras sollicitudin cursus odio eu cursus. Etiam felis turpis, euismod eu interdum a, consectetur ut libero. Praesent suscipit a massa non rutrum. Sed hendrerit turpis elit, eget aliquam ante egestas vel.</p>\\\"}, \\\"id\\\": \\\"621a12a4-0cc1-42ee-affd-35732fdd2420\\\"}, {\\\"type\\\": \\\"image_block\\\", \\\"value\\\": {\\\"image\\\": 28, \\\"caption\\\": \\\"Again the same picture.\\\", \\\"attribution\\\": \\\"\\\"}, \\\"id\\\": \\\"27020852-f113-48ed-97b5-327a953fbe25\\\"}, {\\\"type\\\": \\\"paragraph_block\\\", \\\"value\\\": {\\\"text\\\": \\\"<p>Sed sed iaculis massa. Vestibulum vestibulum turpis in pharetra varius. Donec rutrum diam arcu, et pharetra purus auctor sed. Etiam fermentum efficitur magna ac scelerisque. Mauris gravida libero arcu. Phasellus vulputate, urna eget molestie fermentum, orci ipsum ultricies nibh, laoreet varius risus quam fringilla nulla. Interdum et malesuada fames ac ante ipsum primis in faucibus. Nam maximus sed lectus vitae viverra. Suspendisse purus enim, aliquet vel volutpat id, pharetra nec nunc. Nullam nibh est, luctus et ante eu, scelerisque bibendum sapien. In nibh ipsum, pretium vel tellus a, tristique vestibulum mauris.</p>\\\"}, \\\"id\\\": \\\"8dd8295e-bcd4-4ad4-95dc-c6107e3a55f1\\\"}, {\\\"type\\\": \\\"paragraph_block\\\", \\\"value\\\": {\\\"text\\\": \\\"<p>Lorem ipsum dolor sit amet, consectetur adipiscing elit. Etiam in fringilla sapien. Duis vitae dui neque. Mauris et lorem sit amet sapien interdum semper id vitae quam. In hac habitasse platea dictumst. Donec congue in mi non pharetra. Cras est lectus, tincidunt a magna eget, gravida ornare arcu. Phasellus vitae dictum enim, id condimentum nunc. Pellentesque diam diam, semper sed condimentum in, faucibus in eros. Donec velit nunc, viverra nec tellus ac, condimentum aliquam diam. Vestibulum cursus ut orci ac efficitur. Maecenas non neque et magna vulputate malesuada ac nec ex. Suspendisse risus elit, dapibus sit amet dapibus et, iaculis ac lorem. Integer eu dui posuere, cursus nibh ac, convallis mi. Vivamus eu condimentum turpis, et blandit augue. Duis tincidunt dictum dui, in elementum enim auctor et.</p>\\\"}, \\\"id\\\": \\\"fea83431-8f1c-41c5-a167-394c141d4a06\\\"}]\", \"author\": 3, \"service\": 9, \"team_members\": [{\"pk\": 5, \"sort_order\": 0, \"page\": 40, \"member\": 4}], \"project_partners\": [{\"pk\": 5, \"sort_order\": 0, \"page\": 40, \"partner\": 7}, {\"pk\": 6, \"sort_order\": 1, \"page\": 40, \"partner\": 8}], \"carousel_items\": [{\"pk\": 6, \"sort_order\": 0, \"image\": 28, \"description\": \"Same picture, just because we can.\", \"page\": 40}, {\"pk\": 7, \"sort_order\": 1, \"image\": 2, \"description\": \"And another one.\", \"page\": 40}], \"project_resources\": [{\"pk\": 7, \"sort_order\": 0, \"page\": 40, \"resource\": 25}, {\"pk\": 8, \"sort_order\": 1, \"page\": 40, \"resource\": 1}, {\"pk\": 9, \"sort_order\": 2, \"page\": 40, \"resource\": 2}]}',NULL,40,2),(95,0,'2019-07-01 08:49:52.642455','{\"pk\": 41, \"path\": \"000100010001000100010001\", \"depth\": 6, \"numchild\": 0, \"title\": \"URBAN RENAISSANCE\", \"draft_title\": \"URBAN RENAISSANCE\", \"slug\": \"urban-renaissance\", \"content_type\": 53, \"live\": true, \"has_unpublished_changes\": false, \"url_path\": \"/home/except/services/places-cities-buildings/urban-renaissance/\", \"owner\": 2, \"seo_title\": \"\", \"show_in_menus\": false, \"search_description\": \"\", \"go_live_at\": null, \"expire_at\": null, \"expired\": false, \"locked\": false, \"first_published_at\": null, \"last_published_at\": null, \"latest_revision_created_at\": null, \"live_revision\": null, \"hero_title\": \"URBAN RENAISSANCE\", \"description\": \"A complete analysis, strategy, design and manage- ment service for sustainable cities, neighborhoods and regions\", \"body\": \"[{\\\"type\\\": \\\"paragraph_block\\\", \\\"value\\\": {\\\"text\\\": \\\"<p>test</p>\\\"}, \\\"id\\\": \\\"4db33d1d-a492-484d-b943-6ccad7538abc\\\"}]\"}',NULL,41,2),(96,0,'2019-07-01 08:50:26.912875','{\"pk\": 42, \"path\": \"000100010001000100010002\", \"depth\": 6, \"numchild\": 0, \"title\": \"ISLAND RENAISSANCE\", \"draft_title\": \"ISLAND RENAISSANCE\", \"slug\": \"island-renaissance\", \"content_type\": 53, \"live\": true, \"has_unpublished_changes\": false, \"url_path\": \"/home/except/services/places-cities-buildings/island-renaissance/\", \"owner\": 2, \"seo_title\": \"\", \"show_in_menus\": false, \"search_description\": \"\", \"go_live_at\": null, \"expire_at\": null, \"expired\": false, \"locked\": false, \"first_published_at\": null, \"last_published_at\": null, \"latest_revision_created_at\": null, \"live_revision\": null, \"hero_title\": \"ISLAND RENAISSANCE\", \"description\": \"A complete analysis, strategy, design and manage- ment service for sustainable cities, neighborhoods and regions\", \"body\": \"[{\\\"type\\\": \\\"paragraph_block\\\", \\\"value\\\": {\\\"text\\\": \\\"<p>test</p>\\\"}, \\\"id\\\": \\\"c203aaa0-a02f-4275-a5ce-bb1e8dd63f58\\\"}]\"}',NULL,42,2),(97,0,'2019-07-01 08:50:45.842436','{\"pk\": 43, \"path\": \"000100010001000100010003\", \"depth\": 6, \"numchild\": 0, \"title\": \"SUSTAINABLE ESTATES\", \"draft_title\": \"SUSTAINABLE ESTATES\", \"slug\": \"sustainable-estates\", \"content_type\": 53, \"live\": true, \"has_unpublished_changes\": false, \"url_path\": \"/home/except/services/places-cities-buildings/sustainable-estates/\", \"owner\": 2, \"seo_title\": \"\", \"show_in_menus\": false, \"search_description\": \"\", \"go_live_at\": null, \"expire_at\": null, \"expired\": false, \"locked\": false, \"first_published_at\": null, \"last_published_at\": null, \"latest_revision_created_at\": null, \"live_revision\": null, \"hero_title\": \"SUSTAINABLE ESTATES\", \"description\": \"A complete analysis, strategy, design and manage- ment service for sustainable cities, neighborhoods and regions\", \"body\": \"[{\\\"type\\\": \\\"paragraph_block\\\", \\\"value\\\": {\\\"text\\\": \\\"<p>test</p>\\\"}, \\\"id\\\": \\\"1ab066b8-10e7-470d-8734-c9b0ae126d98\\\"}]\"}',NULL,43,2),(98,0,'2019-07-01 08:51:03.131528','{\"pk\": 44, \"path\": \"000100010001000100010004\", \"depth\": 6, \"numchild\": 0, \"title\": \"INNOVATION COMMUNITIES\", \"draft_title\": \"INNOVATION COMMUNITIES\", \"slug\": \"innovation-communities\", \"content_type\": 53, \"live\": true, \"has_unpublished_changes\": false, \"url_path\": \"/home/except/services/places-cities-buildings/innovation-communities/\", \"owner\": 2, \"seo_title\": \"\", \"show_in_menus\": false, \"search_description\": \"\", \"go_live_at\": null, \"expire_at\": null, \"expired\": false, \"locked\": false, \"first_published_at\": null, \"last_published_at\": null, \"latest_revision_created_at\": null, \"live_revision\": null, \"hero_title\": \"INNOVATION COMMUNITIES\", \"description\": \"A complete analysis, strategy, design and manage- ment service for sustainable cities, neighborhoods and regions\", \"body\": \"[{\\\"type\\\": \\\"paragraph_block\\\", \\\"value\\\": {\\\"text\\\": \\\"<p>test</p>\\\"}, \\\"id\\\": \\\"b4a50780-eb75-41e0-8d18-accde6c6fedb\\\"}]\"}',NULL,44,2),(99,0,'2019-07-01 08:51:41.949430','{\"pk\": 45, \"path\": \"000100010001000100020001\", \"depth\": 6, \"numchild\": 0, \"title\": \"ROUTEMAPS TO SUSTAINABILITY\", \"draft_title\": \"ROUTEMAPS TO SUSTAINABILITY\", \"slug\": \"routemaps-sustainability\", \"content_type\": 53, \"live\": true, \"has_unpublished_changes\": false, \"url_path\": \"/home/except/services/organizations-governance/routemaps-sustainability/\", \"owner\": 2, \"seo_title\": \"\", \"show_in_menus\": false, \"search_description\": \"\", \"go_live_at\": null, \"expire_at\": null, \"expired\": false, \"locked\": false, \"first_published_at\": null, \"last_published_at\": null, \"latest_revision_created_at\": null, \"live_revision\": null, \"hero_title\": \"ROUTEMAPS TO SUSTAINABILITY\", \"description\": \"Supporting organizations develop actionable pathways towards sustainable, profitable, and ethical operations.\", \"body\": \"[{\\\"type\\\": \\\"paragraph_block\\\", \\\"value\\\": {\\\"text\\\": \\\"<p>test</p>\\\"}, \\\"id\\\": \\\"d3a28ae8-0bf7-4481-b737-bb8869fd0789\\\"}]\"}',NULL,45,2),(100,0,'2019-07-01 08:52:05.134326','{\"pk\": 46, \"path\": \"000100010001000100020002\", \"depth\": 6, \"numchild\": 0, \"title\": \"SUSTAINABLE SUPPLY CHAINS\", \"draft_title\": \"SUSTAINABLE SUPPLY CHAINS\", \"slug\": \"sustainable-supply-chains\", \"content_type\": 53, \"live\": true, \"has_unpublished_changes\": false, \"url_path\": \"/home/except/services/organizations-governance/sustainable-supply-chains/\", \"owner\": 2, \"seo_title\": \"\", \"show_in_menus\": false, \"search_description\": \"\", \"go_live_at\": null, \"expire_at\": null, \"expired\": false, \"locked\": false, \"first_published_at\": null, \"last_published_at\": null, \"latest_revision_created_at\": null, \"live_revision\": null, \"hero_title\": \"SUSTAINABLE SUPPLY CHAINS\", \"description\": \"Supporting organizations develop actionable pathways towards sustainable, profitable, and ethical operations.\", \"body\": \"[{\\\"type\\\": \\\"paragraph_block\\\", \\\"value\\\": {\\\"text\\\": \\\"<p>test</p>\\\"}, \\\"id\\\": \\\"0e12bc62-8b4b-4f45-aec8-c7c6d0303642\\\"}]\"}',NULL,46,2),(101,0,'2019-07-01 08:52:36.738012','{\"pk\": 47, \"path\": \"000100010001000100030001\", \"depth\": 6, \"numchild\": 0, \"title\": \"CIRCULAR INDUSTRIES\", \"draft_title\": \"CIRCULAR INDUSTRIES\", \"slug\": \"circular-industries\", \"content_type\": 53, \"live\": true, \"has_unpublished_changes\": false, \"url_path\": \"/home/except/services/industry-sectors/circular-industries/\", \"owner\": 2, \"seo_title\": \"\", \"show_in_menus\": false, \"search_description\": \"\", \"go_live_at\": null, \"expire_at\": null, \"expired\": false, \"locked\": false, \"first_published_at\": null, \"last_published_at\": null, \"latest_revision_created_at\": null, \"live_revision\": null, \"hero_title\": \"CIRCULAR INDUSTRIES\", \"description\": \"Supporting organizations develop actionable pathways towards sustainable, profitable, and ethical operations.\", \"body\": \"[{\\\"type\\\": \\\"paragraph_block\\\", \\\"value\\\": {\\\"text\\\": \\\"<p>test</p>\\\"}, \\\"id\\\": \\\"3563e753-4c33-4bbe-b6aa-c0a012d86e19\\\"}]\"}',NULL,47,2),(102,0,'2019-07-01 08:52:58.262484','{\"pk\": 48, \"path\": \"000100010001000100030002\", \"depth\": 6, \"numchild\": 0, \"title\": \"SUSTAINABLE FOOD SYSTEMS\", \"draft_title\": \"SUSTAINABLE FOOD SYSTEMS\", \"slug\": \"sustainable-food-systems\", \"content_type\": 53, \"live\": true, \"has_unpublished_changes\": false, \"url_path\": \"/home/except/services/industry-sectors/sustainable-food-systems/\", \"owner\": 2, \"seo_title\": \"\", \"show_in_menus\": false, \"search_description\": \"\", \"go_live_at\": null, \"expire_at\": null, \"expired\": false, \"locked\": false, \"first_published_at\": null, \"last_published_at\": null, \"latest_revision_created_at\": null, \"live_revision\": null, \"hero_title\": \"SUSTAINABLE FOOD SYSTEMS\", \"description\": \"Supporting organizations develop actionable pathways towards sustainable, profitable, and ethical operations.\", \"body\": \"[{\\\"type\\\": \\\"paragraph_block\\\", \\\"value\\\": {\\\"text\\\": \\\"<p>test</p>\\\"}, \\\"id\\\": \\\"a630f03d-d01d-44a8-b71e-ae63fd1dbda9\\\"}]\"}',NULL,48,2),(103,0,'2019-07-01 14:46:39.341730','{\"pk\": 40, \"path\": \"00010001000100060003\", \"depth\": 5, \"numchild\": 0, \"title\": \"Except | Awesome project\", \"draft_title\": \"Except | Awesome project\", \"slug\": \"except-awesome-project\", \"content_type\": 55, \"live\": true, \"has_unpublished_changes\": false, \"url_path\": \"/home/except/projects/except-awesome-project/\", \"owner\": 2, \"seo_title\": \"\", \"show_in_menus\": false, \"search_description\": \"\", \"go_live_at\": null, \"expire_at\": null, \"expired\": false, \"locked\": false, \"first_published_at\": \"2019-06-27T15:12:53.880Z\", \"last_published_at\": \"2019-06-27T15:12:53.880Z\", \"latest_revision_created_at\": \"2019-06-27T15:12:53.784Z\", \"live_revision\": 94, \"hero_image\": \"global-graphic_Yzlh4Ju.png\", \"hero_title\": \"Awesome project\", \"hero_subtitle\": \"Have a big impact\", \"date_published\": \"2016-06-07\", \"summary\": \"This project has a global impact.\", \"intro\": \"Lorem ipsum dolor sit amet, consectetur adipiscing elit. Etiam in fringilla sapien. Duis vitae dui neque. Mauris et lorem sit amet sapien interdum semper id vitae quam. In hac habitasse platea dictumst. Donec congue in mi non pharetra. Cras est lectus, tincidunt a magna eget, gravida ornare arcu. Phasellus vitae dictum enim, id condimentum nunc. Pellentesque diam diam, semper sed condimentum in, faucibus in eros. Donec velit nunc, viverra nec tellus ac, condimentum aliquam diam. Vestibulum cursus ut orci ac efficitur. Maecenas non neque et magna vulputate malesuada ac nec ex. Suspendisse risus elit, dapibus sit amet dapibus et, iaculis ac lorem. Integer eu dui posuere, cursus nibh ac, convallis mi. Vivamus eu condimentum turpis, et blandit augue. Duis tincidunt dictum dui, in elementum enim auctor et.\", \"navbar_transparent\": true, \"navbar_inverted\": false, \"body\": \"[{\\\"type\\\": \\\"heading_block\\\", \\\"value\\\": {\\\"heading_text\\\": \\\"First section\\\", \\\"size\\\": \\\"h2\\\"}, \\\"id\\\": \\\"2331f024-ede5-4456-a81f-22fc7226b4e5\\\"}, {\\\"type\\\": \\\"paragraph_block\\\", \\\"value\\\": {\\\"text\\\": \\\"<p>Maecenas egestas blandit nisi, eget accumsan enim malesuada vel. Aenean sit amet lobortis mauris. In quis odio et nunc mollis rutrum. Cras sollicitudin cursus odio eu cursus. Etiam felis turpis, euismod eu interdum a, consectetur ut libero. Praesent suscipit a massa non rutrum. Sed hendrerit turpis elit, eget aliquam ante egestas vel.</p>\\\"}, \\\"id\\\": \\\"621a12a4-0cc1-42ee-affd-35732fdd2420\\\"}, {\\\"type\\\": \\\"image_block\\\", \\\"value\\\": {\\\"image\\\": 28, \\\"caption\\\": \\\"Again the same picture.\\\", \\\"attribution\\\": \\\"\\\"}, \\\"id\\\": \\\"27020852-f113-48ed-97b5-327a953fbe25\\\"}, {\\\"type\\\": \\\"paragraph_block\\\", \\\"value\\\": {\\\"text\\\": \\\"<p>Sed sed iaculis massa. Vestibulum vestibulum turpis in pharetra varius. Donec rutrum diam arcu, et pharetra purus auctor sed. Etiam fermentum efficitur magna ac scelerisque. Mauris gravida libero arcu. Phasellus vulputate, urna eget molestie fermentum, orci ipsum ultricies nibh, laoreet varius risus quam fringilla nulla. Interdum et malesuada fames ac ante ipsum primis in faucibus. Nam maximus sed lectus vitae viverra. Suspendisse purus enim, aliquet vel volutpat id, pharetra nec nunc. Nullam nibh est, luctus et ante eu, scelerisque bibendum sapien. In nibh ipsum, pretium vel tellus a, tristique vestibulum mauris.</p>\\\"}, \\\"id\\\": \\\"8dd8295e-bcd4-4ad4-95dc-c6107e3a55f1\\\"}, {\\\"type\\\": \\\"paragraph_block\\\", \\\"value\\\": {\\\"text\\\": \\\"<p>Lorem ipsum dolor sit amet, consectetur adipiscing elit. Etiam in fringilla sapien. Duis vitae dui neque. Mauris et lorem sit amet sapien interdum semper id vitae quam. In hac habitasse platea dictumst. Donec congue in mi non pharetra. Cras est lectus, tincidunt a magna eget, gravida ornare arcu. Phasellus vitae dictum enim, id condimentum nunc. Pellentesque diam diam, semper sed condimentum in, faucibus in eros. Donec velit nunc, viverra nec tellus ac, condimentum aliquam diam. Vestibulum cursus ut orci ac efficitur. Maecenas non neque et magna vulputate malesuada ac nec ex. Suspendisse risus elit, dapibus sit amet dapibus et, iaculis ac lorem. Integer eu dui posuere, cursus nibh ac, convallis mi. Vivamus eu condimentum turpis, et blandit augue. Duis tincidunt dictum dui, in elementum enim auctor et.</p>\\\"}, \\\"id\\\": \\\"fea83431-8f1c-41c5-a167-394c141d4a06\\\"}, {\\\"type\\\": \\\"block_quote\\\", \\\"value\\\": {\\\"text\\\": \\\"Except is awesome.\\\", \\\"attribute_name\\\": \\\"Alexandre Fradet\\\"}, \\\"id\\\": \\\"2e6ecc92-10fd-4963-96e8-c0cfd5416259\\\"}]\", \"author\": 3, \"service\": 9, \"team_members\": [{\"pk\": 5, \"sort_order\": 0, \"page\": 40, \"member\": 4}], \"project_partners\": [{\"pk\": 5, \"sort_order\": 0, \"page\": 40, \"partner\": 7}, {\"pk\": 6, \"sort_order\": 1, \"page\": 40, \"partner\": 8}], \"carousel_items\": [{\"pk\": 6, \"sort_order\": 0, \"image\": 28, \"description\": \"Same picture, just because we can.\", \"page\": 40}, {\"pk\": 7, \"sort_order\": 1, \"image\": 2, \"description\": \"And another one.\", \"page\": 40}], \"project_resources\": [{\"pk\": 7, \"sort_order\": 0, \"page\": 40, \"resource\": 25}, {\"pk\": 8, \"sort_order\": 1, \"page\": 40, \"resource\": 1}, {\"pk\": 9, \"sort_order\": 2, \"page\": 40, \"resource\": 2}]}',NULL,40,2),(104,0,'2019-07-01 14:49:23.957724','{\"pk\": 40, \"path\": \"00010001000100060003\", \"depth\": 5, \"numchild\": 0, \"title\": \"Except | Awesome project\", \"draft_title\": \"Except | Awesome project\", \"slug\": \"except-awesome-project\", \"content_type\": 55, \"live\": true, \"has_unpublished_changes\": false, \"url_path\": \"/home/except/projects/except-awesome-project/\", \"owner\": 2, \"seo_title\": \"\", \"show_in_menus\": false, \"search_description\": \"\", \"go_live_at\": null, \"expire_at\": null, \"expired\": false, \"locked\": false, \"first_published_at\": \"2019-06-27T15:12:53.880Z\", \"last_published_at\": \"2019-07-01T14:46:39.463Z\", \"latest_revision_created_at\": \"2019-07-01T14:46:39.341Z\", \"live_revision\": 103, \"hero_image\": \"hero-home_ee5KvoA.jpg\", \"hero_title\": \"Awesome project\", \"hero_subtitle\": \"Have a big impact\", \"date_published\": \"2016-06-07\", \"summary\": \"This project has a global impact.\", \"intro\": \"Lorem ipsum dolor sit amet, consectetur adipiscing elit. Etiam in fringilla sapien. Duis vitae dui neque. Mauris et lorem sit amet sapien interdum semper id vitae quam. In hac habitasse platea dictumst. Donec congue in mi non pharetra. Cras est lectus, tincidunt a magna eget, gravida ornare arcu. Phasellus vitae dictum enim, id condimentum nunc. Pellentesque diam diam, semper sed condimentum in, faucibus in eros. Donec velit nunc, viverra nec tellus ac, condimentum aliquam diam. Vestibulum cursus ut orci ac efficitur. Maecenas non neque et magna vulputate malesuada ac nec ex. Suspendisse risus elit, dapibus sit amet dapibus et, iaculis ac lorem. Integer eu dui posuere, cursus nibh ac, convallis mi. Vivamus eu condimentum turpis, et blandit augue. Duis tincidunt dictum dui, in elementum enim auctor et.\", \"navbar_transparent\": true, \"navbar_inverted\": false, \"body\": \"[{\\\"type\\\": \\\"heading_block\\\", \\\"value\\\": {\\\"heading_text\\\": \\\"First section\\\", \\\"size\\\": \\\"h2\\\"}, \\\"id\\\": \\\"2331f024-ede5-4456-a81f-22fc7226b4e5\\\"}, {\\\"type\\\": \\\"paragraph_block\\\", \\\"value\\\": {\\\"text\\\": \\\"<p>Maecenas egestas blandit nisi, eget accumsan enim malesuada vel. Aenean sit amet lobortis mauris. In quis odio et nunc mollis rutrum. Cras sollicitudin cursus odio eu cursus. Etiam felis turpis, euismod eu interdum a, consectetur ut libero. Praesent suscipit a massa non rutrum. Sed hendrerit turpis elit, eget aliquam ante egestas vel.</p>\\\"}, \\\"id\\\": \\\"621a12a4-0cc1-42ee-affd-35732fdd2420\\\"}, {\\\"type\\\": \\\"image_block\\\", \\\"value\\\": {\\\"image\\\": 28, \\\"caption\\\": \\\"Again the same picture.\\\", \\\"attribution\\\": \\\"\\\"}, \\\"id\\\": \\\"27020852-f113-48ed-97b5-327a953fbe25\\\"}, {\\\"type\\\": \\\"paragraph_block\\\", \\\"value\\\": {\\\"text\\\": \\\"<p>Sed sed iaculis massa. Vestibulum vestibulum turpis in pharetra varius. Donec rutrum diam arcu, et pharetra purus auctor sed. Etiam fermentum efficitur magna ac scelerisque. Mauris gravida libero arcu. Phasellus vulputate, urna eget molestie fermentum, orci ipsum ultricies nibh, laoreet varius risus quam fringilla nulla. Interdum et malesuada fames ac ante ipsum primis in faucibus. Nam maximus sed lectus vitae viverra. Suspendisse purus enim, aliquet vel volutpat id, pharetra nec nunc. Nullam nibh est, luctus et ante eu, scelerisque bibendum sapien. In nibh ipsum, pretium vel tellus a, tristique vestibulum mauris.</p>\\\"}, \\\"id\\\": \\\"8dd8295e-bcd4-4ad4-95dc-c6107e3a55f1\\\"}, {\\\"type\\\": \\\"paragraph_block\\\", \\\"value\\\": {\\\"text\\\": \\\"<p>Lorem ipsum dolor sit amet, consectetur adipiscing elit. Etiam in fringilla sapien. Duis vitae dui neque. Mauris et lorem sit amet sapien interdum semper id vitae quam. In hac habitasse platea dictumst. Donec congue in mi non pharetra. Cras est lectus, tincidunt a magna eget, gravida ornare arcu. Phasellus vitae dictum enim, id condimentum nunc. Pellentesque diam diam, semper sed condimentum in, faucibus in eros. Donec velit nunc, viverra nec tellus ac, condimentum aliquam diam. Vestibulum cursus ut orci ac efficitur. Maecenas non neque et magna vulputate malesuada ac nec ex. Suspendisse risus elit, dapibus sit amet dapibus et, iaculis ac lorem. Integer eu dui posuere, cursus nibh ac, convallis mi. Vivamus eu condimentum turpis, et blandit augue. Duis tincidunt dictum dui, in elementum enim auctor et.</p>\\\"}, \\\"id\\\": \\\"fea83431-8f1c-41c5-a167-394c141d4a06\\\"}, {\\\"type\\\": \\\"block_quote\\\", \\\"value\\\": {\\\"text\\\": \\\"Except is awesome.\\\", \\\"attribute_name\\\": \\\"Alexandre Fradet\\\"}, \\\"id\\\": \\\"2e6ecc92-10fd-4963-96e8-c0cfd5416259\\\"}]\", \"author\": 3, \"service\": 9, \"team_members\": [{\"pk\": 5, \"sort_order\": 0, \"page\": 40, \"member\": 4}], \"project_partners\": [{\"pk\": 5, \"sort_order\": 0, \"page\": 40, \"partner\": 7}, {\"pk\": 6, \"sort_order\": 1, \"page\": 40, \"partner\": 8}], \"carousel_items\": [{\"pk\": 6, \"sort_order\": 0, \"image\": 28, \"description\": \"Same picture, just because we can.\", \"page\": 40}, {\"pk\": 7, \"sort_order\": 1, \"image\": 2, \"description\": \"And another one.\", \"page\": 40}], \"project_resources\": [{\"pk\": 7, \"sort_order\": 0, \"page\": 40, \"resource\": 25}, {\"pk\": 8, \"sort_order\": 1, \"page\": 40, \"resource\": 1}, {\"pk\": 9, \"sort_order\": 2, \"page\": 40, \"resource\": 2}]}',NULL,40,2),(105,0,'2019-07-01 14:50:41.708962','{\"pk\": 40, \"path\": \"00010001000100060003\", \"depth\": 5, \"numchild\": 0, \"title\": \"Except | Awesome project\", \"draft_title\": \"Except | Awesome project\", \"slug\": \"except-awesome-project\", \"content_type\": 55, \"live\": true, \"has_unpublished_changes\": true, \"url_path\": \"/home/except/projects/except-awesome-project/\", \"owner\": 2, \"seo_title\": \"\", \"show_in_menus\": false, \"search_description\": \"\", \"go_live_at\": null, \"expire_at\": null, \"expired\": false, \"locked\": false, \"first_published_at\": \"2019-06-27T15:12:53.880Z\", \"last_published_at\": \"2019-07-01T14:46:39.463Z\", \"latest_revision_created_at\": \"2019-07-01T14:49:23.957Z\", \"live_revision\": 103, \"hero_image\": \"hero-about_njji4j8.jpg\", \"hero_title\": \"Awesome project\", \"hero_subtitle\": \"Have a big impact\", \"date_published\": \"2016-06-07\", \"summary\": \"This project has a global impact.\", \"intro\": \"Lorem ipsum dolor sit amet, consectetur adipiscing elit. Etiam in fringilla sapien. Duis vitae dui neque. Mauris et lorem sit amet sapien interdum semper id vitae quam. In hac habitasse platea dictumst. Donec congue in mi non pharetra. Cras est lectus, tincidunt a magna eget, gravida ornare arcu. Phasellus vitae dictum enim, id condimentum nunc. Pellentesque diam diam, semper sed condimentum in, faucibus in eros. Donec velit nunc, viverra nec tellus ac, condimentum aliquam diam. Vestibulum cursus ut orci ac efficitur. Maecenas non neque et magna vulputate malesuada ac nec ex. Suspendisse risus elit, dapibus sit amet dapibus et, iaculis ac lorem. Integer eu dui posuere, cursus nibh ac, convallis mi. Vivamus eu condimentum turpis, et blandit augue. Duis tincidunt dictum dui, in elementum enim auctor et.\", \"navbar_transparent\": true, \"navbar_inverted\": false, \"body\": \"[{\\\"type\\\": \\\"heading_block\\\", \\\"value\\\": {\\\"heading_text\\\": \\\"First section\\\", \\\"size\\\": \\\"h2\\\"}, \\\"id\\\": \\\"2331f024-ede5-4456-a81f-22fc7226b4e5\\\"}, {\\\"type\\\": \\\"paragraph_block\\\", \\\"value\\\": {\\\"text\\\": \\\"<p>Maecenas egestas blandit nisi, eget accumsan enim malesuada vel. Aenean sit amet lobortis mauris. In quis odio et nunc mollis rutrum. Cras sollicitudin cursus odio eu cursus. Etiam felis turpis, euismod eu interdum a, consectetur ut libero. Praesent suscipit a massa non rutrum. Sed hendrerit turpis elit, eget aliquam ante egestas vel.</p>\\\"}, \\\"id\\\": \\\"621a12a4-0cc1-42ee-affd-35732fdd2420\\\"}, {\\\"type\\\": \\\"image_block\\\", \\\"value\\\": {\\\"image\\\": 28, \\\"caption\\\": \\\"Again the same picture.\\\", \\\"attribution\\\": \\\"\\\"}, \\\"id\\\": \\\"27020852-f113-48ed-97b5-327a953fbe25\\\"}, {\\\"type\\\": \\\"paragraph_block\\\", \\\"value\\\": {\\\"text\\\": \\\"<p>Sed sed iaculis massa. Vestibulum vestibulum turpis in pharetra varius. Donec rutrum diam arcu, et pharetra purus auctor sed. Etiam fermentum efficitur magna ac scelerisque. Mauris gravida libero arcu. Phasellus vulputate, urna eget molestie fermentum, orci ipsum ultricies nibh, laoreet varius risus quam fringilla nulla. Interdum et malesuada fames ac ante ipsum primis in faucibus. Nam maximus sed lectus vitae viverra. Suspendisse purus enim, aliquet vel volutpat id, pharetra nec nunc. Nullam nibh est, luctus et ante eu, scelerisque bibendum sapien. In nibh ipsum, pretium vel tellus a, tristique vestibulum mauris.</p>\\\"}, \\\"id\\\": \\\"8dd8295e-bcd4-4ad4-95dc-c6107e3a55f1\\\"}, {\\\"type\\\": \\\"paragraph_block\\\", \\\"value\\\": {\\\"text\\\": \\\"<p>Lorem ipsum dolor sit amet, consectetur adipiscing elit. Etiam in fringilla sapien. Duis vitae dui neque. Mauris et lorem sit amet sapien interdum semper id vitae quam. In hac habitasse platea dictumst. Donec congue in mi non pharetra. Cras est lectus, tincidunt a magna eget, gravida ornare arcu. Phasellus vitae dictum enim, id condimentum nunc. Pellentesque diam diam, semper sed condimentum in, faucibus in eros. Donec velit nunc, viverra nec tellus ac, condimentum aliquam diam. Vestibulum cursus ut orci ac efficitur. Maecenas non neque et magna vulputate malesuada ac nec ex. Suspendisse risus elit, dapibus sit amet dapibus et, iaculis ac lorem. Integer eu dui posuere, cursus nibh ac, convallis mi. Vivamus eu condimentum turpis, et blandit augue. Duis tincidunt dictum dui, in elementum enim auctor et.</p>\\\"}, \\\"id\\\": \\\"fea83431-8f1c-41c5-a167-394c141d4a06\\\"}, {\\\"type\\\": \\\"block_quote\\\", \\\"value\\\": {\\\"text\\\": \\\"Except is awesome.\\\", \\\"attribute_name\\\": \\\"Alexandre Fradet\\\"}, \\\"id\\\": \\\"2e6ecc92-10fd-4963-96e8-c0cfd5416259\\\"}]\", \"author\": 3, \"service\": 9, \"team_members\": [{\"pk\": 5, \"sort_order\": 0, \"page\": null, \"member\": 4}], \"project_partners\": [{\"pk\": 5, \"sort_order\": 0, \"page\": null, \"partner\": 7}, {\"pk\": 6, \"sort_order\": 1, \"page\": null, \"partner\": 8}], \"carousel_items\": [{\"pk\": 6, \"sort_order\": 0, \"image\": 28, \"description\": \"Same picture, just because we can.\", \"page\": null}, {\"pk\": 7, \"sort_order\": 1, \"image\": 2, \"description\": \"And another one.\", \"page\": null}], \"project_resources\": [{\"pk\": 7, \"sort_order\": 0, \"page\": null, \"resource\": 25}, {\"pk\": 8, \"sort_order\": 1, \"page\": null, \"resource\": 1}, {\"pk\": 9, \"sort_order\": 2, \"page\": null, \"resource\": 2}]}',NULL,40,2),(106,0,'2019-07-01 15:11:47.571577','{\"pk\": 12, \"path\": \"0001000100010002\", \"depth\": 4, \"numchild\": 0, \"title\": \"About\", \"draft_title\": \"About\", \"slug\": \"about\", \"content_type\": 9, \"live\": true, \"has_unpublished_changes\": false, \"url_path\": \"/home/except/about/\", \"owner\": null, \"seo_title\": \"\", \"show_in_menus\": true, \"search_description\": \"\", \"go_live_at\": null, \"expire_at\": null, \"expired\": false, \"locked\": false, \"first_published_at\": \"2019-06-19T14:31:29.356Z\", \"last_published_at\": \"2019-06-27T08:58:31.527Z\", \"latest_revision_created_at\": \"2019-06-27T08:58:31.443Z\", \"live_revision\": 89, \"hero_image\": \"hero-about_YDaQjqj.jpg\", \"hero_title\": \"Our Profile\", \"hero_subtitle\": \"Leading sustainability consultants & designers\", \"except_introduction\": \"Maecenas eu nibh dignissim, lobortis enim malesuada, pellentesque ex. Nullam scelerisque placerat nisl, sed fringilla orci accumsan sit amet. Phasellus vitae quam sem. Mauris elementum neque id lacus elementum pulvinar. Curabitur facilisis auctor ligula, vitae malesuada nunc congue sed. Fusce scelerisque euismod elit eget iaculis. Aliquam eu pellentesque tellus. Nullam in turpis vel tortor consectetur imperdiet ac eu dui. Donec pulvinar rutrum ex non ornare. Morbi maximus gravida ullamcorper. Nullam aliquam aliquet mattis. In at urna sagittis libero placerat accumsan. Integer viverra ac metus faucibus hendrerit. Curabitur odio mi, auctor ac sem in, hendrerit lobortis lorem.\", \"team_introduction\": \"<p>Ut est nulla, feugiat a augue at, pretium tempor nunc. Mauris ac lectus eu augue laoreet commodo. Curabitur vitae mi id massa varius efficitur at in arcu. Aliquam tempor arcu quis ipsum convallis, id facilisis eros posuere. Aenean vitae lobortis tortor, non dapibus massa. Morbi viverra, velit non iaculis ornare, dui nibh varius purus, eget vestibulum urna nibh quis orci. Praesent quis libero eu libero viverra hendrerit in eget erat. Praesent a purus non elit blandit hendrerit.</p>\", \"collaboration_introduction\": \"<p>Ut est nulla, feugiat a augue at, pretium tempor nunc. Mauris ac lectus eu augue laoreet commodo. Curabitur vitae mi id massa varius efficitur at in arcu. Aliquam tempor arcu quis ipsum convallis, id facilisis eros posuere. Aenean vitae lobortis tortor, non dapibus massa. Morbi viverra, velit non iaculis ornare, dui nibh varius purus, eget vestibulum urna nibh quis orci. Praesent quis libero eu libero viverra hendrerit in eget erat. Praesent a purus non elit blandit hendrerit.</p>\", \"navbar_transparent\": true, \"navbar_inverted\": false, \"quotes\": [{\"pk\": 1, \"sort_order\": 0, \"company\": \"IUCN Interim manager Leaders for Nature\", \"caption\": \"<p>Ut est nulla, feugiat a augue at, pretium tempor nunc. Mauris ac lectus eu augue laoreet commodo. Curabitur vitae mi id massa varius efficitur at in arcu. Aliquam tempor arcu quis ipsum convallis, id facilisis eros posuere. Aenean vitae lobortis tortor, non dapibus massa.</p>\", \"name\": \"Miriam van Gool\", \"page\": 12}, {\"pk\": 2, \"sort_order\": 1, \"company\": \"IUCN Interim manager Leaders for Nature\", \"caption\": \"<p>Ut est nulla, feugiat a augue at, pretium tempor nunc. Mauris ac lectus eu augue laoreet commodo. Curabitur vitae mi id massa varius efficitur at in arcu. Aliquam tempor arcu quis ipsum convallis, id facilisis eros posuere. Aenean vitae lobortis tortor, non dapibus massa.</p>\", \"name\": \"Miriam van Gool\", \"page\": 12}]}',NULL,12,2),(107,0,'2019-07-01 15:12:26.061160','{\"pk\": 12, \"path\": \"0001000100010002\", \"depth\": 4, \"numchild\": 0, \"title\": \"About\", \"draft_title\": \"About\", \"slug\": \"about\", \"content_type\": 9, \"live\": true, \"has_unpublished_changes\": false, \"url_path\": \"/home/except/about/\", \"owner\": null, \"seo_title\": \"\", \"show_in_menus\": true, \"search_description\": \"\", \"go_live_at\": null, \"expire_at\": null, \"expired\": false, \"locked\": false, \"first_published_at\": \"2019-06-19T14:31:29.356Z\", \"last_published_at\": \"2019-07-01T15:11:47.632Z\", \"latest_revision_created_at\": \"2019-07-01T15:11:47.571Z\", \"live_revision\": 106, \"hero_image\": \"hero-about_YDaQjqj.jpg\", \"hero_title\": \"Our Profile\", \"hero_subtitle\": \"Leading sustainability consultants & designers\", \"except_introduction\": \"Maecenas eu nibh dignissim, lobortis enim malesuada, pellentesque ex. Nullam scelerisque placerat nisl, sed fringilla orci accumsan sit amet. Phasellus vitae quam sem. Mauris elementum neque id lacus elementum pulvinar. Curabitur facilisis auctor ligula, vitae malesuada nunc congue sed. Fusce scelerisque euismod elit eget iaculis. Aliquam eu pellentesque tellus. Nullam in turpis vel tortor consectetur imperdiet ac eu dui. Donec pulvinar rutrum ex non ornare. Morbi maximus gravida ullamcorper. Nullam aliquam aliquet mattis. In at urna sagittis libero placerat accumsan. Integer viverra ac metus faucibus hendrerit. Curabitur odio mi, auctor ac sem in, hendrerit lobortis lorem.\", \"team_introduction\": \"<p>Ut est nulla, feugiat a augue at, pretium tempor nunc. Mauris ac lectus eu augue laoreet commodo. Curabitur vitae mi id massa varius efficitur at in arcu. Aliquam tempor arcu quis ipsum convallis, id facilisis eros posuere. Aenean vitae lobortis tortor, non dapibus massa. Morbi viverra, velit non iaculis ornare, dui nibh varius purus, eget vestibulum urna nibh quis orci. Praesent quis libero eu libero viverra hendrerit in eget erat. Praesent a purus non elit blandit hendrerit.</p>\", \"collaboration_introduction\": \"<p>Ut est nulla, feugiat a augue at, pretium tempor nunc. Mauris ac lectus eu augue laoreet commodo. Curabitur vitae mi id massa varius efficitur at in arcu. Aliquam tempor arcu quis ipsum convallis, id facilisis eros posuere. Aenean vitae lobortis tortor, non dapibus massa. Morbi viverra, velit non iaculis ornare, dui nibh varius purus, eget vestibulum urna nibh quis orci. Praesent quis libero eu libero viverra hendrerit in eget erat. Praesent a purus non elit blandit hendrerit.</p>\", \"navbar_transparent\": false, \"navbar_inverted\": false, \"quotes\": [{\"pk\": 1, \"sort_order\": 0, \"company\": \"IUCN Interim manager Leaders for Nature\", \"caption\": \"<p>Ut est nulla, feugiat a augue at, pretium tempor nunc. Mauris ac lectus eu augue laoreet commodo. Curabitur vitae mi id massa varius efficitur at in arcu. Aliquam tempor arcu quis ipsum convallis, id facilisis eros posuere. Aenean vitae lobortis tortor, non dapibus massa.</p>\", \"name\": \"Miriam van Gool\", \"page\": 12}, {\"pk\": 2, \"sort_order\": 1, \"company\": \"IUCN Interim manager Leaders for Nature\", \"caption\": \"<p>Ut est nulla, feugiat a augue at, pretium tempor nunc. Mauris ac lectus eu augue laoreet commodo. Curabitur vitae mi id massa varius efficitur at in arcu. Aliquam tempor arcu quis ipsum convallis, id facilisis eros posuere. Aenean vitae lobortis tortor, non dapibus massa.</p>\", \"name\": \"Miriam van Gool\", \"page\": 12}]}',NULL,12,2),(108,0,'2019-07-01 15:12:39.190401','{\"pk\": 12, \"path\": \"0001000100010002\", \"depth\": 4, \"numchild\": 0, \"title\": \"About\", \"draft_title\": \"About\", \"slug\": \"about\", \"content_type\": 9, \"live\": true, \"has_unpublished_changes\": false, \"url_path\": \"/home/except/about/\", \"owner\": null, \"seo_title\": \"\", \"show_in_menus\": true, \"search_description\": \"\", \"go_live_at\": null, \"expire_at\": null, \"expired\": false, \"locked\": false, \"first_published_at\": \"2019-06-19T14:31:29.356Z\", \"last_published_at\": \"2019-07-01T15:12:26.107Z\", \"latest_revision_created_at\": \"2019-07-01T15:12:26.061Z\", \"live_revision\": 107, \"hero_image\": \"hero-about_YDaQjqj.jpg\", \"hero_title\": \"Our Profile\", \"hero_subtitle\": \"Leading sustainability consultants & designers\", \"except_introduction\": \"Maecenas eu nibh dignissim, lobortis enim malesuada, pellentesque ex. Nullam scelerisque placerat nisl, sed fringilla orci accumsan sit amet. Phasellus vitae quam sem. Mauris elementum neque id lacus elementum pulvinar. Curabitur facilisis auctor ligula, vitae malesuada nunc congue sed. Fusce scelerisque euismod elit eget iaculis. Aliquam eu pellentesque tellus. Nullam in turpis vel tortor consectetur imperdiet ac eu dui. Donec pulvinar rutrum ex non ornare. Morbi maximus gravida ullamcorper. Nullam aliquam aliquet mattis. In at urna sagittis libero placerat accumsan. Integer viverra ac metus faucibus hendrerit. Curabitur odio mi, auctor ac sem in, hendrerit lobortis lorem.\", \"team_introduction\": \"<p>Ut est nulla, feugiat a augue at, pretium tempor nunc. Mauris ac lectus eu augue laoreet commodo. Curabitur vitae mi id massa varius efficitur at in arcu. Aliquam tempor arcu quis ipsum convallis, id facilisis eros posuere. Aenean vitae lobortis tortor, non dapibus massa. Morbi viverra, velit non iaculis ornare, dui nibh varius purus, eget vestibulum urna nibh quis orci. Praesent quis libero eu libero viverra hendrerit in eget erat. Praesent a purus non elit blandit hendrerit.</p>\", \"collaboration_introduction\": \"<p>Ut est nulla, feugiat a augue at, pretium tempor nunc. Mauris ac lectus eu augue laoreet commodo. Curabitur vitae mi id massa varius efficitur at in arcu. Aliquam tempor arcu quis ipsum convallis, id facilisis eros posuere. Aenean vitae lobortis tortor, non dapibus massa. Morbi viverra, velit non iaculis ornare, dui nibh varius purus, eget vestibulum urna nibh quis orci. Praesent quis libero eu libero viverra hendrerit in eget erat. Praesent a purus non elit blandit hendrerit.</p>\", \"navbar_transparent\": false, \"navbar_inverted\": true, \"quotes\": [{\"pk\": 1, \"sort_order\": 0, \"company\": \"IUCN Interim manager Leaders for Nature\", \"caption\": \"<p>Ut est nulla, feugiat a augue at, pretium tempor nunc. Mauris ac lectus eu augue laoreet commodo. Curabitur vitae mi id massa varius efficitur at in arcu. Aliquam tempor arcu quis ipsum convallis, id facilisis eros posuere. Aenean vitae lobortis tortor, non dapibus massa.</p>\", \"name\": \"Miriam van Gool\", \"page\": 12}, {\"pk\": 2, \"sort_order\": 1, \"company\": \"IUCN Interim manager Leaders for Nature\", \"caption\": \"<p>Ut est nulla, feugiat a augue at, pretium tempor nunc. Mauris ac lectus eu augue laoreet commodo. Curabitur vitae mi id massa varius efficitur at in arcu. Aliquam tempor arcu quis ipsum convallis, id facilisis eros posuere. Aenean vitae lobortis tortor, non dapibus massa.</p>\", \"name\": \"Miriam van Gool\", \"page\": 12}]}',NULL,12,2),(109,0,'2019-07-02 07:44:57.251410','{\"pk\": 6, \"path\": \"000100010001\", \"depth\": 3, \"numchild\": 6, \"title\": \"Home\", \"draft_title\": \"Except\", \"slug\": \"except\", \"content_type\": 51, \"live\": true, \"has_unpublished_changes\": false, \"url_path\": \"/home/except/\", \"owner\": null, \"seo_title\": \"\", \"show_in_menus\": true, \"search_description\": \"\", \"go_live_at\": null, \"expire_at\": null, \"expired\": false, \"locked\": false, \"first_published_at\": \"2019-06-19T12:34:24.441Z\", \"last_published_at\": \"2019-06-27T08:58:06.750Z\", \"latest_revision_created_at\": \"2019-06-27T08:58:06.694Z\", \"live_revision\": 87, \"hero_image\": \"hero-home_U7sCtSb.jpg\", \"navbar_inverted\": true, \"navbar_transparent\": true, \"hero_title\": \"We make new futures possible\", \"hero_subtitle\": \"Leading sustainability consultants & designers\", \"intro\": \"Etiam elementum condimentum massa quis rutrum. Pellentesque sit amet risus imperdiet, vehicula libero tempor, rhoncus augue. Vivamus vulputate aliquet magna vel tempus. Mauris laoreet at justo sit amet feugiat. Cras quis augue nec sapien mollis dapibus. Pellentesque enim mauris, consequat in lorem id, facilisis condimentum libero. Nam ac sapien posuere, ornare dui nec, cursus purus. Fusce sit amet orci massa. Nam lacinia mauris ac auctor eleifend. Cras commodo, nisi mattis vehicula tempus, metus ante finibus orci, in eleifend eros ipsum eu enim. Curabitur et arcu eu velit egestas varius. Aenean molestie varius ultricies. Ut eget dignissim mi, consequat tristique metus. Integer convallis ullamcorper condimentum. In scelerisque nulla eget quam suscipit finibus. In metus libero, suscipit in maximus sit amet, gravida ac dui.\", \"services_image\": \"working-area-photo_vccwrKC.png\", \"carousel_items\": [{\"pk\": 1, \"sort_order\": 0, \"image\": 4, \"link_page\": null, \"title\": \"Except Sid Methodology\", \"caption\": \"Except Sid Methodology\", \"link_title\": \"Sid website\", \"page\": 6, \"scaling\": \"fit\"}, {\"pk\": 2, \"sort_order\": 1, \"image\": 28, \"link_page\": null, \"title\": \"Achieving global impact\", \"caption\": \"Our team of experts shares their experience and passion since 1999 in more than 500 projects worldwide, for over 200 partners.\", \"link_title\": \"View our projects\", \"page\": 6, \"scaling\": \"fill\"}, {\"pk\": 3, \"sort_order\": 2, \"image\": 3, \"link_page\": 19, \"title\": \"Catalytic building\", \"caption\": \"Catalytic building\", \"link_title\": \"Catalytic building\", \"page\": 6, \"scaling\": \"fill\"}]}',NULL,6,2),(110,0,'2019-07-02 14:02:28.702586','{\"pk\": 40, \"path\": \"00010001000100060003\", \"depth\": 5, \"numchild\": 0, \"title\": \"Except | Awesome project\", \"draft_title\": \"Except | Awesome project\", \"slug\": \"except-awesome-project\", \"content_type\": 55, \"live\": true, \"has_unpublished_changes\": true, \"url_path\": \"/home/except/projects/except-awesome-project/\", \"owner\": 2, \"seo_title\": \"\", \"show_in_menus\": false, \"search_description\": \"\", \"go_live_at\": null, \"expire_at\": null, \"expired\": false, \"locked\": false, \"first_published_at\": \"2019-06-27T15:12:53.880Z\", \"last_published_at\": \"2019-07-01T14:46:39.463Z\", \"latest_revision_created_at\": \"2019-07-01T14:50:41.708Z\", \"live_revision\": 103, \"highlight\": true, \"hero_image\": \"hero-about_njji4j8.jpg\", \"hero_title\": \"Awesome project\", \"hero_subtitle\": \"Have a big impact\", \"date_published\": \"2016-06-07\", \"summary\": \"This project has a global impact.\", \"intro\": \"Lorem ipsum dolor sit amet, consectetur adipiscing elit. Etiam in fringilla sapien. Duis vitae dui neque. Mauris et lorem sit amet sapien interdum semper id vitae quam. In hac habitasse platea dictumst. Donec congue in mi non pharetra. Cras est lectus, tincidunt a magna eget, gravida ornare arcu. Phasellus vitae dictum enim, id condimentum nunc. Pellentesque diam diam, semper sed condimentum in, faucibus in eros. Donec velit nunc, viverra nec tellus ac, condimentum aliquam diam. Vestibulum cursus ut orci ac efficitur. Maecenas non neque et magna vulputate malesuada ac nec ex. Suspendisse risus elit, dapibus sit amet dapibus et, iaculis ac lorem. Integer eu dui posuere, cursus nibh ac, convallis mi. Vivamus eu condimentum turpis, et blandit augue. Duis tincidunt dictum dui, in elementum enim auctor et.\", \"navbar_transparent\": true, \"navbar_inverted\": false, \"body\": \"[{\\\"type\\\": \\\"heading_block\\\", \\\"value\\\": {\\\"heading_text\\\": \\\"First section\\\", \\\"size\\\": \\\"h2\\\"}, \\\"id\\\": \\\"2331f024-ede5-4456-a81f-22fc7226b4e5\\\"}, {\\\"type\\\": \\\"paragraph_block\\\", \\\"value\\\": {\\\"text\\\": \\\"<p>Maecenas egestas blandit nisi, eget accumsan enim malesuada vel. Aenean sit amet lobortis mauris. In quis odio et nunc mollis rutrum. Cras sollicitudin cursus odio eu cursus. Etiam felis turpis, euismod eu interdum a, consectetur ut libero. Praesent suscipit a massa non rutrum. Sed hendrerit turpis elit, eget aliquam ante egestas vel.</p>\\\"}, \\\"id\\\": \\\"621a12a4-0cc1-42ee-affd-35732fdd2420\\\"}, {\\\"type\\\": \\\"image_block\\\", \\\"value\\\": {\\\"image\\\": 28, \\\"caption\\\": \\\"Again the same picture.\\\", \\\"attribution\\\": \\\"\\\"}, \\\"id\\\": \\\"27020852-f113-48ed-97b5-327a953fbe25\\\"}, {\\\"type\\\": \\\"paragraph_block\\\", \\\"value\\\": {\\\"text\\\": \\\"<p>Sed sed iaculis massa. Vestibulum vestibulum turpis in pharetra varius. Donec rutrum diam arcu, et pharetra purus auctor sed. Etiam fermentum efficitur magna ac scelerisque. Mauris gravida libero arcu. Phasellus vulputate, urna eget molestie fermentum, orci ipsum ultricies nibh, laoreet varius risus quam fringilla nulla. Interdum et malesuada fames ac ante ipsum primis in faucibus. Nam maximus sed lectus vitae viverra. Suspendisse purus enim, aliquet vel volutpat id, pharetra nec nunc. Nullam nibh est, luctus et ante eu, scelerisque bibendum sapien. In nibh ipsum, pretium vel tellus a, tristique vestibulum mauris.</p>\\\"}, \\\"id\\\": \\\"8dd8295e-bcd4-4ad4-95dc-c6107e3a55f1\\\"}, {\\\"type\\\": \\\"paragraph_block\\\", \\\"value\\\": {\\\"text\\\": \\\"<p>Lorem ipsum dolor sit amet, consectetur adipiscing elit. Etiam in fringilla sapien. Duis vitae dui neque. Mauris et lorem sit amet sapien interdum semper id vitae quam. In hac habitasse platea dictumst. Donec congue in mi non pharetra. Cras est lectus, tincidunt a magna eget, gravida ornare arcu. Phasellus vitae dictum enim, id condimentum nunc. Pellentesque diam diam, semper sed condimentum in, faucibus in eros. Donec velit nunc, viverra nec tellus ac, condimentum aliquam diam. Vestibulum cursus ut orci ac efficitur. Maecenas non neque et magna vulputate malesuada ac nec ex. Suspendisse risus elit, dapibus sit amet dapibus et, iaculis ac lorem. Integer eu dui posuere, cursus nibh ac, convallis mi. Vivamus eu condimentum turpis, et blandit augue. Duis tincidunt dictum dui, in elementum enim auctor et.</p>\\\"}, \\\"id\\\": \\\"fea83431-8f1c-41c5-a167-394c141d4a06\\\"}, {\\\"type\\\": \\\"block_quote\\\", \\\"value\\\": {\\\"text\\\": \\\"Except is awesome.\\\", \\\"attribute_name\\\": \\\"Alexandre Fradet\\\"}, \\\"id\\\": \\\"2e6ecc92-10fd-4963-96e8-c0cfd5416259\\\"}]\", \"author\": 3, \"service\": 9, \"team_members\": [{\"pk\": 5, \"sort_order\": 0, \"page\": null, \"member\": 4}], \"project_partners\": [{\"pk\": 5, \"sort_order\": 0, \"page\": null, \"partner\": 7}, {\"pk\": 6, \"sort_order\": 1, \"page\": null, \"partner\": 8}], \"carousel_items\": [{\"pk\": 6, \"sort_order\": 0, \"image\": 28, \"description\": \"Same picture, just because we can.\", \"page\": null}, {\"pk\": 7, \"sort_order\": 1, \"image\": 2, \"description\": \"And another one.\", \"page\": null}], \"project_resources\": [{\"pk\": 7, \"sort_order\": 0, \"page\": null, \"resource\": 25}, {\"pk\": 8, \"sort_order\": 1, \"page\": null, \"resource\": 1}, {\"pk\": 9, \"sort_order\": 2, \"page\": null, \"resource\": 2}]}',NULL,40,2),(111,0,'2019-07-02 14:02:41.049504','{\"pk\": 36, \"path\": \"00010001000100060002\", \"depth\": 5, \"numchild\": 0, \"title\": \"Except | Catalytic Buildings White Paper\", \"draft_title\": \"Except | Catalytic Buildings White Paper\", \"slug\": \"except-catalytic-buildings-white-paper\", \"content_type\": 55, \"live\": true, \"has_unpublished_changes\": false, \"url_path\": \"/home/except/projects/except-catalytic-buildings-white-paper/\", \"owner\": null, \"seo_title\": \"\", \"show_in_menus\": false, \"search_description\": \"\", \"go_live_at\": null, \"expire_at\": null, \"expired\": false, \"locked\": false, \"first_published_at\": \"2019-06-25T12:22:56.661Z\", \"last_published_at\": \"2019-06-27T08:48:06.557Z\", \"latest_revision_created_at\": \"2019-06-27T08:48:06.356Z\", \"live_revision\": 84, \"highlight\": true, \"hero_image\": \"hero-news_u2MW62R.jpg\", \"hero_title\": \"Catalytic Buildings White Paper\", \"hero_subtitle\": \"Tuning into the Construction Sector\'s \\\"Music Of Tomorrow\\\"\", \"date_published\": \"2019-06-25\", \"summary\": \"This is an awesome project.\", \"intro\": \"Duis eu dolor ac sapien malesuada ultricies at eu purus. Nulla facilisi. Class aptent taciti sociosqu ad litora torquent per conubia nostra, per inceptos himenaeos. In sed lorem semper, elementum magna eget, tempus nunc. Nam ornare aliquet odio, a commodo ante cursus sed. Pellentesque in quam a libero elementum hendrerit. Duis varius rhoncus est, vel cursus lacus volutpat at.\", \"navbar_transparent\": true, \"navbar_inverted\": false, \"body\": \"[{\\\"type\\\": \\\"heading_block\\\", \\\"value\\\": {\\\"heading_text\\\": \\\"Its Journey towards Sustainability\\\", \\\"size\\\": \\\"h3\\\"}, \\\"id\\\": \\\"6cae25dd-f164-464c-9f47-1c035b3ec95d\\\"}, {\\\"type\\\": \\\"paragraph_block\\\", \\\"value\\\": {\\\"text\\\": \\\"<p>Lorem ipsum dolor sit amet, consectetur adipiscing elit. Nullam accumsan vitae tellus a eleifend. Quisque risus urna, commodo nec pulvinar eu, bibendum consequat lacus. Pellentesque quis ante eget risus dictum laoreet. Aliquam convallis metus eget facilisis commodo. Nunc eu mauris dapibus, tempus augue in, posuere metus. Vivamus a sapien lectus. In auctor, magna in luctus convallis, dolor ex imperdiet arcu, at suscipit risus dolor vel purus. Aliquam eu felis eu justo bibendum semper. Integer eget dignissim justo. Duis sodales ullamcorper ante, id iaculis diam pharetra in. Quisque ornare justo lorem, sit amet porttitor elit porta nec. Cras in sapien eu massa maximus bibendum. Mauris tincidunt augue vel nibh congue, id placerat lacus tristique. Vestibulum tempor, orci nec interdum dignissim, ipsum sapien tempor est, et varius orci erat non erat. Class aptent taciti sociosqu ad litora torquent per conubia nostra, per inceptos himenaeos. Ut eu magna quam.</p>\\\"}, \\\"id\\\": \\\"e5f20e64-6ab3-4a6e-bb96-367eff08ddeb\\\"}, {\\\"type\\\": \\\"image_block\\\", \\\"value\\\": {\\\"image\\\": 28, \\\"caption\\\": \\\"Big projects have global impact\\\", \\\"attribution\\\": \\\"\\\"}, \\\"id\\\": \\\"ea86c213-7361-42f4-a946-55930b5eec69\\\"}, {\\\"type\\\": \\\"paragraph_block\\\", \\\"value\\\": {\\\"text\\\": \\\"<p>Proin vel tempus nulla. Fusce vitae nunc felis. Pellentesque eu elit eu libero dignissim aliquam. Suspendisse venenatis lectus vitae dui ultricies eleifend vel in ante. Nullam dolor justo, laoreet vel vehicula eget, viverra vel risus. Quisque faucibus arcu eget blandit elementum. Fusce congue finibus ligula, vel vehicula lacus efficitur vel.</p>\\\"}, \\\"id\\\": \\\"6a242d99-2cea-4d99-9a20-0b8adbc08dcd\\\"}, {\\\"type\\\": \\\"paragraph_block\\\", \\\"value\\\": {\\\"text\\\": \\\"<p>Proin vel tempus nulla. Fusce vitae nunc felis. Pellentesque eu elit eu libero dignissim aliquam. Suspendisse venenatis lectus vitae dui ultricies eleifend vel in ante. Nullam dolor justo, laoreet vel vehicula eget, viverra vel risus. Quisque faucibus arcu eget blandit elementum. Fusce congue finibus ligula, vel vehicula lacus efficitur vel.</p>\\\"}, \\\"id\\\": \\\"f561f7ca-92ec-4ddb-9a76-87cea7f8d292\\\"}]\", \"author\": 2, \"service\": 8, \"team_members\": [{\"pk\": 3, \"sort_order\": 0, \"page\": 36, \"member\": 4}, {\"pk\": 4, \"sort_order\": 1, \"page\": 36, \"member\": 2}], \"project_partners\": [{\"pk\": 3, \"sort_order\": 0, \"page\": 36, \"partner\": 7}, {\"pk\": 4, \"sort_order\": 1, \"page\": 36, \"partner\": 8}], \"carousel_items\": [{\"pk\": 3, \"sort_order\": 0, \"image\": 28, \"description\": \"This is a test, here is an image of wwf\", \"page\": 36}, {\"pk\": 4, \"sort_order\": 1, \"image\": 3, \"description\": \"Big projects have global impact\", \"page\": 36}, {\"pk\": 5, \"sort_order\": 2, \"image\": 2, \"description\": \"Nice vegetables to talk about agriculture\", \"page\": 36}], \"project_resources\": [{\"pk\": 4, \"sort_order\": 0, \"page\": 36, \"resource\": 11}, {\"pk\": 5, \"sort_order\": 1, \"page\": 36, \"resource\": 1}, {\"pk\": 6, \"sort_order\": 2, \"page\": 36, \"resource\": 25}]}',NULL,36,2),(112,0,'2019-07-04 07:59:40.396393','{\"pk\": 6, \"path\": \"000100010001\", \"depth\": 3, \"numchild\": 4, \"title\": \"Woning\", \"title_nl\": \"Home\", \"title_en\": \"Woning\", \"draft_title\": \"Home\", \"slug\": \"except\", \"slug_nl\": \"except\", \"slug_en\": \"except\", \"content_type\": 51, \"live\": true, \"has_unpublished_changes\": false, \"url_path\": \"/home/except/\", \"url_path_nl\": \"/home/except/\", \"url_path_en\": \"/home/except/\", \"owner\": null, \"seo_title\": \"\", \"seo_title_nl\": null, \"seo_title_en\": null, \"show_in_menus\": true, \"search_description\": \"\", \"search_description_nl\": \"\", \"search_description_en\": \"\", \"go_live_at\": null, \"expire_at\": null, \"expired\": false, \"locked\": false, \"first_published_at\": \"2019-06-19T12:34:24.441Z\", \"last_published_at\": \"2019-07-02T07:44:57.501Z\", \"latest_revision_created_at\": \"2019-07-02T07:44:57.251Z\", \"live_revision\": 109, \"hero_image\": \"hero-home_U7sCtSb.jpg\", \"navbar_inverted\": true, \"navbar_transparent\": true, \"hero_title\": \"We maken nieuwe toekomstmogelijkheden mogelijk\", \"hero_title_nl\": \"We make new futures possible\", \"hero_title_en\": \"We maken nieuwe toekomstmogelijkheden mogelijk\", \"hero_subtitle\": \"Toonaangevende consultants en ontwerpers op het gebied van duurzaamheid\", \"hero_subtitle_nl\": \"Leading sustainability consultants & designers\", \"hero_subtitle_en\": \"Toonaangevende consultants en ontwerpers op het gebied van duurzaamheid\", \"intro\": \"Etiam elementum condimentum massa quis rutrum. Pellentesque sit amet risus imperdiet, vehicula libero tempor, rhoncus augue. Vivamus vulputate aliquet magna vel tempus. Mauris laoreet at justo sit amet feugiat. Cras quis augue nec sapien mollis dapibus. Pellentesque enim mauris, consequat in lorem id, facilisis condimentum libero. Nam ac sapien posuere, ornare dui nec, cursus purus. Fusce sit amet orci massa. Nam lacinia mauris ac auctor eleifend. Cras commodo, nisi mattis vehicula tempus, metus ante finibus orci, in eleifend eros ipsum eu enim. Curabitur et arcu eu velit egestas varius. Aenean molestie varius ultricies. Ut eget dignissim mi, consequat tristique metus. Integer convallis ullamcorper condimentum. In scelerisque nulla eget quam suscipit finibus. In metus libero, suscipit in maximus sit amet, gravida ac dui.\", \"services_image\": \"working-area-photo_vccwrKC.png\", \"carousel_items\": [{\"pk\": 1, \"sort_order\": 0, \"image\": 4, \"link_page\": null, \"title\": \"Except Sid Methodology\", \"caption\": \"Except Sid Methodology\", \"link_title\": \"Sid website\", \"page\": 6, \"scaling\": \"fit\"}, {\"pk\": 2, \"sort_order\": 1, \"image\": 28, \"link_page\": null, \"title\": \"Achieving global impact\", \"caption\": \"Our team of experts shares their experience and passion since 1999 in more than 500 projects worldwide, for over 200 partners.\", \"link_title\": \"View our projects\", \"page\": 6, \"scaling\": \"fill\"}, {\"pk\": 3, \"sort_order\": 2, \"image\": 3, \"link_page\": 19, \"title\": \"Catalytic building\", \"caption\": \"Catalytic building\", \"link_title\": \"Catalytic building\", \"page\": 6, \"scaling\": \"fill\"}]}',NULL,6,2),(113,0,'2019-07-04 08:08:19.455471','{\"pk\": 6, \"path\": \"000100010001\", \"depth\": 3, \"numchild\": 4, \"title\": \"Home\", \"title_en\": \"Home\", \"title_nl\": \"Woning\", \"draft_title\": \"Woning\", \"slug\": \"except\", \"slug_en\": \"except\", \"slug_nl\": \"except\", \"content_type\": 51, \"live\": true, \"has_unpublished_changes\": false, \"url_path\": \"/home/except/\", \"url_path_en\": \"/home/except/\", \"url_path_nl\": \"/home/except/\", \"owner\": null, \"seo_title\": \"\", \"seo_title_en\": null, \"seo_title_nl\": null, \"show_in_menus\": true, \"search_description\": \"\", \"search_description_en\": \"\", \"search_description_nl\": \"\", \"go_live_at\": null, \"expire_at\": null, \"expired\": false, \"locked\": false, \"first_published_at\": \"2019-06-19T12:34:24.441Z\", \"last_published_at\": \"2019-07-04T07:59:40.505Z\", \"latest_revision_created_at\": \"2019-07-04T07:59:40.396Z\", \"live_revision\": 112, \"hero_image\": \"hero-home_U7sCtSb.jpg\", \"navbar_inverted\": true, \"navbar_transparent\": true, \"hero_title\": \"We make new futures possible\", \"hero_title_en\": \"We make new futures possible\", \"hero_title_nl\": \"We maken nieuwe toekomstmogelijkheden mogelijk\", \"hero_subtitle\": \"Leading sustainability consultants & designers\", \"hero_subtitle_en\": \"Leading sustainability consultants & designers\", \"hero_subtitle_nl\": \"Toonaangevende consultants en ontwerpers op het gebied van duurzaamheid\", \"intro\": \"Etiam elementum condimentum massa quis rutrum. Pellentesque sit amet risus imperdiet, vehicula libero tempor, rhoncus augue. Vivamus vulputate aliquet magna vel tempus. Mauris laoreet at justo sit amet feugiat. Cras quis augue nec sapien mollis dapibus. Pellentesque enim mauris, consequat in lorem id, facilisis condimentum libero. Nam ac sapien posuere, ornare dui nec, cursus purus. Fusce sit amet orci massa. Nam lacinia mauris ac auctor eleifend. Cras commodo, nisi mattis vehicula tempus, metus ante finibus orci, in eleifend eros ipsum eu enim. Curabitur et arcu eu velit egestas varius. Aenean molestie varius ultricies. Ut eget dignissim mi, consequat tristique metus. Integer convallis ullamcorper condimentum. In scelerisque nulla eget quam suscipit finibus. In metus libero, suscipit in maximus sit amet, gravida ac dui.\", \"services_image\": \"working-area-photo_vccwrKC.png\", \"carousel_items\": [{\"pk\": 1, \"sort_order\": 0, \"image\": 4, \"link_page\": null, \"title\": \"Except Sid Methodology\", \"caption\": \"Except Sid Methodology\", \"link_title\": \"Sid website\", \"page\": 6, \"scaling\": \"fit\"}, {\"pk\": 2, \"sort_order\": 1, \"image\": 28, \"link_page\": null, \"title\": \"Achieving global impact\", \"caption\": \"Our team of experts shares their experience and passion since 1999 in more than 500 projects worldwide, for over 200 partners.\", \"link_title\": \"View our projects\", \"page\": 6, \"scaling\": \"fill\"}, {\"pk\": 3, \"sort_order\": 2, \"image\": 3, \"link_page\": 19, \"title\": \"Catalytic building\", \"caption\": \"Catalytic building\", \"link_title\": \"Catalytic building\", \"page\": 6, \"scaling\": \"fill\"}]}',NULL,6,2),(114,0,'2019-07-04 09:15:07.864746','{\"pk\": 6, \"path\": \"000100010001\", \"depth\": 3, \"numchild\": 4, \"title\": \"Home\", \"title_en\": \"Home\", \"title_nl\": \"Woning\", \"draft_title\": \"Home\", \"slug\": \"except\", \"slug_en\": \"except\", \"slug_nl\": \"except\", \"content_type\": 51, \"live\": true, \"has_unpublished_changes\": false, \"url_path\": \"/home/except/\", \"url_path_en\": \"/home/except/\", \"url_path_nl\": \"/home/except/\", \"owner\": null, \"seo_title\": \"\", \"seo_title_en\": null, \"seo_title_nl\": null, \"show_in_menus\": true, \"search_description\": \"\", \"search_description_en\": \"\", \"search_description_nl\": \"\", \"go_live_at\": null, \"expire_at\": null, \"expired\": false, \"locked\": false, \"first_published_at\": \"2019-06-19T12:34:24.441Z\", \"last_published_at\": \"2019-07-04T08:08:19.601Z\", \"latest_revision_created_at\": \"2019-07-04T08:08:19.455Z\", \"live_revision\": 113, \"hero_image\": \"hero-home_U7sCtSb.jpg\", \"navbar_inverted\": true, \"navbar_transparent\": true, \"hero_title\": \"We make new futures possible\", \"hero_title_en\": \"We make new futures possible\", \"hero_title_nl\": \"We maken nieuwe toekomstmogelijkheden mogelijk\", \"hero_subtitle\": \"Leading sustainability consultants & designers\", \"hero_subtitle_en\": \"Leading sustainability consultants & designers\", \"hero_subtitle_nl\": \"Toonaangevende consultants en ontwerpers op het gebied van duurzaamheid\", \"introduction\": \"Etiam elementum condimentum massa quis rutrum. Pellentesque sit amet risus imperdiet, vehicula libero tempor, rhoncus augue. Vivamus vulputate aliquet magna vel tempus. Mauris laoreet at justo sit amet feugiat. Cras quis augue nec sapien mollis dapibus. Pellentesque enim mauris, consequat in lorem id, facilisis condimentum libero. Nam ac sapien posuere, ornare dui nec, cursus purus. Fusce sit amet orci massa. Nam lacinia mauris ac auctor eleifend. Cras commodo, nisi mattis vehicula tempus, metus ante finibus orci, in eleifend eros ipsum eu enim. Curabitur et arcu eu velit egestas varius. Aenean molestie varius ultricies. Ut eget dignissim mi, consequat tristique metus. Integer convallis ullamcorper condimentum. In scelerisque nulla eget quam suscipit finibus. In metus libero, suscipit in maximus sit amet, gravida ac dui.\", \"introduction_en\": \"Etiam elementum condimentum massa quis rutrum. Pellentesque sit amet risus imperdiet, vehicula libero tempor, rhoncus augue. Vivamus vulputate aliquet magna vel tempus. Mauris laoreet at justo sit amet feugiat. Cras quis augue nec sapien mollis dapibus. Pellentesque enim mauris, consequat in lorem id, facilisis condimentum libero. Nam ac sapien posuere, ornare dui nec, cursus purus. Fusce sit amet orci massa. Nam lacinia mauris ac auctor eleifend. Cras commodo, nisi mattis vehicula tempus, metus ante finibus orci, in eleifend eros ipsum eu enim. Curabitur et arcu eu velit egestas varius. Aenean molestie varius ultricies. Ut eget dignissim mi, consequat tristique metus. Integer convallis ullamcorper condimentum. In scelerisque nulla eget quam suscipit finibus. In metus libero, suscipit in maximus sit amet, gravida ac dui.\", \"introduction_nl\": \"\", \"services_image\": \"working-area-photo_vccwrKC.png\", \"carousel_items\": [{\"pk\": 1, \"sort_order\": 0, \"image\": 4, \"link_page\": null, \"title\": \"Except Sid Methodology\", \"title_en\": \"Except Sid Methodology\", \"title_nl\": \"Except Sid Methodology\", \"caption\": \"Except Sid Methodology\", \"caption_en\": \"Except Sid Methodology\", \"caption_nl\": \"Except Sid Methodology\", \"link_title\": \"Sid website\", \"link_title_en\": \"Sid website\", \"link_title_nl\": \"Sid website\", \"page\": 6, \"scaling\": \"fit\"}, {\"pk\": 2, \"sort_order\": 1, \"image\": 28, \"link_page\": null, \"title\": \"Achieving global impact\", \"title_en\": \"Achieving global impact\", \"title_nl\": \"Wereldwijde impact realiseren\", \"caption\": \"Our team of experts shares their experience and passion since 1999 in more than 500 projects worldwide, for over 200 partners.\", \"caption_en\": \"Our team of experts shares their experience and passion since 1999 in more than 500 projects worldwide, for over 200 partners.\", \"caption_nl\": \"Ons team van experts deelt hun ervaring en passie sinds 1999 in meer dan 500 projecten over de hele wereld, voor meer dan 200 partners.\", \"link_title\": \"View our projects\", \"link_title_en\": \"View our projects\", \"link_title_nl\": \"Bekijk onze projecten\", \"page\": 6, \"scaling\": \"fill\"}, {\"pk\": 3, \"sort_order\": 2, \"image\": 3, \"link_page\": 19, \"title\": \"Catalytic building\", \"title_en\": \"Catalytic building\", \"title_nl\": \"Catalytic building\", \"caption\": \"Catalytic building\", \"caption_en\": \"Catalytic building\", \"caption_nl\": \"Catalytic building\", \"link_title\": \"Catalytic building\", \"link_title_en\": \"Catalytic building\", \"link_title_nl\": \"Catalytic building\", \"page\": 6, \"scaling\": \"fill\"}]}',NULL,6,2),(115,0,'2019-07-04 10:12:23.489543','{\"pk\": 6, \"path\": \"000100010001\", \"depth\": 3, \"numchild\": 4, \"title\": \"Home\", \"title_en\": \"Home\", \"title_nl\": \"Woning\", \"draft_title\": \"Home\", \"slug\": \"except\", \"slug_en\": \"except\", \"slug_nl\": \"except\", \"content_type\": 51, \"live\": true, \"has_unpublished_changes\": false, \"url_path\": \"/home/except/\", \"url_path_en\": \"/home/except/\", \"url_path_nl\": \"/home/except/\", \"owner\": null, \"seo_title\": \"\", \"seo_title_en\": null, \"seo_title_nl\": null, \"show_in_menus\": true, \"search_description\": \"\", \"search_description_en\": \"\", \"search_description_nl\": \"\", \"go_live_at\": null, \"expire_at\": null, \"expired\": false, \"locked\": false, \"first_published_at\": \"2019-06-19T12:34:24.441Z\", \"last_published_at\": \"2019-07-04T09:15:07.946Z\", \"latest_revision_created_at\": \"2019-07-04T09:15:07.864Z\", \"live_revision\": 114, \"hero_image\": \"hero-home_U7sCtSb.jpg\", \"navbar_inverted\": true, \"navbar_transparent\": true, \"hero_title\": \"We make new futures possible\", \"hero_title_en\": \"We make new futures possible\", \"hero_title_nl\": \"We maken nieuwe toekomstmogelijkheden mogelijk\", \"hero_subtitle\": \"Leading sustainability consultants & designers\", \"hero_subtitle_en\": \"Leading sustainability consultants & designers\", \"hero_subtitle_nl\": \"Toonaangevende consultants en ontwerpers op het gebied van duurzaamheid\", \"introduction\": \"Etiam elementum condimentum massa quis rutrum. Pellentesque sit amet risus imperdiet, vehicula libero tempor, rhoncus augue. Vivamus vulputate aliquet magna vel tempus. Mauris laoreet at justo sit amet feugiat. Cras quis augue nec sapien mollis dapibus. Pellentesque enim mauris, consequat in lorem id, facilisis condimentum libero. Nam ac sapien posuere, ornare dui nec, cursus purus. Fusce sit amet orci massa. Nam lacinia mauris ac auctor eleifend. Cras commodo, nisi mattis vehicula tempus, metus ante finibus orci, in eleifend eros ipsum eu enim. Curabitur et arcu eu velit egestas varius. Aenean molestie varius ultricies. Ut eget dignissim mi, consequat tristique metus. Integer convallis ullamcorper condimentum. In scelerisque nulla eget quam suscipit finibus. In metus libero, suscipit in maximus sit amet, gravida ac dui.\", \"introduction_en\": \"Etiam elementum condimentum massa quis rutrum. Pellentesque sit amet risus imperdiet, vehicula libero tempor, rhoncus augue. Vivamus vulputate aliquet magna vel tempus. Mauris laoreet at justo sit amet feugiat. Cras quis augue nec sapien mollis dapibus. Pellentesque enim mauris, consequat in lorem id, facilisis condimentum libero. Nam ac sapien posuere, ornare dui nec, cursus purus. Fusce sit amet orci massa. Nam lacinia mauris ac auctor eleifend. Cras commodo, nisi mattis vehicula tempus, metus ante finibus orci, in eleifend eros ipsum eu enim. Curabitur et arcu eu velit egestas varius. Aenean molestie varius ultricies. Ut eget dignissim mi, consequat tristique metus. Integer convallis ullamcorper condimentum. In scelerisque nulla eget quam suscipit finibus. In metus libero, suscipit in maximus sit amet, gravida ac dui.\", \"introduction_nl\": \"\", \"services_image\": \"working-area-photo_vccwrKC.png\", \"carousel_items\": [{\"pk\": 1, \"sort_order\": 0, \"image\": 4, \"link_page\": null, \"title\": \"Except Sid Methodology\", \"title_en\": \"Except Sid Methodology\", \"title_nl\": \"Except Sid Methodology\", \"caption\": \"Except Sid Methodology\", \"caption_en\": \"Except Sid Methodology\", \"caption_nl\": \"Except Sid Methodology\", \"link_title\": \"Sid website\", \"link_title_en\": \"Sid website\", \"link_title_nl\": \"Sid website\", \"page\": 6, \"scaling\": \"fit\"}, {\"pk\": 2, \"sort_order\": 1, \"image\": 28, \"link_page\": null, \"title\": \"Achieving global impact\", \"title_en\": \"Achieving global impact\", \"title_nl\": \"Wereldwijde impact realiseren\", \"caption\": \"Our team of experts shares their experience and passion since 1999 in more than 500 projects worldwide, for over 200 partners.\", \"caption_en\": \"Our team of experts shares their experience and passion since 1999 in more than 500 projects worldwide, for over 200 partners.\", \"caption_nl\": \"Ons team van experts deelt hun ervaring en passie sinds 1999 in meer dan 500 projecten over de hele wereld, voor meer dan 200 partners.\", \"link_title\": \"View our projects\", \"link_title_en\": \"View our projects\", \"link_title_nl\": \"Bekijk onze projecten\", \"page\": 6, \"scaling\": \"fill\"}, {\"pk\": 3, \"sort_order\": 2, \"image\": 3, \"link_page\": 19, \"title\": \"Catalytic building\", \"title_en\": \"Catalytic building\", \"title_nl\": \"Catalytic building\", \"caption\": \"Catalytic building\", \"caption_en\": \"Catalytic building\", \"caption_nl\": \"Catalytic building\", \"link_title\": \"Catalytic building\", \"link_title_en\": \"Catalytic building\", \"link_title_nl\": \"Catalytic building\", \"page\": 6, \"scaling\": \"fill\"}]}',NULL,6,2),(116,0,'2019-07-04 10:12:35.877543','{\"pk\": 6, \"path\": \"000100010001\", \"depth\": 3, \"numchild\": 4, \"title\": \"Home\", \"title_en\": \"Home\", \"title_nl\": \"Woning\", \"draft_title\": \"Home\", \"slug\": \"except\", \"slug_en\": \"except\", \"slug_nl\": \"except\", \"content_type\": 51, \"live\": true, \"has_unpublished_changes\": false, \"url_path\": \"/home/except/\", \"url_path_en\": \"/home/except/\", \"url_path_nl\": \"/home/except/\", \"owner\": null, \"seo_title\": \"\", \"seo_title_en\": null, \"seo_title_nl\": null, \"show_in_menus\": true, \"search_description\": \"\", \"search_description_en\": \"\", \"search_description_nl\": \"\", \"go_live_at\": null, \"expire_at\": null, \"expired\": false, \"locked\": false, \"first_published_at\": \"2019-06-19T12:34:24.441Z\", \"last_published_at\": \"2019-07-04T10:12:23.572Z\", \"latest_revision_created_at\": \"2019-07-04T10:12:23.489Z\", \"live_revision\": 115, \"hero_image\": \"hero-home_U7sCtSb.jpg\", \"navbar_inverted\": true, \"navbar_transparent\": true, \"hero_title\": \"We make new futures possible\", \"hero_title_en\": \"We make new futures possible\", \"hero_title_nl\": \"We maken nieuwe toekomstmogelijkheden mogelijk\", \"hero_subtitle\": \"Leading sustainability consultants & designers\", \"hero_subtitle_en\": \"Leading sustainability consultants & designers\", \"hero_subtitle_nl\": \"Toonaangevende consultants en ontwerpers op het gebied van duurzaamheid\", \"introduction\": \"Etiam elementum condimentum massa quis rutrum. Pellentesque sit amet risus imperdiet, vehicula libero tempor, rhoncus augue. Vivamus vulputate aliquet magna vel tempus. Mauris laoreet at justo sit amet feugiat. Cras quis augue nec sapien mollis dapibus. Pellentesque enim mauris, consequat in lorem id, facilisis condimentum libero. Nam ac sapien posuere, ornare dui nec, cursus purus. Fusce sit amet orci massa. Nam lacinia mauris ac auctor eleifend. Cras commodo, nisi mattis vehicula tempus, metus ante finibus orci, in eleifend eros ipsum eu enim. Curabitur et arcu eu velit egestas varius. Aenean molestie varius ultricies. Ut eget dignissim mi, consequat tristique metus. Integer convallis ullamcorper condimentum. In scelerisque nulla eget quam suscipit finibus. In metus libero, suscipit in maximus sit amet, gravida ac dui.\", \"introduction_en\": \"Etiam elementum condimentum massa quis rutrum. Pellentesque sit amet risus imperdiet, vehicula libero tempor, rhoncus augue. Vivamus vulputate aliquet magna vel tempus. Mauris laoreet at justo sit amet feugiat. Cras quis augue nec sapien mollis dapibus. Pellentesque enim mauris, consequat in lorem id, facilisis condimentum libero. Nam ac sapien posuere, ornare dui nec, cursus purus. Fusce sit amet orci massa. Nam lacinia mauris ac auctor eleifend. Cras commodo, nisi mattis vehicula tempus, metus ante finibus orci, in eleifend eros ipsum eu enim. Curabitur et arcu eu velit egestas varius. Aenean molestie varius ultricies. Ut eget dignissim mi, consequat tristique metus. Integer convallis ullamcorper condimentum. In scelerisque nulla eget quam suscipit finibus. In metus libero, suscipit in maximus sit amet, gravida ac dui.\", \"introduction_nl\": \"Etiam elementum condimentum massa quis rutrum. Pellentesque sit amet risus imperdiet, vehicula libero tempor, rhoncus augue. Vivamus vulputate aliquet magna vel tempus. Mauris laoreet at justo sit amet feugiat. Cras quis augue nec sapien mollis dapibus. Pellentesque enim mauris, consequat in lorem id, facilisis condimentum libero. Nam ac sapien posuere, ornare dui nec, cursus purus. Fusce sit amet orci massa. Nam lacinia mauris ac auctor eleifend. Cras commodo, nisi mattis vehicula tempus, metus ante finibus orci, in eleifend eros ipsum eu enim. Curabitur et arcu eu velit egestas varius. Aenean molestie varius ultricies. Ut eget dignissim mi, consequat tristique metus. Integer convallis ullamcorper condimentum. In scelerisque nulla eget quam suscipit finibus. In metus libero, suscipit in maximus sit amet, gravida ac dui.\", \"services_image\": \"working-area-photo_vccwrKC.png\", \"carousel_items\": [{\"pk\": 1, \"sort_order\": 0, \"image\": 4, \"link_page\": null, \"title\": \"Except Sid Methodology\", \"title_en\": \"Except Sid Methodology\", \"title_nl\": \"Except Sid Methodology\", \"caption\": \"Except Sid Methodology\", \"caption_en\": \"Except Sid Methodology\", \"caption_nl\": \"Except Sid Methodology\", \"link_title\": \"Sid website\", \"link_title_en\": \"Sid website\", \"link_title_nl\": \"Sid website\", \"page\": 6, \"scaling\": \"fit\"}, {\"pk\": 2, \"sort_order\": 1, \"image\": 28, \"link_page\": null, \"title\": \"Achieving global impact\", \"title_en\": \"Achieving global impact\", \"title_nl\": \"Wereldwijde impact realiseren\", \"caption\": \"Our team of experts shares their experience and passion since 1999 in more than 500 projects worldwide, for over 200 partners.\", \"caption_en\": \"Our team of experts shares their experience and passion since 1999 in more than 500 projects worldwide, for over 200 partners.\", \"caption_nl\": \"Ons team van experts deelt hun ervaring en passie sinds 1999 in meer dan 500 projecten over de hele wereld, voor meer dan 200 partners.\", \"link_title\": \"View our projects\", \"link_title_en\": \"View our projects\", \"link_title_nl\": \"Bekijk onze projecten\", \"page\": 6, \"scaling\": \"fill\"}, {\"pk\": 3, \"sort_order\": 2, \"image\": 3, \"link_page\": 19, \"title\": \"Catalytic building\", \"title_en\": \"Catalytic building\", \"title_nl\": \"Catalytic building\", \"caption\": \"Catalytic building\", \"caption_en\": \"Catalytic building\", \"caption_nl\": \"Catalytic building\", \"link_title\": \"Catalytic building\", \"link_title_en\": \"Catalytic building\", \"link_title_nl\": \"Catalytic building\", \"page\": 6, \"scaling\": \"fill\"}]}',NULL,6,2),(117,0,'2019-07-04 10:23:38.685022','{\"pk\": 6, \"path\": \"00010002\", \"depth\": 2, \"numchild\": 4, \"title\": \"Home\", \"title_en\": \"Home\", \"title_nl\": \"Woning\", \"draft_title\": \"Home\", \"slug\": \"except\", \"slug_en\": \"except\", \"slug_nl\": \"except\", \"content_type\": 51, \"live\": true, \"has_unpublished_changes\": false, \"url_path\": \"/except/\", \"url_path_en\": \"/except/\", \"url_path_nl\": \"/except/\", \"owner\": null, \"seo_title\": \"\", \"seo_title_en\": null, \"seo_title_nl\": null, \"show_in_menus\": true, \"search_description\": \"\", \"search_description_en\": \"\", \"search_description_nl\": \"\", \"go_live_at\": null, \"expire_at\": null, \"expired\": false, \"locked\": false, \"first_published_at\": \"2019-06-19T12:34:24.441Z\", \"last_published_at\": \"2019-07-04T10:12:35.991Z\", \"latest_revision_created_at\": \"2019-07-04T10:12:35.877Z\", \"live_revision\": 116, \"hero_image\": \"hero-home_U7sCtSb.jpg\", \"navbar_inverted\": true, \"navbar_transparent\": true, \"hero_title\": \"We make new futures possible\", \"hero_title_en\": \"We make new futures possible\", \"hero_title_nl\": \"We maken nieuwe toekomstmogelijkheden mogelijk\", \"hero_subtitle\": \"Leading sustainability consultants & designers\", \"hero_subtitle_en\": \"Leading sustainability consultants & designers\", \"hero_subtitle_nl\": \"Toonaangevende consultants en ontwerpers op het gebied van duurzaamheid\", \"introduction\": \"Etiam elementum condimentum massa quis rutrum. Pellentesque sit amet risus imperdiet, vehicula libero tempor, rhoncus augue. Vivamus vulputate aliquet magna vel tempus. Mauris laoreet at justo sit amet feugiat. Cras quis augue nec sapien mollis dapibus. Pellentesque enim mauris, consequat in lorem id, facilisis condimentum libero. Nam ac sapien posuere, ornare dui nec, cursus purus. Fusce sit amet orci massa. Nam lacinia mauris ac auctor eleifend. Cras commodo, nisi mattis vehicula tempus, metus ante finibus orci, in eleifend eros ipsum eu enim. Curabitur et arcu eu velit egestas varius. Aenean molestie varius ultricies. Ut eget dignissim mi, consequat tristique metus. Integer convallis ullamcorper condimentum. In scelerisque nulla eget quam suscipit finibus. In metus libero, suscipit in maximus sit amet, gravida ac dui.\", \"introduction_en\": \"Etiam elementum condimentum massa quis rutrum. Pellentesque sit amet risus imperdiet, vehicula libero tempor, rhoncus augue. Vivamus vulputate aliquet magna vel tempus. Mauris laoreet at justo sit amet feugiat. Cras quis augue nec sapien mollis dapibus. Pellentesque enim mauris, consequat in lorem id, facilisis condimentum libero. Nam ac sapien posuere, ornare dui nec, cursus purus. Fusce sit amet orci massa. Nam lacinia mauris ac auctor eleifend. Cras commodo, nisi mattis vehicula tempus, metus ante finibus orci, in eleifend eros ipsum eu enim. Curabitur et arcu eu velit egestas varius. Aenean molestie varius ultricies. Ut eget dignissim mi, consequat tristique metus. Integer convallis ullamcorper condimentum. In scelerisque nulla eget quam suscipit finibus. In metus libero, suscipit in maximus sit amet, gravida ac dui.\", \"introduction_nl\": \"Etiam elementum condimentum massa quis rutrum. Pellentesque sit amet risus imperdiet, vehicula libero tempor, rhoncus augue. Vivamus vulputate aliquet magna vel tempus. Mauris laoreet at justo sit amet feugiat. Cras quis augue nec sapien mollis dapibus. Pellentesque enim mauris, consequat in lorem id, facilisis condimentum libero. Nam ac sapien posuere, ornare dui nec, cursus purus. Fusce sit amet orci massa. Nam lacinia mauris ac auctor eleifend. Cras commodo, nisi mattis vehicula tempus, metus ante finibus orci, in eleifend eros ipsum eu enim. Curabitur et arcu eu velit egestas varius. Aenean molestie varius ultricies. Ut eget dignissim mi, consequat tristique metus. Integer convallis ullamcorper condimentum. In scelerisque nulla eget quam suscipit finibus. In metus libero, suscipit in maximus sit amet, gravida ac dui.\", \"services_image\": \"working-area-photo_vccwrKC.png\", \"carousel_items\": [{\"pk\": 1, \"sort_order\": 0, \"image\": 4, \"link_page\": null, \"title\": \"Except Sid Methodology\", \"title_en\": \"Except Sid Methodology\", \"title_nl\": \"Except Sid Methodology\", \"caption\": \"Except Sid Methodology\", \"caption_en\": \"Except Sid Methodology\", \"caption_nl\": \"Except Sid Methodology\", \"link_title\": \"Sid website\", \"link_title_en\": \"Sid website\", \"link_title_nl\": \"Sid website\", \"page\": 6, \"scaling\": \"fit\"}, {\"pk\": 2, \"sort_order\": 1, \"image\": 28, \"link_page\": null, \"title\": \"Achieving global impact\", \"title_en\": \"Achieving global impact\", \"title_nl\": \"Wereldwijde impact realiseren\", \"caption\": \"Our team of experts shares their experience and passion since 1999 in more than 500 projects worldwide, for over 200 partners.\", \"caption_en\": \"Our team of experts shares their experience and passion since 1999 in more than 500 projects worldwide, for over 200 partners.\", \"caption_nl\": \"Ons team van experts deelt hun ervaring en passie sinds 1999 in meer dan 500 projecten over de hele wereld, voor meer dan 200 partners.\", \"link_title\": \"View our projects\", \"link_title_en\": \"View our projects\", \"link_title_nl\": \"Bekijk onze projecten\", \"page\": 6, \"scaling\": \"fill\"}, {\"pk\": 3, \"sort_order\": 2, \"image\": 3, \"link_page\": 19, \"title\": \"Catalytic building\", \"title_en\": \"Catalytic building\", \"title_nl\": \"Catalytic building\", \"caption\": \"Catalytic building\", \"caption_en\": \"Catalytic building\", \"caption_nl\": \"Catalytic building\", \"link_title\": \"Catalytic building\", \"link_title_en\": \"Catalytic building\", \"link_title_nl\": \"Catalytic building\", \"page\": 6, \"scaling\": \"fill\"}]}',NULL,6,2),(118,0,'2019-07-04 10:24:50.044067','{\"pk\": 6, \"path\": \"00010002\", \"depth\": 2, \"numchild\": 4, \"title\": \"Home\", \"title_en\": \"Home\", \"title_nl\": \"Woning\", \"draft_title\": \"Home\", \"slug\": \"except\", \"slug_en\": \"except\", \"slug_nl\": \"except\", \"content_type\": 51, \"live\": false, \"has_unpublished_changes\": true, \"url_path\": \"/except/\", \"url_path_en\": \"/except/\", \"url_path_nl\": \"/except/\", \"owner\": null, \"seo_title\": \"\", \"seo_title_en\": null, \"seo_title_nl\": null, \"show_in_menus\": true, \"search_description\": \"\", \"search_description_en\": \"\", \"search_description_nl\": \"\", \"go_live_at\": null, \"expire_at\": null, \"expired\": false, \"locked\": false, \"first_published_at\": \"2019-06-19T12:34:24.441Z\", \"last_published_at\": \"2019-07-04T10:12:35.991Z\", \"latest_revision_created_at\": \"2019-07-04T10:23:38.685Z\", \"live_revision\": 116, \"hero_image\": \"hero-home_U7sCtSb.jpg\", \"navbar_inverted\": true, \"navbar_transparent\": true, \"hero_title\": \"We make new futures possible\", \"hero_title_en\": \"We make new futures possible\", \"hero_title_nl\": \"We maken nieuwe toekomstmogelijkheden mogelijk\", \"hero_subtitle\": \"Leading sustainability consultants & designers\", \"hero_subtitle_en\": \"Leading sustainability consultants & designers\", \"hero_subtitle_nl\": \"Toonaangevende consultants en ontwerpers op het gebied van duurzaamheid\", \"introduction\": \"Etiam elementum condimentum massa quis rutrum. Pellentesque sit amet risus imperdiet, vehicula libero tempor, rhoncus augue. Vivamus vulputate aliquet magna vel tempus. Mauris laoreet at justo sit amet feugiat. Cras quis augue nec sapien mollis dapibus. Pellentesque enim mauris, consequat in lorem id, facilisis condimentum libero. Nam ac sapien posuere, ornare dui nec, cursus purus. Fusce sit amet orci massa. Nam lacinia mauris ac auctor eleifend. Cras commodo, nisi mattis vehicula tempus, metus ante finibus orci, in eleifend eros ipsum eu enim. Curabitur et arcu eu velit egestas varius. Aenean molestie varius ultricies. Ut eget dignissim mi, consequat tristique metus. Integer convallis ullamcorper condimentum. In scelerisque nulla eget quam suscipit finibus. In metus libero, suscipit in maximus sit amet, gravida ac dui.\", \"introduction_en\": \"Etiam elementum condimentum massa quis rutrum. Pellentesque sit amet risus imperdiet, vehicula libero tempor, rhoncus augue. Vivamus vulputate aliquet magna vel tempus. Mauris laoreet at justo sit amet feugiat. Cras quis augue nec sapien mollis dapibus. Pellentesque enim mauris, consequat in lorem id, facilisis condimentum libero. Nam ac sapien posuere, ornare dui nec, cursus purus. Fusce sit amet orci massa. Nam lacinia mauris ac auctor eleifend. Cras commodo, nisi mattis vehicula tempus, metus ante finibus orci, in eleifend eros ipsum eu enim. Curabitur et arcu eu velit egestas varius. Aenean molestie varius ultricies. Ut eget dignissim mi, consequat tristique metus. Integer convallis ullamcorper condimentum. In scelerisque nulla eget quam suscipit finibus. In metus libero, suscipit in maximus sit amet, gravida ac dui.\", \"introduction_nl\": \"Etiam elementum condimentum massa quis rutrum. Pellentesque sit amet risus imperdiet, vehicula libero tempor, rhoncus augue. Vivamus vulputate aliquet magna vel tempus. Mauris laoreet at justo sit amet feugiat. Cras quis augue nec sapien mollis dapibus. Pellentesque enim mauris, consequat in lorem id, facilisis condimentum libero. Nam ac sapien posuere, ornare dui nec, cursus purus. Fusce sit amet orci massa. Nam lacinia mauris ac auctor eleifend. Cras commodo, nisi mattis vehicula tempus, metus ante finibus orci, in eleifend eros ipsum eu enim. Curabitur et arcu eu velit egestas varius. Aenean molestie varius ultricies. Ut eget dignissim mi, consequat tristique metus. Integer convallis ullamcorper condimentum. In scelerisque nulla eget quam suscipit finibus. In metus libero, suscipit in maximus sit amet, gravida ac dui.\", \"services_image\": \"working-area-photo_vccwrKC.png\", \"carousel_items\": [{\"pk\": 1, \"sort_order\": 0, \"image\": 4, \"link_page\": null, \"title\": \"Except Sid Methodology\", \"title_en\": \"Except Sid Methodology\", \"title_nl\": \"Except Sid Methodology\", \"caption\": \"Except Sid Methodology\", \"caption_en\": \"Except Sid Methodology\", \"caption_nl\": \"Except Sid Methodology\", \"link_title\": \"Sid website\", \"link_title_en\": \"Sid website\", \"link_title_nl\": \"Sid website\", \"page\": null, \"scaling\": \"fit\"}, {\"pk\": 2, \"sort_order\": 1, \"image\": 28, \"link_page\": null, \"title\": \"Achieving global impact\", \"title_en\": \"Achieving global impact\", \"title_nl\": \"Wereldwijde impact realiseren\", \"caption\": \"Our team of experts shares their experience and passion since 1999 in more than 500 projects worldwide, for over 200 partners.\", \"caption_en\": \"Our team of experts shares their experience and passion since 1999 in more than 500 projects worldwide, for over 200 partners.\", \"caption_nl\": \"Ons team van experts deelt hun ervaring en passie sinds 1999 in meer dan 500 projecten over de hele wereld, voor meer dan 200 partners.\", \"link_title\": \"View our projects\", \"link_title_en\": \"View our projects\", \"link_title_nl\": \"Bekijk onze projecten\", \"page\": null, \"scaling\": \"fill\"}, {\"pk\": 3, \"sort_order\": 2, \"image\": 3, \"link_page\": 19, \"title\": \"Catalytic building\", \"title_en\": \"Catalytic building\", \"title_nl\": \"Catalytic building\", \"caption\": \"Catalytic building\", \"caption_en\": \"Catalytic building\", \"caption_nl\": \"Catalytic building\", \"link_title\": \"Catalytic building\", \"link_title_en\": \"Catalytic building\", \"link_title_nl\": \"Catalytic building\", \"page\": null, \"scaling\": \"fill\"}]}',NULL,6,2),(119,0,'2019-07-04 10:27:19.694795','{\"pk\": 12, \"path\": \"000100020002\", \"depth\": 3, \"numchild\": 2, \"title\": \"About\", \"title_en\": \"About\", \"title_nl\": \"About\", \"draft_title\": \"About\", \"slug\": \"about\", \"slug_en\": \"about\", \"slug_nl\": \"about\", \"content_type\": 9, \"live\": true, \"has_unpublished_changes\": false, \"url_path\": \"/except/about/\", \"url_path_en\": \"/except/about/\", \"url_path_nl\": \"/except/about/\", \"owner\": null, \"seo_title\": \"\", \"seo_title_en\": null, \"seo_title_nl\": null, \"show_in_menus\": true, \"search_description\": \"\", \"search_description_en\": \"\", \"search_description_nl\": \"\", \"go_live_at\": null, \"expire_at\": null, \"expired\": false, \"locked\": false, \"first_published_at\": \"2019-06-19T14:31:29.356Z\", \"last_published_at\": \"2019-07-01T15:12:39.352Z\", \"latest_revision_created_at\": \"2019-07-01T15:12:39.190Z\", \"live_revision\": 108, \"hero_image\": \"hero-about_YDaQjqj.jpg\", \"hero_title\": \"Our Profile\", \"hero_title_en\": \"Our Profile\", \"hero_title_nl\": \"Our Profile\", \"hero_subtitle\": \"Leading sustainability consultants & designers\", \"hero_subtitle_en\": \"Leading sustainability consultants & designers\", \"hero_subtitle_nl\": \"Leading sustainability consultants & designers\", \"except_introduction\": \"Maecenas eu nibh dignissim, lobortis enim malesuada, pellentesque ex. Nullam scelerisque placerat nisl, sed fringilla orci accumsan sit amet. Phasellus vitae quam sem. Mauris elementum neque id lacus elementum pulvinar. Curabitur facilisis auctor ligula, vitae malesuada nunc congue sed. Fusce scelerisque euismod elit eget iaculis. Aliquam eu pellentesque tellus. Nullam in turpis vel tortor consectetur imperdiet ac eu dui. Donec pulvinar rutrum ex non ornare. Morbi maximus gravida ullamcorper. Nullam aliquam aliquet mattis. In at urna sagittis libero placerat accumsan. Integer viverra ac metus faucibus hendrerit. Curabitur odio mi, auctor ac sem in, hendrerit lobortis lorem.\", \"team_introduction\": \"<p>Ut est nulla, feugiat a augue at, pretium tempor nunc. Mauris ac lectus eu augue laoreet commodo. Curabitur vitae mi id massa varius efficitur at in arcu. Aliquam tempor arcu quis ipsum convallis, id facilisis eros posuere. Aenean vitae lobortis tortor, non dapibus massa. Morbi viverra, velit non iaculis ornare, dui nibh varius purus, eget vestibulum urna nibh quis orci. Praesent quis libero eu libero viverra hendrerit in eget erat. Praesent a purus non elit blandit hendrerit.</p>\", \"collaboration_introduction\": \"<p>Ut est nulla, feugiat a augue at, pretium tempor nunc. Mauris ac lectus eu augue laoreet commodo. Curabitur vitae mi id massa varius efficitur at in arcu. Aliquam tempor arcu quis ipsum convallis, id facilisis eros posuere. Aenean vitae lobortis tortor, non dapibus massa. Morbi viverra, velit non iaculis ornare, dui nibh varius purus, eget vestibulum urna nibh quis orci. Praesent quis libero eu libero viverra hendrerit in eget erat. Praesent a purus non elit blandit hendrerit.</p>\", \"navbar_transparent\": false, \"navbar_inverted\": true, \"quotes\": [{\"pk\": 1, \"sort_order\": 0, \"company\": \"IUCN Interim manager Leaders for Nature\", \"caption\": \"<p>Ut est nulla, feugiat a augue at, pretium tempor nunc. Mauris ac lectus eu augue laoreet commodo. Curabitur vitae mi id massa varius efficitur at in arcu. Aliquam tempor arcu quis ipsum convallis, id facilisis eros posuere. Aenean vitae lobortis tortor, non dapibus massa.</p>\", \"name\": \"Miriam van Gool\", \"page\": 12}, {\"pk\": 2, \"sort_order\": 1, \"company\": \"IUCN Interim manager Leaders for Nature\", \"caption\": \"<p>Ut est nulla, feugiat a augue at, pretium tempor nunc. Mauris ac lectus eu augue laoreet commodo. Curabitur vitae mi id massa varius efficitur at in arcu. Aliquam tempor arcu quis ipsum convallis, id facilisis eros posuere. Aenean vitae lobortis tortor, non dapibus massa.</p>\", \"name\": \"Miriam van Gool\", \"page\": 12}]}',NULL,12,2),(120,0,'2019-07-04 11:51:59.286976','{\"pk\": 6, \"path\": \"00010002\", \"depth\": 2, \"numchild\": 4, \"title\": \"Woning\", \"title_en\": \"Home\", \"title_nl\": \"Woning\", \"draft_title\": \"Home\", \"slug\": \"except\", \"slug_en\": \"except\", \"slug_nl\": \"except\", \"content_type\": 51, \"live\": true, \"has_unpublished_changes\": false, \"url_path\": \"/except/\", \"url_path_en\": \"/except/\", \"url_path_nl\": \"/except/\", \"owner\": null, \"seo_title\": \"\", \"seo_title_en\": null, \"seo_title_nl\": null, \"show_in_menus\": true, \"search_description\": \"\", \"search_description_en\": \"\", \"search_description_nl\": \"\", \"go_live_at\": null, \"expire_at\": null, \"expired\": false, \"locked\": false, \"first_published_at\": \"2019-06-19T12:34:24.441Z\", \"last_published_at\": \"2019-07-04T10:24:50.170Z\", \"latest_revision_created_at\": \"2019-07-04T10:24:50.044Z\", \"live_revision\": 118, \"hero_image\": \"hero-home_U7sCtSb.jpg\", \"navbar_inverted\": true, \"navbar_transparent\": true, \"hero_title\": \"We maken nieuwe toekomstmogelijkheden mogelijk\", \"hero_title_en\": \"We make new futures possible\", \"hero_title_nl\": \"We maken nieuwe toekomstmogelijkheden mogelijk\", \"hero_subtitle\": \"Toonaangevende consultants en ontwerpers op het gebied van duurzaamheid\", \"hero_subtitle_en\": \"Leading sustainability consultants & designers\", \"hero_subtitle_nl\": \"Toonaangevende consultants en ontwerpers op het gebied van duurzaamheid\", \"introduction\": \"Etiam elementum condimentum massa quis rutrum. Pellentesque sit amet risus imperdiet, vehicula libero tempor, rhoncus augue. Vivamus vulputate aliquet magna vel tempus. Mauris laoreet at justo sit amet feugiat. Cras quis augue nec sapien mollis dapibus. Pellentesque enim mauris, consequat in lorem id, facilisis condimentum libero. Nam ac sapien posuere, ornare dui nec, cursus purus. Fusce sit amet orci massa. Nam lacinia mauris ac auctor eleifend. Cras commodo, nisi mattis vehicula tempus, metus ante finibus orci, in eleifend eros ipsum eu enim. Curabitur et arcu eu velit egestas varius. Aenean molestie varius ultricies. Ut eget dignissim mi, consequat tristique metus. Integer convallis ullamcorper condimentum. In scelerisque nulla eget quam suscipit finibus. In metus libero, suscipit in maximus sit amet, gravida ac dui.\", \"introduction_en\": \"Etiam elementum condimentum massa quis rutrum. Pellentesque sit amet risus imperdiet, vehicula libero tempor, rhoncus augue. Vivamus vulputate aliquet magna vel tempus. Mauris laoreet at justo sit amet feugiat. Cras quis augue nec sapien mollis dapibus. Pellentesque enim mauris, consequat in lorem id, facilisis condimentum libero. Nam ac sapien posuere, ornare dui nec, cursus purus. Fusce sit amet orci massa. Nam lacinia mauris ac auctor eleifend. Cras commodo, nisi mattis vehicula tempus, metus ante finibus orci, in eleifend eros ipsum eu enim. Curabitur et arcu eu velit egestas varius. Aenean molestie varius ultricies. Ut eget dignissim mi, consequat tristique metus. Integer convallis ullamcorper condimentum. In scelerisque nulla eget quam suscipit finibus. In metus libero, suscipit in maximus sit amet, gravida ac dui.\", \"introduction_nl\": \"Etiam elementum condimentum massa quis rutrum. Pellentesque sit amet risus imperdiet, vehicula libero tempor, rhoncus augue. Vivamus vulputate aliquet magna vel tempus. Mauris laoreet at justo sit amet feugiat. Cras quis augue nec sapien mollis dapibus. Pellentesque enim mauris, consequat in lorem id, facilisis condimentum libero. Nam ac sapien posuere, ornare dui nec, cursus purus. Fusce sit amet orci massa. Nam lacinia mauris ac auctor eleifend. Cras commodo, nisi mattis vehicula tempus, metus ante finibus orci, in eleifend eros ipsum eu enim. Curabitur et arcu eu velit egestas varius. Aenean molestie varius ultricies. Ut eget dignissim mi, consequat tristique metus. Integer convallis ullamcorper condimentum. In scelerisque nulla eget quam suscipit finibus. In metus libero, suscipit in maximus sit amet, gravida ac dui.\", \"services_image\": \"working-area-photo_vccwrKC.png\", \"carousel_items\": [{\"pk\": 1, \"sort_order\": 0, \"image\": 4, \"link_page\": null, \"title\": \"Except Sid Methodology\", \"title_en\": \"Except Sid Methodology\", \"title_nl\": \"Except Sid Methodology\", \"caption\": \"Except Sid Methodology\", \"caption_en\": \"Except Sid Methodology\", \"caption_nl\": \"Except Sid Methodology\", \"link_title\": \"Sid website\", \"link_title_en\": \"Sid website\", \"link_title_nl\": \"Sid website\", \"page\": 6, \"scaling\": \"fit\"}, {\"pk\": 2, \"sort_order\": 1, \"image\": 28, \"link_page\": null, \"title\": \"Wereldwijde impact realiseren\", \"title_en\": \"Achieving global impact\", \"title_nl\": \"Wereldwijde impact realiseren\", \"caption\": \"Ons team van experts deelt hun ervaring en passie sinds 1999 in meer dan 500 projecten over de hele wereld, voor meer dan 200 partners.\", \"caption_en\": \"Our team of experts shares their experience and passion since 1999 in more than 500 projects worldwide, for over 200 partners.\", \"caption_nl\": \"Ons team van experts deelt hun ervaring en passie sinds 1999 in meer dan 500 projecten over de hele wereld, voor meer dan 200 partners.\", \"link_title\": \"Bekijk onze projecten\", \"link_title_en\": \"View our projects\", \"link_title_nl\": \"Bekijk onze projecten\", \"page\": 6, \"scaling\": \"fill\"}, {\"pk\": 3, \"sort_order\": 2, \"image\": 3, \"link_page\": 19, \"title\": \"Catalytic building\", \"title_en\": \"Catalytic building\", \"title_nl\": \"Catalytic building\", \"caption\": \"Catalytic building\", \"caption_en\": \"Catalytic building\", \"caption_nl\": \"Catalytic building\", \"link_title\": \"Catalytic building\", \"link_title_en\": \"Catalytic building\", \"link_title_nl\": \"Catalytic building\", \"page\": 6, \"scaling\": \"fill\"}]}',NULL,6,2),(121,0,'2019-07-04 11:56:44.634904','{\"pk\": 6, \"path\": \"00010002\", \"depth\": 2, \"numchild\": 4, \"title\": \"Home\", \"title_en\": \"Home\", \"title_nl\": \"Woning\", \"draft_title\": \"Woning\", \"slug\": \"except\", \"slug_en\": \"except\", \"slug_nl\": \"except\", \"content_type\": 51, \"live\": true, \"has_unpublished_changes\": false, \"url_path\": \"/except/\", \"url_path_en\": \"/except/\", \"url_path_nl\": \"/except/\", \"owner\": null, \"seo_title\": \"\", \"seo_title_en\": null, \"seo_title_nl\": null, \"show_in_menus\": true, \"search_description\": \"\", \"search_description_en\": \"\", \"search_description_nl\": \"\", \"go_live_at\": null, \"expire_at\": null, \"expired\": false, \"locked\": false, \"first_published_at\": \"2019-06-19T12:34:24.441Z\", \"last_published_at\": \"2019-07-04T11:51:59.433Z\", \"latest_revision_created_at\": \"2019-07-04T11:51:59.286Z\", \"live_revision\": 120, \"hero_image\": \"hero-home_U7sCtSb.jpg\", \"navbar_inverted\": true, \"navbar_transparent\": true, \"hero_title\": \"We make new futures possible\", \"hero_title_en\": \"We make new futures possible\", \"hero_title_nl\": \"We maken nieuwe toekomstmogelijkheden mogelijk\", \"hero_subtitle\": \"Leading sustainability consultants & designers\", \"hero_subtitle_en\": \"Leading sustainability consultants & designers\", \"hero_subtitle_nl\": \"Toonaangevende consultants en ontwerpers op het gebied van duurzaamheid\", \"introduction\": \"Etiam elementum condimentum massa quis rutrum. Pellentesque sit amet risus imperdiet, vehicula libero tempor, rhoncus augue. Vivamus vulputate aliquet magna vel tempus. Mauris laoreet at justo sit amet feugiat. Cras quis augue nec sapien mollis dapibus. Pellentesque enim mauris, consequat in lorem id, facilisis condimentum libero. Nam ac sapien posuere, ornare dui nec, cursus purus. Fusce sit amet orci massa. Nam lacinia mauris ac auctor eleifend. Cras commodo, nisi mattis vehicula tempus, metus ante finibus orci, in eleifend eros ipsum eu enim. Curabitur et arcu eu velit egestas varius. Aenean molestie varius ultricies. Ut eget dignissim mi, consequat tristique metus. Integer convallis ullamcorper condimentum. In scelerisque nulla eget quam suscipit finibus. In metus libero, suscipit in maximus sit amet, gravida ac dui.\", \"introduction_en\": \"Etiam elementum condimentum massa quis rutrum. Pellentesque sit amet risus imperdiet, vehicula libero tempor, rhoncus augue. Vivamus vulputate aliquet magna vel tempus. Mauris laoreet at justo sit amet feugiat. Cras quis augue nec sapien mollis dapibus. Pellentesque enim mauris, consequat in lorem id, facilisis condimentum libero. Nam ac sapien posuere, ornare dui nec, cursus purus. Fusce sit amet orci massa. Nam lacinia mauris ac auctor eleifend. Cras commodo, nisi mattis vehicula tempus, metus ante finibus orci, in eleifend eros ipsum eu enim. Curabitur et arcu eu velit egestas varius. Aenean molestie varius ultricies. Ut eget dignissim mi, consequat tristique metus. Integer convallis ullamcorper condimentum. In scelerisque nulla eget quam suscipit finibus. In metus libero, suscipit in maximus sit amet, gravida ac dui.\", \"introduction_nl\": \"Etiam elementum condimentum massa quis rutrum. Pellentesque sit amet risus imperdiet, vehicula libero tempor, rhoncus augue. Vivamus vulputate aliquet magna vel tempus. Mauris laoreet at justo sit amet feugiat. Cras quis augue nec sapien mollis dapibus. Pellentesque enim mauris, consequat in lorem id, facilisis condimentum libero. Nam ac sapien posuere, ornare dui nec, cursus purus. Fusce sit amet orci massa. Nam lacinia mauris ac auctor eleifend. Cras commodo, nisi mattis vehicula tempus, metus ante finibus orci, in eleifend eros ipsum eu enim. Curabitur et arcu eu velit egestas varius. Aenean molestie varius ultricies. Ut eget dignissim mi, consequat tristique metus. Integer convallis ullamcorper condimentum. In scelerisque nulla eget quam suscipit finibus. In metus libero, suscipit in maximus sit amet, gravida ac dui.\", \"services_image\": \"working-area-photo_vccwrKC.png\", \"carousel_items\": [{\"pk\": 1, \"sort_order\": 0, \"image\": 4, \"link_page\": null, \"title\": \"Except Sid Methodology\", \"title_en\": \"Except Sid Methodology\", \"title_nl\": \"Except Sid Methodology\", \"caption\": \"Except Sid Methodology\", \"caption_en\": \"Except Sid Methodology\", \"caption_nl\": \"Except Sid Methodology\", \"link_title\": \"Sid website\", \"link_title_en\": \"Sid website\", \"link_title_nl\": \"Sid website\", \"page\": 6, \"scaling\": \"fit\"}, {\"pk\": 2, \"sort_order\": 1, \"image\": 28, \"link_page\": null, \"title\": \"Achieving global impact\", \"title_en\": \"Achieving global impact\", \"title_nl\": \"Wereldwijde impact realiseren\", \"caption\": \"Our team of experts shares their experience and passion since 1999 in more than 500 projects worldwide, for over 200 partners.\", \"caption_en\": \"Our team of experts shares their experience and passion since 1999 in more than 500 projects worldwide, for over 200 partners.\", \"caption_nl\": \"Ons team van experts deelt hun ervaring en passie sinds 1999 in meer dan 500 projecten over de hele wereld, voor meer dan 200 partners.\", \"link_title\": \"View our projects\", \"link_title_en\": \"View our projects\", \"link_title_nl\": \"Bekijk onze projecten\", \"page\": 6, \"scaling\": \"fill\"}, {\"pk\": 3, \"sort_order\": 2, \"image\": 3, \"link_page\": 19, \"title\": \"Catalytic building\", \"title_en\": \"Catalytic building\", \"title_nl\": \"Catalytic building\", \"caption\": \"Catalytic building\", \"caption_en\": \"Catalytic building\", \"caption_nl\": \"Catalytic building\", \"link_title\": \"Catalytic building\", \"link_title_en\": \"Catalytic building\", \"link_title_nl\": \"Catalytic building\", \"page\": 6, \"scaling\": \"fill\"}]}',NULL,6,2),(122,0,'2019-07-04 11:57:06.547007','{\"pk\": 6, \"path\": \"00010002\", \"depth\": 2, \"numchild\": 4, \"title\": \"Woning\", \"title_en\": \"Home\", \"title_nl\": \"Woning\", \"draft_title\": \"Home\", \"slug\": \"except\", \"slug_en\": \"except\", \"slug_nl\": \"except\", \"content_type\": 51, \"live\": true, \"has_unpublished_changes\": false, \"url_path\": \"/except/\", \"url_path_en\": \"/except/\", \"url_path_nl\": \"/except/\", \"owner\": null, \"seo_title\": \"\", \"seo_title_en\": null, \"seo_title_nl\": null, \"show_in_menus\": true, \"search_description\": \"\", \"search_description_en\": \"\", \"search_description_nl\": \"\", \"go_live_at\": null, \"expire_at\": null, \"expired\": false, \"locked\": false, \"first_published_at\": \"2019-06-19T12:34:24.441Z\", \"last_published_at\": \"2019-07-04T11:56:44.751Z\", \"latest_revision_created_at\": \"2019-07-04T11:56:44.634Z\", \"live_revision\": 121, \"hero_image\": \"hero-home_U7sCtSb.jpg\", \"navbar_inverted\": true, \"navbar_transparent\": true, \"hero_title\": \"We maken nieuwe toekomstmogelijkheden mogelijk\", \"hero_title_en\": \"We make new futures possible\", \"hero_title_nl\": \"We maken nieuwe toekomstmogelijkheden mogelijk\", \"hero_subtitle\": \"Toonaangevende consultants en ontwerpers op het gebied van duurzaamheid\", \"hero_subtitle_en\": \"Leading sustainability consultants & designers\", \"hero_subtitle_nl\": \"Toonaangevende consultants en ontwerpers op het gebied van duurzaamheid\", \"introduction\": \"Etiam elementum condimentum massa quis rutrum. Pellentesque sit amet risus imperdiet, vehicula libero tempor, rhoncus augue. Vivamus vulputate aliquet magna vel tempus. Mauris laoreet at justo sit amet feugiat. Cras quis augue nec sapien mollis dapibus. Pellentesque enim mauris, consequat in lorem id, facilisis condimentum libero. Nam ac sapien posuere, ornare dui nec, cursus purus. Fusce sit amet orci massa. Nam lacinia mauris ac auctor eleifend. Cras commodo, nisi mattis vehicula tempus, metus ante finibus orci, in eleifend eros ipsum eu enim. Curabitur et arcu eu velit egestas varius. Aenean molestie varius ultricies. Ut eget dignissim mi, consequat tristique metus. Integer convallis ullamcorper condimentum. In scelerisque nulla eget quam suscipit finibus. In metus libero, suscipit in maximus sit amet, gravida ac dui.\", \"introduction_en\": \"Etiam elementum condimentum massa quis rutrum. Pellentesque sit amet risus imperdiet, vehicula libero tempor, rhoncus augue. Vivamus vulputate aliquet magna vel tempus. Mauris laoreet at justo sit amet feugiat. Cras quis augue nec sapien mollis dapibus. Pellentesque enim mauris, consequat in lorem id, facilisis condimentum libero. Nam ac sapien posuere, ornare dui nec, cursus purus. Fusce sit amet orci massa. Nam lacinia mauris ac auctor eleifend. Cras commodo, nisi mattis vehicula tempus, metus ante finibus orci, in eleifend eros ipsum eu enim. Curabitur et arcu eu velit egestas varius. Aenean molestie varius ultricies. Ut eget dignissim mi, consequat tristique metus. Integer convallis ullamcorper condimentum. In scelerisque nulla eget quam suscipit finibus. In metus libero, suscipit in maximus sit amet, gravida ac dui.\", \"introduction_nl\": \"Etiam elementum condimentum massa quis rutrum. Pellentesque sit amet risus imperdiet, vehicula libero tempor, rhoncus augue. Vivamus vulputate aliquet magna vel tempus. Mauris laoreet at justo sit amet feugiat. Cras quis augue nec sapien mollis dapibus. Pellentesque enim mauris, consequat in lorem id, facilisis condimentum libero. Nam ac sapien posuere, ornare dui nec, cursus purus. Fusce sit amet orci massa. Nam lacinia mauris ac auctor eleifend. Cras commodo, nisi mattis vehicula tempus, metus ante finibus orci, in eleifend eros ipsum eu enim. Curabitur et arcu eu velit egestas varius. Aenean molestie varius ultricies. Ut eget dignissim mi, consequat tristique metus. Integer convallis ullamcorper condimentum. In scelerisque nulla eget quam suscipit finibus. In metus libero, suscipit in maximus sit amet, gravida ac dui.\", \"services_image\": \"working-area-photo_vccwrKC.png\", \"carousel_items\": [{\"pk\": 1, \"sort_order\": 0, \"image\": 4, \"link_page\": null, \"title\": \"Except Sid Methodology\", \"title_en\": \"Except Sid Methodology\", \"title_nl\": \"Except Sid Methodology\", \"caption\": \"Except Sid Methodology\", \"caption_en\": \"Except Sid Methodology\", \"caption_nl\": \"Except Sid Methodology\", \"link_title\": \"Sid website\", \"link_title_en\": \"Sid website\", \"link_title_nl\": \"Sid website\", \"page\": 6, \"scaling\": \"fit\"}, {\"pk\": 2, \"sort_order\": 1, \"image\": 28, \"link_page\": null, \"title\": \"Wereldwijde impact realiseren\", \"title_en\": \"Achieving global impact\", \"title_nl\": \"Wereldwijde impact realiseren\", \"caption\": \"Ons team van experts deelt hun ervaring en passie sinds 1999 in meer dan 500 projecten over de hele wereld, voor meer dan 200 partners.\", \"caption_en\": \"Our team of experts shares their experience and passion since 1999 in more than 500 projects worldwide, for over 200 partners.\", \"caption_nl\": \"Ons team van experts deelt hun ervaring en passie sinds 1999 in meer dan 500 projecten over de hele wereld, voor meer dan 200 partners.\", \"link_title\": \"Bekijk onze projecten\", \"link_title_en\": \"View our projects\", \"link_title_nl\": \"Bekijk onze projecten\", \"page\": 6, \"scaling\": \"fill\"}, {\"pk\": 3, \"sort_order\": 2, \"image\": 3, \"link_page\": 19, \"title\": \"Catalytic building\", \"title_en\": \"Catalytic building\", \"title_nl\": \"Catalytic building\", \"caption\": \"Catalytic building\", \"caption_en\": \"Catalytic building\", \"caption_nl\": \"Catalytic building\", \"link_title\": \"Catalytic building\", \"link_title_en\": \"Catalytic building\", \"link_title_nl\": \"Catalytic building\", \"page\": 6, \"scaling\": \"fill\"}]}',NULL,6,2),(123,0,'2019-07-04 12:19:10.798605','{\"pk\": 6, \"path\": \"00010002\", \"depth\": 2, \"numchild\": 4, \"title\": \"Home\", \"title_en\": \"Home\", \"title_nl\": \"Woning\", \"draft_title\": \"Woning\", \"slug\": \"except\", \"slug_en\": \"except\", \"slug_nl\": \"except\", \"content_type\": 51, \"live\": true, \"has_unpublished_changes\": false, \"url_path\": \"/except/\", \"url_path_en\": \"/except/\", \"url_path_nl\": \"/except/\", \"owner\": null, \"seo_title\": \"\", \"seo_title_en\": null, \"seo_title_nl\": null, \"show_in_menus\": true, \"search_description\": \"\", \"search_description_en\": \"\", \"search_description_nl\": \"\", \"go_live_at\": null, \"expire_at\": null, \"expired\": false, \"locked\": false, \"first_published_at\": \"2019-06-19T12:34:24.441Z\", \"last_published_at\": \"2019-07-04T11:57:06.623Z\", \"latest_revision_created_at\": \"2019-07-04T11:57:06.547Z\", \"live_revision\": 122, \"hero_image\": \"hero-home_U7sCtSb.jpg\", \"navbar_inverted\": true, \"navbar_transparent\": true, \"hero_title\": \"We make new futures possible\", \"hero_title_en\": \"We make new futures possible\", \"hero_title_nl\": \"We maken nieuwe toekomstmogelijkheden mogelijk\", \"hero_subtitle\": \"Leading sustainability consultants & designers\", \"hero_subtitle_en\": \"Leading sustainability consultants & designers\", \"hero_subtitle_nl\": \"Toonaangevende consultants en ontwerpers op het gebied van duurzaamheid\", \"introduction\": \"Etiam elementum condimentum massa quis rutrum. Pellentesque sit amet risus imperdiet, vehicula libero tempor, rhoncus augue. Vivamus vulputate aliquet magna vel tempus. Mauris laoreet at justo sit amet feugiat. Cras quis augue nec sapien mollis dapibus. Pellentesque enim mauris, consequat in lorem id, facilisis condimentum libero. Nam ac sapien posuere, ornare dui nec, cursus purus. Fusce sit amet orci massa. Nam lacinia mauris ac auctor eleifend. Cras commodo, nisi mattis vehicula tempus, metus ante finibus orci, in eleifend eros ipsum eu enim. Curabitur et arcu eu velit egestas varius. Aenean molestie varius ultricies. Ut eget dignissim mi, consequat tristique metus. Integer convallis ullamcorper condimentum. In scelerisque nulla eget quam suscipit finibus. In metus libero, suscipit in maximus sit amet, gravida ac dui.\", \"introduction_en\": \"Etiam elementum condimentum massa quis rutrum. Pellentesque sit amet risus imperdiet, vehicula libero tempor, rhoncus augue. Vivamus vulputate aliquet magna vel tempus. Mauris laoreet at justo sit amet feugiat. Cras quis augue nec sapien mollis dapibus. Pellentesque enim mauris, consequat in lorem id, facilisis condimentum libero. Nam ac sapien posuere, ornare dui nec, cursus purus. Fusce sit amet orci massa. Nam lacinia mauris ac auctor eleifend. Cras commodo, nisi mattis vehicula tempus, metus ante finibus orci, in eleifend eros ipsum eu enim. Curabitur et arcu eu velit egestas varius. Aenean molestie varius ultricies. Ut eget dignissim mi, consequat tristique metus. Integer convallis ullamcorper condimentum. In scelerisque nulla eget quam suscipit finibus. In metus libero, suscipit in maximus sit amet, gravida ac dui.\", \"introduction_nl\": \"Etiam elementum condimentum massa quis rutrum. Pellentesque sit amet risus imperdiet, vehicula libero tempor, rhoncus augue. Vivamus vulputate aliquet magna vel tempus. Mauris laoreet at justo sit amet feugiat. Cras quis augue nec sapien mollis dapibus. Pellentesque enim mauris, consequat in lorem id, facilisis condimentum libero. Nam ac sapien posuere, ornare dui nec, cursus purus. Fusce sit amet orci massa. Nam lacinia mauris ac auctor eleifend. Cras commodo, nisi mattis vehicula tempus, metus ante finibus orci, in eleifend eros ipsum eu enim. Curabitur et arcu eu velit egestas varius. Aenean molestie varius ultricies. Ut eget dignissim mi, consequat tristique metus. Integer convallis ullamcorper condimentum. In scelerisque nulla eget quam suscipit finibus. In metus libero, suscipit in maximus sit amet, gravida ac dui.\", \"services_image\": \"working-area-photo_vccwrKC.png\", \"carousel_items\": [{\"pk\": 1, \"sort_order\": 0, \"image\": 4, \"link_page\": null, \"title\": \"Except Sid Methodology\", \"title_en\": \"Except Sid Methodology\", \"title_nl\": \"Except Sid Methodology\", \"caption\": \"Except Sid Methodology\", \"caption_en\": \"Except Sid Methodology\", \"caption_nl\": \"Except Sid Methodology\", \"link_title\": \"Sid website\", \"link_title_en\": \"Sid website\", \"link_title_nl\": \"Sid website\", \"page\": 6, \"scaling\": \"fit\"}, {\"pk\": 2, \"sort_order\": 1, \"image\": 28, \"link_page\": null, \"title\": \"Achieving global impact\", \"title_en\": \"Achieving global impact\", \"title_nl\": \"Wereldwijde impact realiseren\", \"caption\": \"Our team of experts shares their experience and passion since 1999 in more than 500 projects worldwide, for over 200 partners.\", \"caption_en\": \"Our team of experts shares their experience and passion since 1999 in more than 500 projects worldwide, for over 200 partners.\", \"caption_nl\": \"Ons team van experts deelt hun ervaring en passie sinds 1999 in meer dan 500 projecten over de hele wereld, voor meer dan 200 partners.\", \"link_title\": \"View our projects\", \"link_title_en\": \"View our projects\", \"link_title_nl\": \"Bekijk onze projecten\", \"page\": 6, \"scaling\": \"fill\"}, {\"pk\": 3, \"sort_order\": 2, \"image\": 3, \"link_page\": 19, \"title\": \"Catalytic building\", \"title_en\": \"Catalytic building\", \"title_nl\": \"Catalytic building\", \"caption\": \"Catalytic building\", \"caption_en\": \"Catalytic building\", \"caption_nl\": \"Catalytic building\", \"link_title\": \"Catalytic building\", \"link_title_en\": \"Catalytic building\", \"link_title_nl\": \"Catalytic building\", \"page\": 6, \"scaling\": \"fill\"}]}',NULL,6,2),(124,0,'2019-07-04 12:19:42.987774','{\"pk\": 6, \"path\": \"00010002\", \"depth\": 2, \"numchild\": 4, \"title\": \"Home\", \"title_en\": \"Home\", \"title_nl\": \"Woning\", \"draft_title\": \"Home\", \"slug\": \"except\", \"slug_en\": \"except\", \"slug_nl\": \"except\", \"content_type\": 51, \"live\": true, \"has_unpublished_changes\": false, \"url_path\": \"/except/\", \"url_path_en\": \"/except/\", \"url_path_nl\": \"/except/\", \"owner\": null, \"seo_title\": \"\", \"seo_title_en\": null, \"seo_title_nl\": null, \"show_in_menus\": true, \"search_description\": \"\", \"search_description_en\": \"\", \"search_description_nl\": \"\", \"go_live_at\": null, \"expire_at\": null, \"expired\": false, \"locked\": false, \"first_published_at\": \"2019-06-19T12:34:24.441Z\", \"last_published_at\": \"2019-07-04T12:19:10.902Z\", \"latest_revision_created_at\": \"2019-07-04T12:19:10.798Z\", \"live_revision\": 123, \"hero_image\": \"hero-home_U7sCtSb.jpg\", \"navbar_inverted\": true, \"navbar_transparent\": true, \"hero_title\": \"We make new futures possible\", \"hero_title_en\": \"We make new futures possible\", \"hero_title_nl\": null, \"hero_subtitle\": \"Leading sustainability consultants & designers\", \"hero_subtitle_en\": \"Leading sustainability consultants & designers\", \"hero_subtitle_nl\": null, \"introduction\": \"Etiam elementum condimentum massa quis rutrum. Pellentesque sit amet risus imperdiet, vehicula libero tempor, rhoncus augue. Vivamus vulputate aliquet magna vel tempus. Mauris laoreet at justo sit amet feugiat. Cras quis augue nec sapien mollis dapibus. Pellentesque enim mauris, consequat in lorem id, facilisis condimentum libero. Nam ac sapien posuere, ornare dui nec, cursus purus. Fusce sit amet orci massa. Nam lacinia mauris ac auctor eleifend. Cras commodo, nisi mattis vehicula tempus, metus ante finibus orci, in eleifend eros ipsum eu enim. Curabitur et arcu eu velit egestas varius. Aenean molestie varius ultricies. Ut eget dignissim mi, consequat tristique metus. Integer convallis ullamcorper condimentum. In scelerisque nulla eget quam suscipit finibus. In metus libero, suscipit in maximus sit amet, gravida ac dui.\", \"introduction_en\": \"Etiam elementum condimentum massa quis rutrum. Pellentesque sit amet risus imperdiet, vehicula libero tempor, rhoncus augue. Vivamus vulputate aliquet magna vel tempus. Mauris laoreet at justo sit amet feugiat. Cras quis augue nec sapien mollis dapibus. Pellentesque enim mauris, consequat in lorem id, facilisis condimentum libero. Nam ac sapien posuere, ornare dui nec, cursus purus. Fusce sit amet orci massa. Nam lacinia mauris ac auctor eleifend. Cras commodo, nisi mattis vehicula tempus, metus ante finibus orci, in eleifend eros ipsum eu enim. Curabitur et arcu eu velit egestas varius. Aenean molestie varius ultricies. Ut eget dignissim mi, consequat tristique metus. Integer convallis ullamcorper condimentum. In scelerisque nulla eget quam suscipit finibus. In metus libero, suscipit in maximus sit amet, gravida ac dui.\", \"introduction_nl\": \"Etiam elementum condimentum massa quis rutrum. Pellentesque sit amet risus imperdiet, vehicula libero tempor, rhoncus augue. Vivamus vulputate aliquet magna vel tempus. Mauris laoreet at justo sit amet feugiat. Cras quis augue nec sapien mollis dapibus. Pellentesque enim mauris, consequat in lorem id, facilisis condimentum libero. Nam ac sapien posuere, ornare dui nec, cursus purus. Fusce sit amet orci massa. Nam lacinia mauris ac auctor eleifend. Cras commodo, nisi mattis vehicula tempus, metus ante finibus orci, in eleifend eros ipsum eu enim. Curabitur et arcu eu velit egestas varius. Aenean molestie varius ultricies. Ut eget dignissim mi, consequat tristique metus. Integer convallis ullamcorper condimentum. In scelerisque nulla eget quam suscipit finibus. In metus libero, suscipit in maximus sit amet, gravida ac dui.\", \"services_image\": \"working-area-photo_vccwrKC.png\", \"carousel_items\": [{\"pk\": 1, \"sort_order\": 0, \"image\": 4, \"link_page\": null, \"title\": \"Except Sid Methodology\", \"title_en\": \"Except Sid Methodology\", \"title_nl\": \"Except Sid Methodology\", \"caption\": \"Except Sid Methodology\", \"caption_en\": \"Except Sid Methodology\", \"caption_nl\": \"Except Sid Methodology\", \"link_title\": \"Sid website\", \"link_title_en\": \"Sid website\", \"link_title_nl\": \"Sid website\", \"page\": 6, \"scaling\": \"fit\"}, {\"pk\": 2, \"sort_order\": 1, \"image\": 28, \"link_page\": null, \"title\": \"Achieving global impact\", \"title_en\": \"Achieving global impact\", \"title_nl\": \"Wereldwijde impact realiseren\", \"caption\": \"Our team of experts shares their experience and passion since 1999 in more than 500 projects worldwide, for over 200 partners.\", \"caption_en\": \"Our team of experts shares their experience and passion since 1999 in more than 500 projects worldwide, for over 200 partners.\", \"caption_nl\": \"Ons team van experts deelt hun ervaring en passie sinds 1999 in meer dan 500 projecten over de hele wereld, voor meer dan 200 partners.\", \"link_title\": \"View our projects\", \"link_title_en\": \"View our projects\", \"link_title_nl\": \"Bekijk onze projecten\", \"page\": 6, \"scaling\": \"fill\"}, {\"pk\": 3, \"sort_order\": 2, \"image\": 3, \"link_page\": 19, \"title\": \"Catalytic building\", \"title_en\": \"Catalytic building\", \"title_nl\": \"Catalytic building\", \"caption\": \"Catalytic building\", \"caption_en\": \"Catalytic building\", \"caption_nl\": \"Catalytic building\", \"link_title\": \"Catalytic building\", \"link_title_en\": \"Catalytic building\", \"link_title_nl\": \"Catalytic building\", \"page\": 6, \"scaling\": \"fill\"}]}',NULL,6,2),(125,0,'2019-07-04 12:20:47.427628','{\"pk\": 6, \"path\": \"00010002\", \"depth\": 2, \"numchild\": 4, \"title\": \"Home\", \"title_en\": \"Home\", \"title_nl\": \"Woning\", \"draft_title\": \"Home\", \"slug\": \"except\", \"slug_en\": \"except\", \"slug_nl\": \"except\", \"content_type\": 51, \"live\": true, \"has_unpublished_changes\": true, \"url_path\": \"/except/\", \"url_path_en\": \"/except/\", \"url_path_nl\": \"/except/\", \"owner\": null, \"seo_title\": \"\", \"seo_title_en\": null, \"seo_title_nl\": null, \"show_in_menus\": true, \"search_description\": \"\", \"search_description_en\": \"\", \"search_description_nl\": \"\", \"go_live_at\": null, \"expire_at\": null, \"expired\": false, \"locked\": false, \"first_published_at\": \"2019-06-19T12:34:24.441Z\", \"last_published_at\": \"2019-07-04T12:19:10.902Z\", \"latest_revision_created_at\": \"2019-07-04T12:19:42.987Z\", \"live_revision\": 123, \"hero_image\": \"hero-home_U7sCtSb.jpg\", \"navbar_inverted\": true, \"navbar_transparent\": true, \"hero_title\": \"We make new futures possible\", \"hero_title_en\": \"We make new futures possible\", \"hero_title_nl\": \"We maken nieuwe toekomstmogelijkheden mogelijk\", \"hero_subtitle\": \"Leading sustainability consultants & designers\", \"hero_subtitle_en\": \"Leading sustainability consultants & designers\", \"hero_subtitle_nl\": null, \"introduction\": \"Etiam elementum condimentum massa quis rutrum. Pellentesque sit amet risus imperdiet, vehicula libero tempor, rhoncus augue. Vivamus vulputate aliquet magna vel tempus. Mauris laoreet at justo sit amet feugiat. Cras quis augue nec sapien mollis dapibus. Pellentesque enim mauris, consequat in lorem id, facilisis condimentum libero. Nam ac sapien posuere, ornare dui nec, cursus purus. Fusce sit amet orci massa. Nam lacinia mauris ac auctor eleifend. Cras commodo, nisi mattis vehicula tempus, metus ante finibus orci, in eleifend eros ipsum eu enim. Curabitur et arcu eu velit egestas varius. Aenean molestie varius ultricies. Ut eget dignissim mi, consequat tristique metus. Integer convallis ullamcorper condimentum. In scelerisque nulla eget quam suscipit finibus. In metus libero, suscipit in maximus sit amet, gravida ac dui.\", \"introduction_en\": \"Etiam elementum condimentum massa quis rutrum. Pellentesque sit amet risus imperdiet, vehicula libero tempor, rhoncus augue. Vivamus vulputate aliquet magna vel tempus. Mauris laoreet at justo sit amet feugiat. Cras quis augue nec sapien mollis dapibus. Pellentesque enim mauris, consequat in lorem id, facilisis condimentum libero. Nam ac sapien posuere, ornare dui nec, cursus purus. Fusce sit amet orci massa. Nam lacinia mauris ac auctor eleifend. Cras commodo, nisi mattis vehicula tempus, metus ante finibus orci, in eleifend eros ipsum eu enim. Curabitur et arcu eu velit egestas varius. Aenean molestie varius ultricies. Ut eget dignissim mi, consequat tristique metus. Integer convallis ullamcorper condimentum. In scelerisque nulla eget quam suscipit finibus. In metus libero, suscipit in maximus sit amet, gravida ac dui.\", \"introduction_nl\": \"Etiam elementum condimentum massa quis rutrum. Pellentesque sit amet risus imperdiet, vehicula libero tempor, rhoncus augue. Vivamus vulputate aliquet magna vel tempus. Mauris laoreet at justo sit amet feugiat. Cras quis augue nec sapien mollis dapibus. Pellentesque enim mauris, consequat in lorem id, facilisis condimentum libero. Nam ac sapien posuere, ornare dui nec, cursus purus. Fusce sit amet orci massa. Nam lacinia mauris ac auctor eleifend. Cras commodo, nisi mattis vehicula tempus, metus ante finibus orci, in eleifend eros ipsum eu enim. Curabitur et arcu eu velit egestas varius. Aenean molestie varius ultricies. Ut eget dignissim mi, consequat tristique metus. Integer convallis ullamcorper condimentum. In scelerisque nulla eget quam suscipit finibus. In metus libero, suscipit in maximus sit amet, gravida ac dui.\", \"services_image\": \"working-area-photo_vccwrKC.png\", \"carousel_items\": [{\"pk\": 1, \"sort_order\": 0, \"image\": 4, \"link_page\": null, \"title\": \"Except Sid Methodology\", \"title_en\": \"Except Sid Methodology\", \"title_nl\": \"Except Sid Methodology\", \"caption\": \"Except Sid Methodology\", \"caption_en\": \"Except Sid Methodology\", \"caption_nl\": \"Except Sid Methodology\", \"link_title\": \"Sid website\", \"link_title_en\": \"Sid website\", \"link_title_nl\": \"Sid website\", \"page\": null, \"scaling\": \"fit\"}, {\"pk\": 2, \"sort_order\": 1, \"image\": 28, \"link_page\": null, \"title\": \"Achieving global impact\", \"title_en\": \"Achieving global impact\", \"title_nl\": \"Wereldwijde impact realiseren\", \"caption\": \"Our team of experts shares their experience and passion since 1999 in more than 500 projects worldwide, for over 200 partners.\", \"caption_en\": \"Our team of experts shares their experience and passion since 1999 in more than 500 projects worldwide, for over 200 partners.\", \"caption_nl\": \"Ons team van experts deelt hun ervaring en passie sinds 1999 in meer dan 500 projecten over de hele wereld, voor meer dan 200 partners.\", \"link_title\": \"View our projects\", \"link_title_en\": \"View our projects\", \"link_title_nl\": \"Bekijk onze projecten\", \"page\": null, \"scaling\": \"fill\"}, {\"pk\": 3, \"sort_order\": 2, \"image\": 3, \"link_page\": 19, \"title\": \"Catalytic building\", \"title_en\": \"Catalytic building\", \"title_nl\": \"Catalytic building\", \"caption\": \"Catalytic building\", \"caption_en\": \"Catalytic building\", \"caption_nl\": \"Catalytic building\", \"link_title\": \"Catalytic building\", \"link_title_en\": \"Catalytic building\", \"link_title_nl\": \"Catalytic building\", \"page\": null, \"scaling\": \"fill\"}]}',NULL,6,2),(126,0,'2019-07-04 12:21:02.027695','{\"pk\": 6, \"path\": \"00010002\", \"depth\": 2, \"numchild\": 4, \"title\": \"Home\", \"title_en\": \"Home\", \"title_nl\": \"Woning\", \"draft_title\": \"Home\", \"slug\": \"except\", \"slug_en\": \"except\", \"slug_nl\": \"except\", \"content_type\": 51, \"live\": true, \"has_unpublished_changes\": true, \"url_path\": \"/except/\", \"url_path_en\": \"/except/\", \"url_path_nl\": \"/except/\", \"owner\": null, \"seo_title\": \"\", \"seo_title_en\": null, \"seo_title_nl\": null, \"show_in_menus\": true, \"search_description\": \"\", \"search_description_en\": \"\", \"search_description_nl\": \"\", \"go_live_at\": null, \"expire_at\": null, \"expired\": false, \"locked\": false, \"first_published_at\": \"2019-06-19T12:34:24.441Z\", \"last_published_at\": \"2019-07-04T12:19:10.902Z\", \"latest_revision_created_at\": \"2019-07-04T12:20:47.427Z\", \"live_revision\": 123, \"hero_image\": \"hero-home_U7sCtSb.jpg\", \"navbar_inverted\": true, \"navbar_transparent\": true, \"hero_title\": \"We make new futures possible\", \"hero_title_en\": \"We make new futures possible\", \"hero_title_nl\": \"We maken nieuwe toekomstmogelijkheden mogelijk\", \"hero_subtitle\": \"Leading sustainability consultants & designers\", \"hero_subtitle_en\": \"Leading sustainability consultants & designers\", \"hero_subtitle_nl\": null, \"introduction\": \"Etiam elementum condimentum massa quis rutrum. Pellentesque sit amet risus imperdiet, vehicula libero tempor, rhoncus augue. Vivamus vulputate aliquet magna vel tempus. Mauris laoreet at justo sit amet feugiat. Cras quis augue nec sapien mollis dapibus. Pellentesque enim mauris, consequat in lorem id, facilisis condimentum libero. Nam ac sapien posuere, ornare dui nec, cursus purus. Fusce sit amet orci massa. Nam lacinia mauris ac auctor eleifend. Cras commodo, nisi mattis vehicula tempus, metus ante finibus orci, in eleifend eros ipsum eu enim. Curabitur et arcu eu velit egestas varius. Aenean molestie varius ultricies. Ut eget dignissim mi, consequat tristique metus. Integer convallis ullamcorper condimentum. In scelerisque nulla eget quam suscipit finibus. In metus libero, suscipit in maximus sit amet, gravida ac dui.\", \"introduction_en\": \"Etiam elementum condimentum massa quis rutrum. Pellentesque sit amet risus imperdiet, vehicula libero tempor, rhoncus augue. Vivamus vulputate aliquet magna vel tempus. Mauris laoreet at justo sit amet feugiat. Cras quis augue nec sapien mollis dapibus. Pellentesque enim mauris, consequat in lorem id, facilisis condimentum libero. Nam ac sapien posuere, ornare dui nec, cursus purus. Fusce sit amet orci massa. Nam lacinia mauris ac auctor eleifend. Cras commodo, nisi mattis vehicula tempus, metus ante finibus orci, in eleifend eros ipsum eu enim. Curabitur et arcu eu velit egestas varius. Aenean molestie varius ultricies. Ut eget dignissim mi, consequat tristique metus. Integer convallis ullamcorper condimentum. In scelerisque nulla eget quam suscipit finibus. In metus libero, suscipit in maximus sit amet, gravida ac dui.\", \"introduction_nl\": \"Etiam elementum condimentum massa quis rutrum. Pellentesque sit amet risus imperdiet, vehicula libero tempor, rhoncus augue. Vivamus vulputate aliquet magna vel tempus. Mauris laoreet at justo sit amet feugiat. Cras quis augue nec sapien mollis dapibus. Pellentesque enim mauris, consequat in lorem id, facilisis condimentum libero. Nam ac sapien posuere, ornare dui nec, cursus purus. Fusce sit amet orci massa. Nam lacinia mauris ac auctor eleifend. Cras commodo, nisi mattis vehicula tempus, metus ante finibus orci, in eleifend eros ipsum eu enim. Curabitur et arcu eu velit egestas varius. Aenean molestie varius ultricies. Ut eget dignissim mi, consequat tristique metus. Integer convallis ullamcorper condimentum. In scelerisque nulla eget quam suscipit finibus. In metus libero, suscipit in maximus sit amet, gravida ac dui.\", \"services_image\": \"working-area-photo_vccwrKC.png\", \"carousel_items\": [{\"pk\": 1, \"sort_order\": 0, \"image\": 4, \"link_page\": null, \"title\": \"Except Sid Methodology\", \"title_en\": \"Except Sid Methodology\", \"title_nl\": \"Except Sid Methodology\", \"caption\": \"Except Sid Methodology\", \"caption_en\": \"Except Sid Methodology\", \"caption_nl\": \"Except Sid Methodology\", \"link_title\": \"Sid website\", \"link_title_en\": \"Sid website\", \"link_title_nl\": \"Sid website\", \"page\": null, \"scaling\": \"fit\"}, {\"pk\": 2, \"sort_order\": 1, \"image\": 28, \"link_page\": null, \"title\": \"Achieving global impact\", \"title_en\": \"Achieving global impact\", \"title_nl\": \"Wereldwijde impact realiseren\", \"caption\": \"Our team of experts shares their experience and passion since 1999 in more than 500 projects worldwide, for over 200 partners.\", \"caption_en\": \"Our team of experts shares their experience and passion since 1999 in more than 500 projects worldwide, for over 200 partners.\", \"caption_nl\": \"Ons team van experts deelt hun ervaring en passie sinds 1999 in meer dan 500 projecten over de hele wereld, voor meer dan 200 partners.\", \"link_title\": \"View our projects\", \"link_title_en\": \"View our projects\", \"link_title_nl\": \"Bekijk onze projecten\", \"page\": null, \"scaling\": \"fill\"}, {\"pk\": 3, \"sort_order\": 2, \"image\": 3, \"link_page\": 19, \"title\": \"Catalytic building\", \"title_en\": \"Catalytic building\", \"title_nl\": \"Catalytic building\", \"caption\": \"Catalytic building\", \"caption_en\": \"Catalytic building\", \"caption_nl\": \"Catalytic building\", \"link_title\": \"Catalytic building\", \"link_title_en\": \"Catalytic building\", \"link_title_nl\": \"Catalytic building\", \"page\": null, \"scaling\": \"fill\"}]}',NULL,6,2),(127,0,'2019-07-04 12:25:32.989296','{\"pk\": 11, \"path\": \"0001000200010004\", \"depth\": 4, \"numchild\": 2, \"title\": \"Training\", \"title_en\": \"Training\", \"title_nl\": \"Training\", \"draft_title\": \"Training\", \"slug\": \"training\", \"slug_en\": \"training\", \"slug_nl\": \"training\", \"content_type\": 50, \"live\": true, \"has_unpublished_changes\": false, \"url_path\": \"/except/services/training/\", \"url_path_en\": \"/except/services/training/\", \"url_path_nl\": \"/except/services/training/\", \"owner\": null, \"seo_title\": \"\", \"seo_title_en\": null, \"seo_title_nl\": null, \"show_in_menus\": false, \"search_description\": \"\", \"search_description_en\": \"\", \"search_description_nl\": \"\", \"go_live_at\": null, \"expire_at\": null, \"expired\": false, \"locked\": false, \"first_published_at\": \"2019-06-19T13:08:44.014Z\", \"last_published_at\": \"2019-06-20T10:53:29.479Z\", \"latest_revision_created_at\": \"2019-06-20T10:53:29.434Z\", \"live_revision\": 56, \"hero_title\": \"Training\", \"hero_title_en\": \"Training\", \"hero_title_nl\": \"Opleiding\", \"hero_subtitle\": null, \"hero_subtitle_en\": null, \"hero_subtitle_nl\": null, \"color\": \"purple\", \"image\": \"training-icon.png\", \"introduction\": \"\"}',NULL,11,2),(128,0,'2019-07-04 12:26:07.301848','{\"pk\": 10, \"path\": \"0001000200010003\", \"depth\": 4, \"numchild\": 2, \"title\": \"Industry & sectors\", \"title_en\": \"Industry & sectors\", \"title_nl\": \"Industry & sectors\", \"draft_title\": \"Industry & sectors\", \"slug\": \"industry-sectors\", \"slug_en\": \"industry-sectors\", \"slug_nl\": \"industry-sectors\", \"content_type\": 50, \"live\": true, \"has_unpublished_changes\": false, \"url_path\": \"/except/services/industry-sectors/\", \"url_path_en\": \"/except/services/industry-sectors/\", \"url_path_nl\": \"/except/services/industry-sectors/\", \"owner\": null, \"seo_title\": \"\", \"seo_title_en\": null, \"seo_title_nl\": null, \"show_in_menus\": false, \"search_description\": \"\", \"search_description_en\": \"\", \"search_description_nl\": \"\", \"go_live_at\": null, \"expire_at\": null, \"expired\": false, \"locked\": false, \"first_published_at\": \"2019-06-19T13:08:31.565Z\", \"last_published_at\": \"2019-06-19T13:08:31.565Z\", \"latest_revision_created_at\": \"2019-06-19T13:08:31.522Z\", \"live_revision\": 26, \"hero_title\": \"Industry & sectors\", \"hero_title_en\": \"Industry & sectors\", \"hero_title_nl\": \"Industrie & sectoren\", \"hero_subtitle\": null, \"hero_subtitle_en\": null, \"hero_subtitle_nl\": null, \"color\": \"blue\", \"image\": \"industry-icon_PUQs1MT.png\", \"introduction\": \"\"}',NULL,10,2),(129,0,'2019-07-04 12:26:29.231171','{\"pk\": 9, \"path\": \"0001000200010002\", \"depth\": 4, \"numchild\": 2, \"title\": \"Organizations & governance\", \"title_en\": \"Organizations & governance\", \"title_nl\": \"Organizations & governance\", \"draft_title\": \"Organizations & governance\", \"slug\": \"organizations-governance\", \"slug_en\": \"organizations-governance\", \"slug_nl\": \"organizations-governance\", \"content_type\": 50, \"live\": true, \"has_unpublished_changes\": false, \"url_path\": \"/except/services/organizations-governance/\", \"url_path_en\": \"/except/services/organizations-governance/\", \"url_path_nl\": \"/except/services/organizations-governance/\", \"owner\": null, \"seo_title\": \"\", \"seo_title_en\": null, \"seo_title_nl\": null, \"show_in_menus\": false, \"search_description\": \"\", \"search_description_en\": \"\", \"search_description_nl\": \"\", \"go_live_at\": null, \"expire_at\": null, \"expired\": false, \"locked\": false, \"first_published_at\": \"2019-06-19T13:08:10.186Z\", \"last_published_at\": \"2019-06-19T13:08:10.186Z\", \"latest_revision_created_at\": \"2019-06-19T13:08:10.159Z\", \"live_revision\": 25, \"hero_title\": \"Organizations & governance\", \"hero_title_en\": \"Organizations & governance\", \"hero_title_nl\": \"Organisaties & governance\", \"hero_subtitle\": null, \"hero_subtitle_en\": null, \"hero_subtitle_nl\": null, \"color\": \"green\", \"image\": \"organizations-icon.png\", \"introduction\": \"\"}',NULL,9,2),(130,0,'2019-07-04 12:27:01.261617','{\"pk\": 8, \"path\": \"0001000200010001\", \"depth\": 4, \"numchild\": 4, \"title\": \"Places, Cities & Buildings\", \"title_en\": \"Places, Cities & Buildings\", \"title_nl\": \"Places, Cities & Buildings\", \"draft_title\": \"Places, Cities & Buildings\", \"slug\": \"places-cities-buildings\", \"slug_en\": \"places-cities-buildings\", \"slug_nl\": \"places-cities-buildings\", \"content_type\": 50, \"live\": true, \"has_unpublished_changes\": false, \"url_path\": \"/except/services/places-cities-buildings/\", \"url_path_en\": \"/except/services/places-cities-buildings/\", \"url_path_nl\": \"/except/services/places-cities-buildings/\", \"owner\": null, \"seo_title\": \"\", \"seo_title_en\": null, \"seo_title_nl\": null, \"show_in_menus\": false, \"search_description\": \"\", \"search_description_en\": \"\", \"search_description_nl\": \"\", \"go_live_at\": null, \"expire_at\": null, \"expired\": false, \"locked\": false, \"first_published_at\": \"2019-06-19T13:06:02.560Z\", \"last_published_at\": \"2019-06-19T13:07:46.995Z\", \"latest_revision_created_at\": \"2019-06-19T13:07:46.960Z\", \"live_revision\": 24, \"hero_title\": \"Places, Cities & Buildings\", \"hero_title_en\": \"Places, Cities & Buildings\", \"hero_title_nl\": \"Plaatsen, steden & gebouwen\", \"hero_subtitle\": null, \"hero_subtitle_en\": null, \"hero_subtitle_nl\": null, \"color\": \"orange\", \"image\": \"places-icon.png\", \"introduction\": \"\"}',NULL,8,2),(131,0,'2019-07-08 10:20:30.978931','{\"pk\": 12, \"path\": \"000100020002\", \"depth\": 3, \"numchild\": 2, \"title\": \"About\", \"title_en\": \"About\", \"title_nl\": \"About\", \"draft_title\": \"About\", \"slug\": \"about\", \"slug_en\": \"about\", \"slug_nl\": \"about\", \"content_type\": 9, \"live\": true, \"has_unpublished_changes\": false, \"url_path\": \"/except/about/\", \"url_path_en\": \"/except/about/\", \"url_path_nl\": \"/except/about/\", \"owner\": null, \"seo_title\": \"\", \"seo_title_en\": null, \"seo_title_nl\": null, \"show_in_menus\": true, \"search_description\": \"\", \"search_description_en\": \"\", \"search_description_nl\": \"\", \"go_live_at\": null, \"expire_at\": null, \"expired\": false, \"locked\": false, \"first_published_at\": \"2019-06-19T14:31:29.356Z\", \"last_published_at\": \"2019-07-04T10:27:19.776Z\", \"latest_revision_created_at\": \"2019-07-04T10:27:19.694Z\", \"live_revision\": 119, \"hero_image\": \"hero-about_YDaQjqj.jpg\", \"hero_title\": \"Our Profile\", \"hero_title_en\": \"Our Profile\", \"hero_title_nl\": \"Our Profile\", \"hero_subtitle\": \"Leading sustainability consultants & designers\", \"hero_subtitle_en\": \"Leading sustainability consultants & designers\", \"hero_subtitle_nl\": \"Leading sustainability consultants & designers\", \"except_introduction\": \"Maecenas eu nibh dignissim, lobortis enim malesuada, pellentesque ex. Nullam scelerisque placerat nisl, sed fringilla orci accumsan sit amet. Phasellus vitae quam sem. Mauris elementum neque id lacus elementum pulvinar. Curabitur facilisis auctor ligula, vitae malesuada nunc congue sed. Fusce scelerisque euismod elit eget iaculis. Aliquam eu pellentesque tellus. Nullam in turpis vel tortor consectetur imperdiet ac eu dui. Donec pulvinar rutrum ex non ornare. Morbi maximus gravida ullamcorper. Nullam aliquam aliquet mattis. In at urna sagittis libero placerat accumsan. Integer viverra ac metus faucibus hendrerit. Curabitur odio mi, auctor ac sem in, hendrerit lobortis lorem.\", \"except_introduction_en\": \"Maecenas eu nibh dignissim, lobortis enim malesuada, pellentesque ex. Nullam scelerisque placerat nisl, sed fringilla orci accumsan sit amet. Phasellus vitae quam sem. Mauris elementum neque id lacus elementum pulvinar. Curabitur facilisis auctor ligula, vitae malesuada nunc congue sed. Fusce scelerisque euismod elit eget iaculis. Aliquam eu pellentesque tellus. Nullam in turpis vel tortor consectetur imperdiet ac eu dui. Donec pulvinar rutrum ex non ornare. Morbi maximus gravida ullamcorper. Nullam aliquam aliquet mattis. In at urna sagittis libero placerat accumsan. Integer viverra ac metus faucibus hendrerit. Curabitur odio mi, auctor ac sem in, hendrerit lobortis lorem.\", \"except_introduction_nl\": \"\", \"team_introduction\": \"<p>Ut est nulla, feugiat a augue at, pretium tempor nunc. Mauris ac lectus eu augue laoreet commodo. Curabitur vitae mi id massa varius efficitur at in arcu. Aliquam tempor arcu quis ipsum convallis, id facilisis eros posuere. Aenean vitae lobortis tortor, non dapibus massa. Morbi viverra, velit non iaculis ornare, dui nibh varius purus, eget vestibulum urna nibh quis orci. Praesent quis libero eu libero viverra hendrerit in eget erat. Praesent a purus non elit blandit hendrerit.</p>\", \"team_introduction_en\": \"<p>Ut est nulla, feugiat a augue at, pretium tempor nunc. Mauris ac lectus eu augue laoreet commodo. Curabitur vitae mi id massa varius efficitur at in arcu. Aliquam tempor arcu quis ipsum convallis, id facilisis eros posuere. Aenean vitae lobortis tortor, non dapibus massa. Morbi viverra, velit non iaculis ornare, dui nibh varius purus, eget vestibulum urna nibh quis orci. Praesent quis libero eu libero viverra hendrerit in eget erat. Praesent a purus non elit blandit hendrerit.</p>\", \"team_introduction_nl\": \"\", \"collaboration_introduction\": \"<p>Ut est nulla, feugiat a augue at, pretium tempor nunc. Mauris ac lectus eu augue laoreet commodo. Curabitur vitae mi id massa varius efficitur at in arcu. Aliquam tempor arcu quis ipsum convallis, id facilisis eros posuere. Aenean vitae lobortis tortor, non dapibus massa. Morbi viverra, velit non iaculis ornare, dui nibh varius purus, eget vestibulum urna nibh quis orci. Praesent quis libero eu libero viverra hendrerit in eget erat. Praesent a purus non elit blandit hendrerit.</p>\", \"collaboration_introduction_en\": \"<p>Ut est nulla, feugiat a augue at, pretium tempor nunc. Mauris ac lectus eu augue laoreet commodo. Curabitur vitae mi id massa varius efficitur at in arcu. Aliquam tempor arcu quis ipsum convallis, id facilisis eros posuere. Aenean vitae lobortis tortor, non dapibus massa. Morbi viverra, velit non iaculis ornare, dui nibh varius purus, eget vestibulum urna nibh quis orci. Praesent quis libero eu libero viverra hendrerit in eget erat. Praesent a purus non elit blandit hendrerit.</p>\", \"collaboration_introduction_nl\": \"\", \"navbar_transparent\": false, \"navbar_inverted\": false, \"quotes\": [{\"pk\": 1, \"sort_order\": 0, \"company\": \"IUCN Interim manager Leaders for Nature\", \"caption\": \"<p>Ut est nulla, feugiat a augue at, pretium tempor nunc. Mauris ac lectus eu augue laoreet commodo. Curabitur vitae mi id massa varius efficitur at in arcu. Aliquam tempor arcu quis ipsum convallis, id facilisis eros posuere. Aenean vitae lobortis tortor, non dapibus massa.</p>\", \"name\": \"Miriam van Gool\", \"page\": 12}, {\"pk\": 2, \"sort_order\": 1, \"company\": \"IUCN Interim manager Leaders for Nature\", \"caption\": \"<p>Ut est nulla, feugiat a augue at, pretium tempor nunc. Mauris ac lectus eu augue laoreet commodo. Curabitur vitae mi id massa varius efficitur at in arcu. Aliquam tempor arcu quis ipsum convallis, id facilisis eros posuere. Aenean vitae lobortis tortor, non dapibus massa.</p>\", \"name\": \"Miriam van Gool\", \"page\": 12}]}',NULL,12,2),(132,0,'2019-07-08 10:21:12.526194','{\"pk\": 13, \"path\": \"0001000200020002\", \"depth\": 4, \"numchild\": 3, \"title\": \"People\", \"title_en\": \"People\", \"title_nl\": \"People\", \"draft_title\": \"People\", \"slug\": \"people\", \"slug_en\": \"people\", \"slug_nl\": \"people\", \"content_type\": 13, \"live\": true, \"has_unpublished_changes\": false, \"url_path\": \"/except/about/people/\", \"url_path_en\": \"/except/about/people/\", \"url_path_nl\": \"/except/about/people/\", \"owner\": null, \"seo_title\": \"\", \"seo_title_en\": null, \"seo_title_nl\": null, \"show_in_menus\": true, \"search_description\": \"\", \"search_description_en\": \"\", \"search_description_nl\": \"\", \"go_live_at\": null, \"expire_at\": null, \"expired\": false, \"locked\": false, \"first_published_at\": \"2019-06-19T14:32:39.169Z\", \"last_published_at\": \"2019-06-27T08:59:12.898Z\", \"latest_revision_created_at\": \"2019-06-27T08:59:12.811Z\", \"live_revision\": 92, \"hero_image\": \"hero-people_B5Vanqe.jpg\", \"hero_title\": \"Our team\", \"hero_title_en\": \"Our team\", \"hero_title_nl\": \"Our team\", \"hero_subtitle\": \"Leading sustainability consultants & designers\", \"hero_subtitle_en\": \"Leading sustainability consultants & designers\", \"hero_subtitle_nl\": \"Leading sustainability consultants & designers\", \"description_title\": \"Meet the team\", \"description_title_en\": \"Meet the team\", \"description_title_nl\": null, \"intro\": \"Ut est nulla, feugiat a augue at, pretium tempor nunc. Mauris ac lectus eu augue laoreet commodo. Curabitur vitae mi id massa varius efficitur at in arcu. Aliquam tempor arcu quis ipsum convallis, id facilisis eros posuere. Aenean vitae lobortis tortor, non dapibus massa. Morbi viverra, velit non iaculis ornare, dui nibh varius purus, eget vestibulum urna nibh quis orci. Praesent quis libero eu libero viverra hendrerit in eget erat. Praesent a purus non elit blandit hendrerit.\", \"intro_en\": \"Ut est nulla, feugiat a augue at, pretium tempor nunc. Mauris ac lectus eu augue laoreet commodo. Curabitur vitae mi id massa varius efficitur at in arcu. Aliquam tempor arcu quis ipsum convallis, id facilisis eros posuere. Aenean vitae lobortis tortor, non dapibus massa. Morbi viverra, velit non iaculis ornare, dui nibh varius purus, eget vestibulum urna nibh quis orci. Praesent quis libero eu libero viverra hendrerit in eget erat. Praesent a purus non elit blandit hendrerit.\", \"intro_nl\": \"\", \"description\": \"Maecenas eu nibh dignissim, lobortis enim malesuada, pellentesque ex. Nullam scelerisque placerat nisl, sed fringilla orci accumsan sit amet. Phasellus vitae quam sem. Mauris elementum neque id lacus elementum pulvinar. Curabitur facilisis auctor ligula, vitae malesuada nunc congue sed. Fusce scelerisque euismod elit eget iaculis. Aliquam eu pellentesque tellus. Nullam in turpis vel tortor consectetur imperdiet ac eu dui. Donec pulvinar rutrum ex non ornare. Morbi maximus gravida ullamcorper. Nullam aliquam aliquet mattis. In at urna sagittis libero placerat accumsan. Integer viverra ac metus faucibus hendrerit. Curabitur odio mi, auctor ac sem in, hendrerit lobortis lorem.\", \"description_en\": \"Maecenas eu nibh dignissim, lobortis enim malesuada, pellentesque ex. Nullam scelerisque placerat nisl, sed fringilla orci accumsan sit amet. Phasellus vitae quam sem. Mauris elementum neque id lacus elementum pulvinar. Curabitur facilisis auctor ligula, vitae malesuada nunc congue sed. Fusce scelerisque euismod elit eget iaculis. Aliquam eu pellentesque tellus. Nullam in turpis vel tortor consectetur imperdiet ac eu dui. Donec pulvinar rutrum ex non ornare. Morbi maximus gravida ullamcorper. Nullam aliquam aliquet mattis. In at urna sagittis libero placerat accumsan. Integer viverra ac metus faucibus hendrerit. Curabitur odio mi, auctor ac sem in, hendrerit lobortis lorem.\", \"description_nl\": \"\", \"navbar_transparent\": true, \"navbar_inverted\": false}',NULL,13,2),(133,0,'2019-07-08 10:48:59.638135','{\"pk\": 8, \"path\": \"0001000200010001\", \"depth\": 4, \"numchild\": 4, \"title\": \"Places, Cities & Buildings\", \"title_en\": \"Places, Cities & Buildings\", \"title_nl\": \"Places, Cities & Buildings\", \"draft_title\": \"Places, Cities & Buildings\", \"slug\": \"places-cities-buildings\", \"slug_en\": \"places-cities-buildings\", \"slug_nl\": \"places-cities-buildings\", \"content_type\": 50, \"live\": true, \"has_unpublished_changes\": false, \"url_path\": \"/except/services/places-cities-buildings/\", \"url_path_en\": \"/except/services/places-cities-buildings/\", \"url_path_nl\": \"/except/services/places-cities-buildings/\", \"owner\": null, \"seo_title\": \"\", \"seo_title_en\": null, \"seo_title_nl\": null, \"show_in_menus\": true, \"search_description\": \"\", \"search_description_en\": \"\", \"search_description_nl\": \"\", \"go_live_at\": null, \"expire_at\": null, \"expired\": false, \"locked\": false, \"first_published_at\": \"2019-06-19T13:06:02.560Z\", \"last_published_at\": \"2019-07-04T12:27:01.314Z\", \"latest_revision_created_at\": \"2019-07-04T12:27:01.261Z\", \"live_revision\": 130, \"hero_title\": \"Places, Cities & Buildings\", \"hero_title_en\": \"Places, Cities & Buildings\", \"hero_title_nl\": \"Plaatsen, steden & gebouwen\", \"hero_subtitle\": null, \"hero_subtitle_en\": null, \"hero_subtitle_nl\": null, \"color\": \"orange\", \"image\": \"places-icon.png\", \"introduction\": null, \"introduction_en\": null, \"introduction_nl\": null}',NULL,8,2),(134,0,'2019-07-08 10:49:06.564075','{\"pk\": 9, \"path\": \"0001000200010002\", \"depth\": 4, \"numchild\": 2, \"title\": \"Organizations & governance\", \"title_en\": \"Organizations & governance\", \"title_nl\": \"Organizations & governance\", \"draft_title\": \"Organizations & governance\", \"slug\": \"organizations-governance\", \"slug_en\": \"organizations-governance\", \"slug_nl\": \"organizations-governance\", \"content_type\": 50, \"live\": true, \"has_unpublished_changes\": false, \"url_path\": \"/except/services/organizations-governance/\", \"url_path_en\": \"/except/services/organizations-governance/\", \"url_path_nl\": \"/except/services/organizations-governance/\", \"owner\": null, \"seo_title\": \"\", \"seo_title_en\": null, \"seo_title_nl\": null, \"show_in_menus\": true, \"search_description\": \"\", \"search_description_en\": \"\", \"search_description_nl\": \"\", \"go_live_at\": null, \"expire_at\": null, \"expired\": false, \"locked\": false, \"first_published_at\": \"2019-06-19T13:08:10.186Z\", \"last_published_at\": \"2019-07-04T12:26:29.293Z\", \"latest_revision_created_at\": \"2019-07-04T12:26:29.231Z\", \"live_revision\": 129, \"hero_title\": \"Organizations & governance\", \"hero_title_en\": \"Organizations & governance\", \"hero_title_nl\": \"Organisaties & governance\", \"hero_subtitle\": null, \"hero_subtitle_en\": null, \"hero_subtitle_nl\": null, \"color\": \"green\", \"image\": \"organizations-icon.png\", \"introduction\": null, \"introduction_en\": null, \"introduction_nl\": null}',NULL,9,2),(135,0,'2019-07-08 10:49:15.334539','{\"pk\": 10, \"path\": \"0001000200010003\", \"depth\": 4, \"numchild\": 2, \"title\": \"Industry & sectors\", \"title_en\": \"Industry & sectors\", \"title_nl\": \"Industry & sectors\", \"draft_title\": \"Industry & sectors\", \"slug\": \"industry-sectors\", \"slug_en\": \"industry-sectors\", \"slug_nl\": \"industry-sectors\", \"content_type\": 50, \"live\": true, \"has_unpublished_changes\": false, \"url_path\": \"/except/services/industry-sectors/\", \"url_path_en\": \"/except/services/industry-sectors/\", \"url_path_nl\": \"/except/services/industry-sectors/\", \"owner\": null, \"seo_title\": \"\", \"seo_title_en\": null, \"seo_title_nl\": null, \"show_in_menus\": true, \"search_description\": \"\", \"search_description_en\": \"\", \"search_description_nl\": \"\", \"go_live_at\": null, \"expire_at\": null, \"expired\": false, \"locked\": false, \"first_published_at\": \"2019-06-19T13:08:31.565Z\", \"last_published_at\": \"2019-07-04T12:26:07.363Z\", \"latest_revision_created_at\": \"2019-07-04T12:26:07.301Z\", \"live_revision\": 128, \"hero_title\": \"Industry & sectors\", \"hero_title_en\": \"Industry & sectors\", \"hero_title_nl\": \"Industrie & sectoren\", \"hero_subtitle\": null, \"hero_subtitle_en\": null, \"hero_subtitle_nl\": null, \"color\": \"blue\", \"image\": \"industry-icon_PUQs1MT.png\", \"introduction\": null, \"introduction_en\": null, \"introduction_nl\": null}',NULL,10,2),(136,0,'2019-07-08 10:49:20.399360','{\"pk\": 11, \"path\": \"0001000200010004\", \"depth\": 4, \"numchild\": 2, \"title\": \"Training\", \"title_en\": \"Training\", \"title_nl\": \"Training\", \"draft_title\": \"Training\", \"slug\": \"training\", \"slug_en\": \"training\", \"slug_nl\": \"training\", \"content_type\": 50, \"live\": true, \"has_unpublished_changes\": false, \"url_path\": \"/except/services/training/\", \"url_path_en\": \"/except/services/training/\", \"url_path_nl\": \"/except/services/training/\", \"owner\": null, \"seo_title\": \"\", \"seo_title_en\": null, \"seo_title_nl\": null, \"show_in_menus\": false, \"search_description\": \"\", \"search_description_en\": \"\", \"search_description_nl\": \"\", \"go_live_at\": null, \"expire_at\": null, \"expired\": false, \"locked\": false, \"first_published_at\": \"2019-06-19T13:08:44.014Z\", \"last_published_at\": \"2019-07-04T12:25:33.046Z\", \"latest_revision_created_at\": \"2019-07-04T12:25:32.989Z\", \"live_revision\": 127, \"hero_title\": \"Training\", \"hero_title_en\": \"Training\", \"hero_title_nl\": \"Opleiding\", \"hero_subtitle\": null, \"hero_subtitle_en\": null, \"hero_subtitle_nl\": null, \"color\": \"purple\", \"image\": \"training-icon.png\", \"introduction\": null, \"introduction_en\": null, \"introduction_nl\": null}',NULL,11,2),(137,0,'2019-07-08 10:49:35.239266','{\"pk\": 11, \"path\": \"0001000200010004\", \"depth\": 4, \"numchild\": 2, \"title\": \"Training\", \"title_en\": \"Training\", \"title_nl\": \"Training\", \"draft_title\": \"Training\", \"slug\": \"training\", \"slug_en\": \"training\", \"slug_nl\": \"training\", \"content_type\": 50, \"live\": true, \"has_unpublished_changes\": false, \"url_path\": \"/except/services/training/\", \"url_path_en\": \"/except/services/training/\", \"url_path_nl\": \"/except/services/training/\", \"owner\": null, \"seo_title\": \"\", \"seo_title_en\": null, \"seo_title_nl\": null, \"show_in_menus\": true, \"search_description\": \"\", \"search_description_en\": \"\", \"search_description_nl\": \"\", \"go_live_at\": null, \"expire_at\": null, \"expired\": false, \"locked\": false, \"first_published_at\": \"2019-06-19T13:08:44.014Z\", \"last_published_at\": \"2019-07-08T10:49:20.445Z\", \"latest_revision_created_at\": \"2019-07-08T10:49:20.399Z\", \"live_revision\": 136, \"hero_title\": \"Training\", \"hero_title_en\": \"Training\", \"hero_title_nl\": \"Opleiding\", \"hero_subtitle\": null, \"hero_subtitle_en\": null, \"hero_subtitle_nl\": null, \"color\": \"purple\", \"image\": \"training-icon.png\", \"introduction\": null, \"introduction_en\": null, \"introduction_nl\": null}',NULL,11,2),(138,0,'2019-07-09 13:53:31.303961','{\"pk\": 31, \"path\": \"000100020002000100010002\", \"depth\": 6, \"numchild\": 0, \"title\": \"Except | Natural Capital & new innovation strategies\", \"title_en\": \"Except | Natural Capital & new innovation strategies\", \"title_nl\": \"Except | Natural Capital & new innovation strategies\", \"draft_title\": \"Except | Natural Capital & new innovation strategies\", \"slug\": \"except-natural-capital-new-innovation-strategies\", \"slug_en\": \"except-natural-capital-new-innovation-strategies\", \"slug_nl\": \"except-natural-capital-new-innovation-strategies\", \"content_type\": 14, \"live\": true, \"has_unpublished_changes\": false, \"url_path\": \"/except/about/news/except-articles-folder/except-natural-capital-new-innovation-strategies/\", \"url_path_en\": \"/except/about/news/except-articles-folder/except-natural-capital-new-innovation-strategies/\", \"url_path_nl\": \"/except/about/news/except-articles-folder/except-natural-capital-new-innovation-strategies/\", \"owner\": null, \"seo_title\": \"\", \"seo_title_en\": null, \"seo_title_nl\": null, \"show_in_menus\": false, \"search_description\": \"\", \"search_description_en\": \"\", \"search_description_nl\": \"\", \"go_live_at\": null, \"expire_at\": null, \"expired\": false, \"locked\": false, \"first_published_at\": \"2019-06-19T16:04:34.345Z\", \"last_published_at\": \"2019-06-27T08:48:30.421Z\", \"latest_revision_created_at\": \"2019-06-27T08:48:30.355Z\", \"live_revision\": 85, \"highlight\": true, \"hero_image\": \"hero-news_97sLv79.jpg\", \"hero_title\": \"Natural Capital & new innovation strategies\", \"hero_title_en\": \"Natural Capital & new innovation strategies\", \"hero_title_nl\": \"Natural Capital & new innovation strategies\", \"hero_subtitle\": \"Tuning into the Construction Sector\'s \\\"Music Of Tomorrow\\\"\", \"hero_subtitle_en\": \"Tuning into the Construction Sector\'s \\\"Music Of Tomorrow\\\"\", \"hero_subtitle_nl\": \"Tuning into the Construction Sector\'s \\\"Music Of Tomorrow\\\"\", \"date_published\": \"2019-06-19\", \"intro\": \"Nullam a eros lobortis, ornare tellus vel, placerat erat. Donec sit amet libero sit amet sapien vulputate porta vel sit amet massa. Cras id magna et erat cursus tincidunt tincidunt cursus tellus. Phasellus non urna eget nibh laoreet ultricies vitae eget turpis. Pellentesque libero turpis, volutpat nec tincidunt in, blandit in sem. Nulla facilisi. Etiam fringilla sagittis nunc. Curabitur posuere mauris orci, a consequat elit dictum vitae.\", \"intro_en\": \"Nullam a eros lobortis, ornare tellus vel, placerat erat. Donec sit amet libero sit amet sapien vulputate porta vel sit amet massa. Cras id magna et erat cursus tincidunt tincidunt cursus tellus. Phasellus non urna eget nibh laoreet ultricies vitae eget turpis. Pellentesque libero turpis, volutpat nec tincidunt in, blandit in sem. Nulla facilisi. Etiam fringilla sagittis nunc. Curabitur posuere mauris orci, a consequat elit dictum vitae.\", \"intro_nl\": \"\", \"navbar_transparent\": true, \"navbar_inverted\": false, \"body\": \"[]\", \"body_en\": \"[]\", \"body_nl\": \"[]\", \"author\": 4, \"service\": 8}',NULL,31,2),(139,0,'2019-07-09 13:53:40.805881','{\"pk\": 19, \"path\": \"000100020002000100010001\", \"depth\": 6, \"numchild\": 0, \"title\": \"Except | Catalytic Buildings White Paper\", \"title_en\": \"Except | Catalytic Buildings White Paper\", \"title_nl\": \"Except | Catalytic Buildings White Paper\", \"draft_title\": \"Except | Catalytic Buildings White Paper\", \"slug\": \"except-catalytic-buildings-white-paper\", \"slug_en\": \"except-catalytic-buildings-white-paper\", \"slug_nl\": \"except-catalytic-buildings-white-paper\", \"content_type\": 14, \"live\": true, \"has_unpublished_changes\": false, \"url_path\": \"/except/about/news/except-articles-folder/except-catalytic-buildings-white-paper/\", \"url_path_en\": \"/except/about/news/except-articles-folder/except-catalytic-buildings-white-paper/\", \"url_path_nl\": \"/except/about/news/except-articles-folder/except-catalytic-buildings-white-paper/\", \"owner\": null, \"seo_title\": \"\", \"seo_title_en\": null, \"seo_title_nl\": null, \"show_in_menus\": false, \"search_description\": \"\", \"search_description_en\": \"\", \"search_description_nl\": \"\", \"go_live_at\": null, \"expire_at\": null, \"expired\": false, \"locked\": false, \"first_published_at\": \"2019-06-19T14:51:27.495Z\", \"last_published_at\": \"2019-06-27T08:43:11.251Z\", \"latest_revision_created_at\": \"2019-06-27T08:43:11.159Z\", \"live_revision\": 81, \"highlight\": true, \"hero_image\": \"hero-news_GCFzbxA.jpg\", \"hero_title\": \"Catalytic Buildings White Paper\", \"hero_title_en\": \"Catalytic Buildings White Paper\", \"hero_title_nl\": \"Catalytic Buildings White Paper\", \"hero_subtitle\": \"Tuning into the Construction Sector\'s \\\"Music Of Tomorrow\\\"\", \"hero_subtitle_en\": \"Tuning into the Construction Sector\'s \\\"Music Of Tomorrow\\\"\", \"hero_subtitle_nl\": \"Tuning into the Construction Sector\'s \\\"Music Of Tomorrow\\\"\", \"date_published\": \"2019-06-19\", \"intro\": \"Nullam a eros lobortis, ornare tellus vel, placerat erat. Donec sit amet libero sit amet sapien vulputate porta vel sit amet massa. Cras id magna et erat cursus tincidunt tincidunt cursus tellus. Phasellus non urna eget nibh laoreet ultricies vitae eget turpis. Pellentesque libero turpis, volutpat nec tincidunt in, blandit in sem. Nulla facilisi. Etiam fringilla sagittis nunc. Curabitur posuere mauris orci, a consequat elit dictum vitae.\", \"intro_en\": \"Nullam a eros lobortis, ornare tellus vel, placerat erat. Donec sit amet libero sit amet sapien vulputate porta vel sit amet massa. Cras id magna et erat cursus tincidunt tincidunt cursus tellus. Phasellus non urna eget nibh laoreet ultricies vitae eget turpis. Pellentesque libero turpis, volutpat nec tincidunt in, blandit in sem. Nulla facilisi. Etiam fringilla sagittis nunc. Curabitur posuere mauris orci, a consequat elit dictum vitae.\", \"intro_nl\": \"\", \"navbar_transparent\": true, \"navbar_inverted\": false, \"body\": \"[]\", \"body_en\": \"[]\", \"body_nl\": \"[]\", \"author\": 2, \"service\": 8}',NULL,19,2);
/*!40000 ALTER TABLE `wagtailcore_pagerevision` ENABLE KEYS */;
UNLOCK TABLES;

--
-- Table structure for table `wagtailcore_pageviewrestriction`
--

DROP TABLE IF EXISTS `wagtailcore_pageviewrestriction`;
/*!40101 SET @saved_cs_client     = @@character_set_client */;
/*!40101 SET character_set_client = utf8 */;
CREATE TABLE `wagtailcore_pageviewrestriction` (
  `id` int(11) NOT NULL AUTO_INCREMENT,
  `password` varchar(255) NOT NULL,
  `page_id` int(11) NOT NULL,
  `restriction_type` varchar(20) NOT NULL,
  PRIMARY KEY (`id`),
  KEY `wagtailcore_pageview_page_id_15a8bea6_fk_wagtailco` (`page_id`),
  CONSTRAINT `wagtailcore_pageview_page_id_15a8bea6_fk_wagtailco` FOREIGN KEY (`page_id`) REFERENCES `wagtailcore_page` (`id`)
) ENGINE=InnoDB DEFAULT CHARSET=latin1;
/*!40101 SET character_set_client = @saved_cs_client */;

--
-- Dumping data for table `wagtailcore_pageviewrestriction`
--

LOCK TABLES `wagtailcore_pageviewrestriction` WRITE;
/*!40000 ALTER TABLE `wagtailcore_pageviewrestriction` DISABLE KEYS */;
/*!40000 ALTER TABLE `wagtailcore_pageviewrestriction` ENABLE KEYS */;
UNLOCK TABLES;

--
-- Table structure for table `wagtailcore_pageviewrestriction_groups`
--

DROP TABLE IF EXISTS `wagtailcore_pageviewrestriction_groups`;
/*!40101 SET @saved_cs_client     = @@character_set_client */;
/*!40101 SET character_set_client = utf8 */;
CREATE TABLE `wagtailcore_pageviewrestriction_groups` (
  `id` int(11) NOT NULL AUTO_INCREMENT,
  `pageviewrestriction_id` int(11) NOT NULL,
  `group_id` int(11) NOT NULL,
  PRIMARY KEY (`id`),
  UNIQUE KEY `wagtailcore_pageviewrest_pageviewrestriction_id_g_d23f80bb_uniq` (`pageviewrestriction_id`,`group_id`),
  KEY `wagtailcore_pageview_group_id_6460f223_fk_auth_grou` (`group_id`),
  CONSTRAINT `wagtailcore_pageview_group_id_6460f223_fk_auth_grou` FOREIGN KEY (`group_id`) REFERENCES `auth_group` (`id`),
  CONSTRAINT `wagtailcore_pageview_pageviewrestriction__f147a99a_fk_wagtailco` FOREIGN KEY (`pageviewrestriction_id`) REFERENCES `wagtailcore_pageviewrestriction` (`id`)
) ENGINE=InnoDB DEFAULT CHARSET=latin1;
/*!40101 SET character_set_client = @saved_cs_client */;

--
-- Dumping data for table `wagtailcore_pageviewrestriction_groups`
--

LOCK TABLES `wagtailcore_pageviewrestriction_groups` WRITE;
/*!40000 ALTER TABLE `wagtailcore_pageviewrestriction_groups` DISABLE KEYS */;
/*!40000 ALTER TABLE `wagtailcore_pageviewrestriction_groups` ENABLE KEYS */;
UNLOCK TABLES;

--
-- Table structure for table `wagtailcore_site`
--

DROP TABLE IF EXISTS `wagtailcore_site`;
/*!40101 SET @saved_cs_client     = @@character_set_client */;
/*!40101 SET character_set_client = utf8 */;
CREATE TABLE `wagtailcore_site` (
  `id` int(11) NOT NULL AUTO_INCREMENT,
  `hostname` varchar(255) NOT NULL,
  `port` int(11) NOT NULL,
  `is_default_site` tinyint(1) NOT NULL,
  `root_page_id` int(11) NOT NULL,
  `site_name` varchar(255) DEFAULT NULL,
  PRIMARY KEY (`id`),
  UNIQUE KEY `wagtailcore_site_hostname_port_2c626d70_uniq` (`hostname`,`port`),
  KEY `wagtailcore_site_hostname_96b20b46` (`hostname`),
  KEY `wagtailcore_site_root_page_id_e02fb95c_fk_wagtailcore_page_id` (`root_page_id`),
  CONSTRAINT `wagtailcore_site_root_page_id_e02fb95c_fk_wagtailcore_page_id` FOREIGN KEY (`root_page_id`) REFERENCES `wagtailcore_page` (`id`)
) ENGINE=InnoDB AUTO_INCREMENT=3 DEFAULT CHARSET=latin1;
/*!40101 SET character_set_client = @saved_cs_client */;

--
-- Dumping data for table `wagtailcore_site`
--

LOCK TABLES `wagtailcore_site` WRITE;
/*!40000 ALTER TABLE `wagtailcore_site` DISABLE KEYS */;
INSERT INTO `wagtailcore_site` VALUES (2,'localhost',8000,0,6,NULL);
/*!40000 ALTER TABLE `wagtailcore_site` ENABLE KEYS */;
UNLOCK TABLES;

--
-- Table structure for table `wagtaildocs_document`
--

DROP TABLE IF EXISTS `wagtaildocs_document`;
/*!40101 SET @saved_cs_client     = @@character_set_client */;
/*!40101 SET character_set_client = utf8 */;
CREATE TABLE `wagtaildocs_document` (
  `id` int(11) NOT NULL AUTO_INCREMENT,
  `title` varchar(255) NOT NULL,
  `file` varchar(100) NOT NULL,
  `created_at` datetime(6) NOT NULL,
  `uploaded_by_user_id` int(11) DEFAULT NULL,
  `collection_id` int(11) NOT NULL,
  `file_size` int(10) unsigned DEFAULT NULL,
  `file_hash` varchar(40) NOT NULL,
  PRIMARY KEY (`id`),
  KEY `wagtaildocs_document_collection_id_23881625_fk_wagtailco` (`collection_id`),
  KEY `wagtaildocs_document_uploaded_by_user_id_17258b41_fk_people_pe` (`uploaded_by_user_id`),
  CONSTRAINT `wagtaildocs_document_collection_id_23881625_fk_wagtailco` FOREIGN KEY (`collection_id`) REFERENCES `wagtailcore_collection` (`id`),
  CONSTRAINT `wagtaildocs_document_uploaded_by_user_id_17258b41_fk_people_pe` FOREIGN KEY (`uploaded_by_user_id`) REFERENCES `people_people` (`id`)
) ENGINE=InnoDB AUTO_INCREMENT=3 DEFAULT CHARSET=latin1;
/*!40101 SET character_set_client = @saved_cs_client */;

--
-- Dumping data for table `wagtaildocs_document`
--

LOCK TABLES `wagtaildocs_document` WRITE;
/*!40000 ALTER TABLE `wagtaildocs_document` DISABLE KEYS */;
INSERT INTO `wagtaildocs_document` VALUES (1,'IVM_Natuur_en_Milieu_issue_3_2018_Interview_Tom_web.pdf','documents/IVM_Natuur_en_Milieu_issue_3_2018_Interview_Tom_web.pdf','2019-06-13 09:11:30.840111',NULL,1,2578235,'412a0955af5b493ed7f3022e599c8c8e6c956765'),(2,'Co2040_web_POSAD-Except.pdf','documents/Co2040_web_POSAD-Except.pdf','2019-06-13 09:11:37.194444',NULL,1,10610267,'d9d667e9e5f7490df6f69ee4e8cd88a7ad926606');
/*!40000 ALTER TABLE `wagtaildocs_document` ENABLE KEYS */;
UNLOCK TABLES;

--
-- Table structure for table `wagtailembeds_embed`
--

DROP TABLE IF EXISTS `wagtailembeds_embed`;
/*!40101 SET @saved_cs_client     = @@character_set_client */;
/*!40101 SET character_set_client = utf8 */;
CREATE TABLE `wagtailembeds_embed` (
  `id` int(11) NOT NULL AUTO_INCREMENT,
  `url` varchar(200) NOT NULL,
  `max_width` smallint(6) DEFAULT NULL,
  `type` varchar(10) NOT NULL,
  `html` longtext NOT NULL,
  `title` longtext NOT NULL,
  `author_name` longtext NOT NULL,
  `provider_name` longtext NOT NULL,
  `thumbnail_url` varchar(255) DEFAULT NULL,
  `width` int(11) DEFAULT NULL,
  `height` int(11) DEFAULT NULL,
  `last_updated` datetime(6) NOT NULL,
  PRIMARY KEY (`id`),
  UNIQUE KEY `wagtailembeds_embed_url_max_width_8a2922d8_uniq` (`url`,`max_width`)
) ENGINE=InnoDB DEFAULT CHARSET=latin1;
/*!40101 SET character_set_client = @saved_cs_client */;

--
-- Dumping data for table `wagtailembeds_embed`
--

LOCK TABLES `wagtailembeds_embed` WRITE;
/*!40000 ALTER TABLE `wagtailembeds_embed` DISABLE KEYS */;
/*!40000 ALTER TABLE `wagtailembeds_embed` ENABLE KEYS */;
UNLOCK TABLES;

--
-- Table structure for table `wagtailforms_formsubmission`
--

DROP TABLE IF EXISTS `wagtailforms_formsubmission`;
/*!40101 SET @saved_cs_client     = @@character_set_client */;
/*!40101 SET character_set_client = utf8 */;
CREATE TABLE `wagtailforms_formsubmission` (
  `id` int(11) NOT NULL AUTO_INCREMENT,
  `form_data` longtext NOT NULL,
  `submit_time` datetime(6) NOT NULL,
  `page_id` int(11) NOT NULL,
  PRIMARY KEY (`id`),
  KEY `wagtailforms_formsub_page_id_e48e93e7_fk_wagtailco` (`page_id`),
  CONSTRAINT `wagtailforms_formsub_page_id_e48e93e7_fk_wagtailco` FOREIGN KEY (`page_id`) REFERENCES `wagtailcore_page` (`id`)
) ENGINE=InnoDB DEFAULT CHARSET=latin1;
/*!40101 SET character_set_client = @saved_cs_client */;

--
-- Dumping data for table `wagtailforms_formsubmission`
--

LOCK TABLES `wagtailforms_formsubmission` WRITE;
/*!40000 ALTER TABLE `wagtailforms_formsubmission` DISABLE KEYS */;
/*!40000 ALTER TABLE `wagtailforms_formsubmission` ENABLE KEYS */;
UNLOCK TABLES;

--
-- Table structure for table `wagtailimages_image`
--

DROP TABLE IF EXISTS `wagtailimages_image`;
/*!40101 SET @saved_cs_client     = @@character_set_client */;
/*!40101 SET character_set_client = utf8 */;
CREATE TABLE `wagtailimages_image` (
  `id` int(11) NOT NULL AUTO_INCREMENT,
  `title` varchar(255) NOT NULL,
  `file` varchar(100) NOT NULL,
  `width` int(11) NOT NULL,
  `height` int(11) NOT NULL,
  `created_at` datetime(6) NOT NULL,
  `focal_point_x` int(10) unsigned DEFAULT NULL,
  `focal_point_y` int(10) unsigned DEFAULT NULL,
  `focal_point_width` int(10) unsigned DEFAULT NULL,
  `focal_point_height` int(10) unsigned DEFAULT NULL,
  `uploaded_by_user_id` int(11) DEFAULT NULL,
  `file_size` int(10) unsigned DEFAULT NULL,
  `collection_id` int(11) NOT NULL,
  `file_hash` varchar(40) NOT NULL,
  PRIMARY KEY (`id`),
  KEY `wagtailimages_image_uploaded_by_user_id_5d73dc75_fk_people_pe` (`uploaded_by_user_id`),
  KEY `wagtailimages_image_collection_id_c2f8af7e_fk_wagtailco` (`collection_id`),
  KEY `wagtailimages_image_created_at_86fa6cd4` (`created_at`),
  CONSTRAINT `wagtailimages_image_collection_id_c2f8af7e_fk_wagtailco` FOREIGN KEY (`collection_id`) REFERENCES `wagtailcore_collection` (`id`),
  CONSTRAINT `wagtailimages_image_uploaded_by_user_id_5d73dc75_fk_people_pe` FOREIGN KEY (`uploaded_by_user_id`) REFERENCES `people_people` (`id`)
) ENGINE=InnoDB AUTO_INCREMENT=29 DEFAULT CHARSET=latin1;
/*!40101 SET character_set_client = @saved_cs_client */;

--
-- Dumping data for table `wagtailimages_image`
--

LOCK TABLES `wagtailimages_image` WRITE;
/*!40000 ALTER TABLE `wagtailimages_image` DISABLE KEYS */;
INSERT INTO `wagtailimages_image` VALUES (1,'2.jpg','original_images/2_2rKXjZi.jpg',260,320,'2019-06-13 08:48:56.838010',NULL,NULL,NULL,NULL,NULL,15737,1,'39c01a91c0223c3d556074765bd41c474680fa9c'),(2,'hero-project.jpg','original_images/hero-project_dIhvCLM.jpg',1080,720,'2019-06-13 08:51:33.716908',NULL,NULL,NULL,NULL,NULL,314208,1,'41d8857eb62fc15077b619be3ea41c958e21415e'),(3,'hero-news.jpg','original_images/hero-news.jpg',2500,1404,'2019-06-13 08:55:06.363051',NULL,NULL,NULL,NULL,NULL,1176046,1,'31e0b7892a8a3ad4157af1e40e7cfe74620d88bf'),(4,'innovation-graphic.png','original_images/innovation-graphic_1FyJk3a.png',1588,996,'2019-06-13 09:08:03.349538',850,493,1214,853,NULL,91905,1,'2d2720edc8e93be1a37e15cefdf0b0930ffc81d2'),(5,'slice1.png','original_images/slice1.png',124,67,'2019-06-13 14:14:01.235266',NULL,NULL,NULL,NULL,NULL,7063,1,'17b51a8cad13a931140b52f63d70fed81e1819aa'),(6,'slice2.png','original_images/slice2.png',130,67,'2019-06-13 14:14:26.507877',NULL,NULL,NULL,NULL,NULL,6576,1,'40313262aa107236dc768e735f9472e6bfe270d9'),(7,'slice3.png','original_images/slice3.png',112,57,'2019-06-13 14:14:56.446369',NULL,NULL,NULL,NULL,NULL,4612,1,'b0d29b441d6e7ef0473e6e6dd8209838ce1b4a49'),(8,'slice4.png','original_images/slice4.png',112,112,'2019-06-13 14:15:27.355668',NULL,NULL,NULL,NULL,NULL,11502,1,'e8aa14a259256af580f36424b64e8fdbf7fdcd51'),(9,'slice5.png','original_images/slice5.png',98,88,'2019-06-13 14:16:03.630702',NULL,NULL,NULL,NULL,NULL,12775,1,'d35938dd9be84a3f0ddeddde0cc43b3153f559c7'),(10,'slice8.png','original_images/slice6.png',74,102,'2019-06-13 14:16:31.211058',NULL,NULL,NULL,NULL,NULL,16391,1,'d8065c3b90fc5e9760b2872199aaff9c3ff2e93b'),(11,'slice7.png','original_images/slice7.png',159,96,'2019-06-13 14:16:57.080566',NULL,NULL,NULL,NULL,NULL,6076,1,'2a045c39944dc31f58a3d004d2f6243b70fa89c1'),(12,'slice8.png','original_images/slice8.png',112,79,'2019-06-13 14:18:34.443833',NULL,NULL,NULL,NULL,NULL,5697,1,'e8768261d81efdd8a09a07da9ee5eda5a91856f6'),(13,'slice9.png','original_images/slice9.png',112,73,'2019-06-13 14:18:57.980064',NULL,NULL,NULL,NULL,NULL,9380,1,'0982495c327d4c0e5906af02acc86d7bcc4ddaf2'),(14,'slice10.png','original_images/slice10.png',82,112,'2019-06-13 14:19:21.817770',NULL,NULL,NULL,NULL,NULL,5803,1,'5b1e205f1066ae12abd466f679dbaa146ec7e529'),(15,'slice11.png','original_images/slice11_fRBCq7Z.png',124,65,'2019-06-13 14:19:58.962036',NULL,NULL,NULL,NULL,NULL,6362,1,'580847e8e2bc88826a828a7b2991306f0e88bc67'),(16,'slice12.png','original_images/slice12.png',118,99,'2019-06-13 15:42:49.847900',NULL,NULL,NULL,NULL,NULL,13202,1,'2d636b6dc14758027952e0a1d2261403c51a60e0'),(17,'slice13.png','original_images/slice13.png',121,45,'2019-06-13 15:43:19.256153',NULL,NULL,NULL,NULL,NULL,5931,1,'2a40afee9bf3d3e0e81e4f3fc09b22816514c75c'),(18,'slice14.png','original_images/slice14.png',106,45,'2019-06-13 15:43:48.831218',NULL,NULL,NULL,NULL,NULL,3917,1,'0001da727da8a675a2c1e01aac28aa0c42832498'),(19,'slice15.png','original_images/slice15.png',138,65,'2019-06-13 15:44:13.010904',NULL,NULL,NULL,NULL,NULL,3906,1,'95e606f0714603af69e6bf138bf3aefba0150d5e'),(20,'slice16.png','original_images/slice16.png',118,112,'2019-06-17 15:23:25.693820',NULL,NULL,NULL,NULL,NULL,20881,1,'7584e383edf73fb3b859881c4411b52ec7be5b09'),(21,'slice17.png','original_images/slice17.png',126,73,'2019-06-17 15:23:56.024968',NULL,NULL,NULL,NULL,NULL,5309,1,'bcff9b062c78f6f2371d2561ee332ac45ce16bf3'),(22,'slice18.png','original_images/slice18.png',118,45,'2019-06-17 15:24:26.055855',NULL,NULL,NULL,NULL,NULL,2226,1,'b553c93bb75136244e09945ff37771fba28478e5'),(23,'slice19.png','original_images/slice19.png',112,45,'2019-06-17 15:24:56.311960',NULL,NULL,NULL,NULL,NULL,5170,1,'0c06b0f210d30d78e5d45d4be48cf169fa80249f'),(24,'slice20.png','original_images/slice20.png',145,45,'2019-06-17 15:25:53.496643',NULL,NULL,NULL,NULL,NULL,5823,1,'47e6847b8d4d6ae313144dfc1f303a486594a160'),(25,'slice21.png','original_images/slice21.png',150,69,'2019-06-17 15:26:23.375749',NULL,NULL,NULL,NULL,NULL,5437,1,'3d973d776572f206435349844ff04d054e7ddb3a'),(26,'slice22.png','original_images/slice22.png',82,119,'2019-06-17 15:27:20.513714',NULL,NULL,NULL,NULL,NULL,11722,1,'eaf4c14d98c5ebd63f5cd73348bf42763867b62f'),(27,'slice23.png','original_images/slice23.png',106,132,'2019-06-17 15:27:42.934101',NULL,NULL,NULL,NULL,NULL,6569,1,'e8dd9c6471873913e2e3a2bbce5379dc7d3f4f18'),(28,'global-graphic.png','original_images/global-graphic_kdQht71.png',2481,1531,'2019-06-19 12:34:11.683825',NULL,NULL,NULL,NULL,NULL,682521,1,'2ce72f845473d2011f3b02c8a80d7bccb4377183');
/*!40000 ALTER TABLE `wagtailimages_image` ENABLE KEYS */;
UNLOCK TABLES;

--
-- Table structure for table `wagtailimages_rendition`
--

DROP TABLE IF EXISTS `wagtailimages_rendition`;
/*!40101 SET @saved_cs_client     = @@character_set_client */;
/*!40101 SET character_set_client = utf8 */;
CREATE TABLE `wagtailimages_rendition` (
  `id` int(11) NOT NULL AUTO_INCREMENT,
  `file` varchar(100) NOT NULL,
  `width` int(11) NOT NULL,
  `height` int(11) NOT NULL,
  `focal_point_key` varchar(16) NOT NULL,
  `filter_spec` varchar(255) NOT NULL,
  `image_id` int(11) NOT NULL,
  PRIMARY KEY (`id`),
  UNIQUE KEY `wagtailimages_rendition_image_id_filter_spec_foc_323c8fe0_uniq` (`image_id`,`filter_spec`,`focal_point_key`),
  KEY `wagtailimages_rendition_filter_spec_1cba3201` (`filter_spec`),
  CONSTRAINT `wagtailimages_rendit_image_id_3e1fd774_fk_wagtailim` FOREIGN KEY (`image_id`) REFERENCES `wagtailimages_image` (`id`)
) ENGINE=InnoDB AUTO_INCREMENT=46 DEFAULT CHARSET=latin1;
/*!40101 SET character_set_client = @saved_cs_client */;

--
-- Dumping data for table `wagtailimages_rendition`
--

LOCK TABLES `wagtailimages_rendition` WRITE;
/*!40000 ALTER TABLE `wagtailimages_rendition` DISABLE KEYS */;
INSERT INTO `wagtailimages_rendition` VALUES (1,'images/2_2rKXjZi.max-165x165.jpg',134,165,'','max-165x165',1),(2,'images/hero-project_dIhvCLM.max-165x165.jpg',165,110,'','max-165x165',2),(3,'images/2_2rKXjZi.width-1000.jpg',260,320,'','width-1000',1),(4,'images/hero-project_dIhvCLM.width-1000.jpg',1000,666,'','width-1000',2),(5,'images/2_2rKXjZi.original.jpg',260,320,'','original',1),(6,'images/2_2rKXjZi.max-800x600.jpg',260,320,'','max-800x600',1),(7,'images/hero-news.max-165x165.jpg',165,92,'','max-165x165',3),(8,'images/hero-news.width-1000.jpg',1000,561,'','width-1000',3),(9,'images/innovation-graphic_1FyJk3a.max-165x165.png',165,103,'','max-165x165',4),(10,'images/innovation-graphic_1FyJk3a.width-1000.png',1000,627,'','width-1000',4),(11,'images/innovation-graphic_1FyJk3a.original.png',1588,996,'','original',4),(12,'images/innovation-graphic_1FyJk3a.max-800x600.png',800,501,'','max-800x600',4),(13,'images/hero-project_dIhvCLM.width-500.jpg',500,333,'','width-500',2),(14,'images/hero-news.width-500.jpg',500,280,'','width-500',3),(15,'images/hero-project_dIhvCLM.width-100.jpg',100,66,'','width-100',2),(16,'images/hero-news.width-100.jpg',100,56,'','width-100',3),(17,'images/slice1.max-165x165.png',124,67,'','max-165x165',5),(18,'images/slice2.max-165x165.png',130,67,'','max-165x165',6),(19,'images/slice3.max-165x165.png',112,57,'','max-165x165',7),(20,'images/slice4.max-165x165.png',112,112,'','max-165x165',8),(21,'images/slice5.max-165x165.png',98,88,'','max-165x165',9),(22,'images/slice6.max-165x165.png',74,102,'','max-165x165',10),(23,'images/slice7.max-165x165.png',159,96,'','max-165x165',11),(24,'images/slice8.max-165x165.png',112,79,'','max-165x165',12),(25,'images/slice9.max-165x165.png',112,73,'','max-165x165',13),(26,'images/slice10.max-165x165.png',82,112,'','max-165x165',14),(27,'images/slice11_fRBCq7Z.max-165x165.png',124,65,'','max-165x165',15),(28,'images/slice12.max-165x165.png',118,99,'','max-165x165',16),(29,'images/slice13.max-165x165.png',121,45,'','max-165x165',17),(30,'images/slice14.max-165x165.png',106,45,'','max-165x165',18),(31,'images/slice15.max-165x165.png',138,65,'','max-165x165',19),(32,'images/slice16.max-165x165.png',118,112,'','max-165x165',20),(33,'images/slice17.max-165x165.png',126,73,'','max-165x165',21),(34,'images/slice18.max-165x165.png',118,45,'','max-165x165',22),(35,'images/slice19.max-165x165.png',112,45,'','max-165x165',23),(36,'images/slice20.max-165x165.png',145,45,'','max-165x165',24),(37,'images/slice21.max-165x165.png',150,69,'','max-165x165',25),(38,'images/slice22.max-165x165.png',82,119,'','max-165x165',26),(39,'images/slice23.max-165x165.png',106,132,'','max-165x165',27),(40,'images/slice23.original.png',106,132,'','original',27),(41,'images/slice23.max-800x600.png',106,132,'','max-800x600',27),(42,'images/global-graphic_kdQht71.max-165x165.png',165,101,'','max-165x165',28),(43,'images/global-graphic_kdQht71.width-1000.png',1000,617,'','width-1000',28),(44,'images/slice1.width-1000.png',124,67,'','width-1000',5),(45,'images/global-graphic_kdQht71.2e16d0ba.fill-600x600.png',600,600,'2e16d0ba','fill-600x600',28);
/*!40000 ALTER TABLE `wagtailimages_rendition` ENABLE KEYS */;
UNLOCK TABLES;

--
-- Table structure for table `wagtailmenus_flatmenu`
--

DROP TABLE IF EXISTS `wagtailmenus_flatmenu`;
/*!40101 SET @saved_cs_client     = @@character_set_client */;
/*!40101 SET character_set_client = utf8 */;
CREATE TABLE `wagtailmenus_flatmenu` (
  `id` int(11) NOT NULL AUTO_INCREMENT,
  `title` varchar(255) NOT NULL,
  `handle` varchar(100) NOT NULL,
  `heading` varchar(255) NOT NULL,
  `site_id` int(11) NOT NULL,
  `max_levels` smallint(5) unsigned NOT NULL,
  `use_specific` smallint(5) unsigned NOT NULL,
  PRIMARY KEY (`id`),
  UNIQUE KEY `wagtailmenus_flatmenu_site_id_handle_7b0cab3a_uniq` (`site_id`,`handle`),
  KEY `wagtailmenus_flatmenu_handle_fd420cad` (`handle`),
  CONSTRAINT `wagtailmenus_flatmenu_site_id_516a598d_fk_wagtailcore_site_id` FOREIGN KEY (`site_id`) REFERENCES `wagtailcore_site` (`id`)
) ENGINE=InnoDB DEFAULT CHARSET=latin1;
/*!40101 SET character_set_client = @saved_cs_client */;

--
-- Dumping data for table `wagtailmenus_flatmenu`
--

LOCK TABLES `wagtailmenus_flatmenu` WRITE;
/*!40000 ALTER TABLE `wagtailmenus_flatmenu` DISABLE KEYS */;
/*!40000 ALTER TABLE `wagtailmenus_flatmenu` ENABLE KEYS */;
UNLOCK TABLES;

--
-- Table structure for table `wagtailmenus_flatmenuitem`
--

DROP TABLE IF EXISTS `wagtailmenus_flatmenuitem`;
/*!40101 SET @saved_cs_client     = @@character_set_client */;
/*!40101 SET character_set_client = utf8 */;
CREATE TABLE `wagtailmenus_flatmenuitem` (
  `id` int(11) NOT NULL AUTO_INCREMENT,
  `sort_order` int(11) DEFAULT NULL,
  `link_text` varchar(255) NOT NULL,
  `link_url` varchar(255) DEFAULT NULL,
  `link_page_id` int(11) DEFAULT NULL,
  `menu_id` int(11) NOT NULL,
  `url_append` varchar(255) NOT NULL,
  `allow_subnav` tinyint(1) NOT NULL,
  `handle` varchar(100) NOT NULL,
  PRIMARY KEY (`id`),
  KEY `wagtailmenus_flatmenuitem_menu_id_757c39da` (`menu_id`),
  KEY `wagtailmenus_flatmen_link_page_id_36779c0f_fk_wagtailco` (`link_page_id`),
  CONSTRAINT `wagtailmenus_flatmen_link_page_id_36779c0f_fk_wagtailco` FOREIGN KEY (`link_page_id`) REFERENCES `wagtailcore_page` (`id`),
  CONSTRAINT `wagtailmenus_flatmen_menu_id_757c39da_fk_wagtailme` FOREIGN KEY (`menu_id`) REFERENCES `wagtailmenus_flatmenu` (`id`)
) ENGINE=InnoDB DEFAULT CHARSET=latin1;
/*!40101 SET character_set_client = @saved_cs_client */;

--
-- Dumping data for table `wagtailmenus_flatmenuitem`
--

LOCK TABLES `wagtailmenus_flatmenuitem` WRITE;
/*!40000 ALTER TABLE `wagtailmenus_flatmenuitem` DISABLE KEYS */;
/*!40000 ALTER TABLE `wagtailmenus_flatmenuitem` ENABLE KEYS */;
UNLOCK TABLES;

--
-- Table structure for table `wagtailmenus_mainmenu`
--

DROP TABLE IF EXISTS `wagtailmenus_mainmenu`;
/*!40101 SET @saved_cs_client     = @@character_set_client */;
/*!40101 SET character_set_client = utf8 */;
CREATE TABLE `wagtailmenus_mainmenu` (
  `id` int(11) NOT NULL AUTO_INCREMENT,
  `site_id` int(11) NOT NULL,
  `max_levels` smallint(5) unsigned NOT NULL,
  `use_specific` smallint(5) unsigned NOT NULL,
  PRIMARY KEY (`id`),
  UNIQUE KEY `site_id` (`site_id`),
  CONSTRAINT `wagtailmenus_mainmenu_site_id_84b0fde4_fk_wagtailcore_site_id` FOREIGN KEY (`site_id`) REFERENCES `wagtailcore_site` (`id`)
) ENGINE=InnoDB AUTO_INCREMENT=3 DEFAULT CHARSET=latin1;
/*!40101 SET character_set_client = @saved_cs_client */;

--
-- Dumping data for table `wagtailmenus_mainmenu`
--

LOCK TABLES `wagtailmenus_mainmenu` WRITE;
/*!40000 ALTER TABLE `wagtailmenus_mainmenu` DISABLE KEYS */;
INSERT INTO `wagtailmenus_mainmenu` VALUES (2,2,2,1);
/*!40000 ALTER TABLE `wagtailmenus_mainmenu` ENABLE KEYS */;
UNLOCK TABLES;

--
-- Table structure for table `wagtailmenus_mainmenuitem`
--

DROP TABLE IF EXISTS `wagtailmenus_mainmenuitem`;
/*!40101 SET @saved_cs_client     = @@character_set_client */;
/*!40101 SET character_set_client = utf8 */;
CREATE TABLE `wagtailmenus_mainmenuitem` (
  `id` int(11) NOT NULL AUTO_INCREMENT,
  `sort_order` int(11) DEFAULT NULL,
  `link_text` varchar(255) NOT NULL,
  `link_url` varchar(255) DEFAULT NULL,
  `link_page_id` int(11) DEFAULT NULL,
  `menu_id` int(11) NOT NULL,
  `allow_subnav` tinyint(1) NOT NULL,
  `url_append` varchar(255) NOT NULL,
  `handle` varchar(100) NOT NULL,
  PRIMARY KEY (`id`),
  KEY `wagtailmenus_mainmenuitem_menu_id_6505d4c4` (`menu_id`),
  KEY `wagtailmenus_mainmen_link_page_id_208a4a4d_fk_wagtailco` (`link_page_id`),
  CONSTRAINT `wagtailmenus_mainmen_link_page_id_208a4a4d_fk_wagtailco` FOREIGN KEY (`link_page_id`) REFERENCES `wagtailcore_page` (`id`),
  CONSTRAINT `wagtailmenus_mainmen_menu_id_6505d4c4_fk_wagtailme` FOREIGN KEY (`menu_id`) REFERENCES `wagtailmenus_mainmenu` (`id`)
) ENGINE=InnoDB AUTO_INCREMENT=12 DEFAULT CHARSET=latin1;
/*!40101 SET character_set_client = @saved_cs_client */;

--
-- Dumping data for table `wagtailmenus_mainmenuitem`
--

LOCK TABLES `wagtailmenus_mainmenuitem` WRITE;
/*!40000 ALTER TABLE `wagtailmenus_mainmenuitem` DISABLE KEYS */;
INSERT INTO `wagtailmenus_mainmenuitem` VALUES (8,0,'',NULL,6,2,0,'',''),(9,1,'',NULL,7,2,1,'',''),(10,2,'',NULL,34,2,0,'',''),(11,3,'',NULL,12,2,1,'','');
/*!40000 ALTER TABLE `wagtailmenus_mainmenuitem` ENABLE KEYS */;
UNLOCK TABLES;

--
-- Table structure for table `wagtailredirects_redirect`
--

DROP TABLE IF EXISTS `wagtailredirects_redirect`;
/*!40101 SET @saved_cs_client     = @@character_set_client */;
/*!40101 SET character_set_client = utf8 */;
CREATE TABLE `wagtailredirects_redirect` (
  `id` int(11) NOT NULL AUTO_INCREMENT,
  `old_path` varchar(255) NOT NULL,
  `is_permanent` tinyint(1) NOT NULL,
  `redirect_link` varchar(255) NOT NULL,
  `redirect_page_id` int(11) DEFAULT NULL,
  `site_id` int(11) DEFAULT NULL,
  PRIMARY KEY (`id`),
  UNIQUE KEY `wagtailredirects_redirect_old_path_site_id_783622d7_uniq` (`old_path`,`site_id`),
  KEY `wagtailredirects_redirect_old_path_bb35247b` (`old_path`),
  KEY `wagtailredirects_red_redirect_page_id_b5728a8f_fk_wagtailco` (`redirect_page_id`),
  KEY `wagtailredirects_red_site_id_780a0e1e_fk_wagtailco` (`site_id`),
  CONSTRAINT `wagtailredirects_red_redirect_page_id_b5728a8f_fk_wagtailco` FOREIGN KEY (`redirect_page_id`) REFERENCES `wagtailcore_page` (`id`),
  CONSTRAINT `wagtailredirects_red_site_id_780a0e1e_fk_wagtailco` FOREIGN KEY (`site_id`) REFERENCES `wagtailcore_site` (`id`)
) ENGINE=InnoDB DEFAULT CHARSET=latin1;
/*!40101 SET character_set_client = @saved_cs_client */;

--
-- Dumping data for table `wagtailredirects_redirect`
--

LOCK TABLES `wagtailredirects_redirect` WRITE;
/*!40000 ALTER TABLE `wagtailredirects_redirect` DISABLE KEYS */;
/*!40000 ALTER TABLE `wagtailredirects_redirect` ENABLE KEYS */;
UNLOCK TABLES;

--
-- Table structure for table `wagtailsearch_editorspick`
--

DROP TABLE IF EXISTS `wagtailsearch_editorspick`;
/*!40101 SET @saved_cs_client     = @@character_set_client */;
/*!40101 SET character_set_client = utf8 */;
CREATE TABLE `wagtailsearch_editorspick` (
  `id` int(11) NOT NULL AUTO_INCREMENT,
  `sort_order` int(11) DEFAULT NULL,
  `description` longtext NOT NULL,
  `page_id` int(11) NOT NULL,
  `query_id` int(11) NOT NULL,
  PRIMARY KEY (`id`),
  KEY `wagtailsearch_editor_query_id_c6eee4a0_fk_wagtailse` (`query_id`),
  KEY `wagtailsearch_editor_page_id_28cbc274_fk_wagtailco` (`page_id`),
  CONSTRAINT `wagtailsearch_editor_page_id_28cbc274_fk_wagtailco` FOREIGN KEY (`page_id`) REFERENCES `wagtailcore_page` (`id`),
  CONSTRAINT `wagtailsearch_editor_query_id_c6eee4a0_fk_wagtailse` FOREIGN KEY (`query_id`) REFERENCES `wagtailsearch_query` (`id`)
) ENGINE=InnoDB DEFAULT CHARSET=latin1;
/*!40101 SET character_set_client = @saved_cs_client */;

--
-- Dumping data for table `wagtailsearch_editorspick`
--

LOCK TABLES `wagtailsearch_editorspick` WRITE;
/*!40000 ALTER TABLE `wagtailsearch_editorspick` DISABLE KEYS */;
/*!40000 ALTER TABLE `wagtailsearch_editorspick` ENABLE KEYS */;
UNLOCK TABLES;

--
-- Table structure for table `wagtailsearch_query`
--

DROP TABLE IF EXISTS `wagtailsearch_query`;
/*!40101 SET @saved_cs_client     = @@character_set_client */;
/*!40101 SET character_set_client = utf8 */;
CREATE TABLE `wagtailsearch_query` (
  `id` int(11) NOT NULL AUTO_INCREMENT,
  `query_string` varchar(255) NOT NULL,
  PRIMARY KEY (`id`),
  UNIQUE KEY `query_string` (`query_string`)
) ENGINE=InnoDB DEFAULT CHARSET=latin1;
/*!40101 SET character_set_client = @saved_cs_client */;

--
-- Dumping data for table `wagtailsearch_query`
--

LOCK TABLES `wagtailsearch_query` WRITE;
/*!40000 ALTER TABLE `wagtailsearch_query` DISABLE KEYS */;
/*!40000 ALTER TABLE `wagtailsearch_query` ENABLE KEYS */;
UNLOCK TABLES;

--
-- Table structure for table `wagtailsearch_querydailyhits`
--

DROP TABLE IF EXISTS `wagtailsearch_querydailyhits`;
/*!40101 SET @saved_cs_client     = @@character_set_client */;
/*!40101 SET character_set_client = utf8 */;
CREATE TABLE `wagtailsearch_querydailyhits` (
  `id` int(11) NOT NULL AUTO_INCREMENT,
  `date` date NOT NULL,
  `hits` int(11) NOT NULL,
  `query_id` int(11) NOT NULL,
  PRIMARY KEY (`id`),
  UNIQUE KEY `wagtailsearch_querydailyhits_query_id_date_1dd232e6_uniq` (`query_id`,`date`),
  CONSTRAINT `wagtailsearch_queryd_query_id_2185994b_fk_wagtailse` FOREIGN KEY (`query_id`) REFERENCES `wagtailsearch_query` (`id`)
) ENGINE=InnoDB DEFAULT CHARSET=latin1;
/*!40101 SET character_set_client = @saved_cs_client */;

--
-- Dumping data for table `wagtailsearch_querydailyhits`
--

LOCK TABLES `wagtailsearch_querydailyhits` WRITE;
/*!40000 ALTER TABLE `wagtailsearch_querydailyhits` DISABLE KEYS */;
/*!40000 ALTER TABLE `wagtailsearch_querydailyhits` ENABLE KEYS */;
UNLOCK TABLES;

--
-- Table structure for table `wagtailusers_userprofile`
--

DROP TABLE IF EXISTS `wagtailusers_userprofile`;
/*!40101 SET @saved_cs_client     = @@character_set_client */;
/*!40101 SET character_set_client = utf8 */;
CREATE TABLE `wagtailusers_userprofile` (
  `id` int(11) NOT NULL AUTO_INCREMENT,
  `submitted_notifications` tinyint(1) NOT NULL,
  `approved_notifications` tinyint(1) NOT NULL,
  `rejected_notifications` tinyint(1) NOT NULL,
  `user_id` int(11) NOT NULL,
  `preferred_language` varchar(10) NOT NULL,
  `current_time_zone` varchar(40) NOT NULL,
  `avatar` varchar(100) NOT NULL,
  PRIMARY KEY (`id`),
  UNIQUE KEY `user_id` (`user_id`),
  CONSTRAINT `wagtailusers_userprofile_user_id_59c92331_fk_people_people_id` FOREIGN KEY (`user_id`) REFERENCES `people_people` (`id`)
) ENGINE=InnoDB AUTO_INCREMENT=2 DEFAULT CHARSET=latin1;
/*!40101 SET character_set_client = @saved_cs_client */;

--
-- Dumping data for table `wagtailusers_userprofile`
--

LOCK TABLES `wagtailusers_userprofile` WRITE;
/*!40000 ALTER TABLE `wagtailusers_userprofile` DISABLE KEYS */;
INSERT INTO `wagtailusers_userprofile` VALUES (1,1,1,1,2,'en','','');
/*!40000 ALTER TABLE `wagtailusers_userprofile` ENABLE KEYS */;
UNLOCK TABLES;
/*!40103 SET TIME_ZONE=@OLD_TIME_ZONE */;

/*!40101 SET SQL_MODE=@OLD_SQL_MODE */;
/*!40014 SET FOREIGN_KEY_CHECKS=@OLD_FOREIGN_KEY_CHECKS */;
/*!40014 SET UNIQUE_CHECKS=@OLD_UNIQUE_CHECKS */;
/*!40101 SET CHARACTER_SET_CLIENT=@OLD_CHARACTER_SET_CLIENT */;
/*!40101 SET CHARACTER_SET_RESULTS=@OLD_CHARACTER_SET_RESULTS */;
/*!40101 SET COLLATION_CONNECTION=@OLD_COLLATION_CONNECTION */;
/*!40111 SET SQL_NOTES=@OLD_SQL_NOTES */;

-- Dump completed on 2019-07-10 13:36:22
